[Sun May 31 17:56:43 EDT 2026] Waiting for existing Quartus to finish...
[Sun May 31 17:56:44 EDT 2026] Starting compile
Info: *******************************************************************
Info: Running Quartus Prime Shell
    Info: Version 17.0.2 Build 602 07/19/2017 SJ Lite Edition
    Info: Copyright (C) 2017  Intel Corporation. All rights reserved.
    Info: Your use of Intel Corporation's design tools, logic functions 
    Info: and other software and tools, and its AMPP partner logic 
    Info: functions, and any output files from any of the foregoing 
    Info: (including device programming or simulation files), and any 
    Info: associated documentation or information are expressly subject 
    Info: to the terms and conditions of the Intel Program License 
    Info: Subscription Agreement, the Intel Quartus Prime License Agreement,
    Info: the Intel MegaCore Function License Agreement, or other 
    Info: applicable license agreement, including, without limitation, 
    Info: that your use is for the sole purpose of programming logic 
    Info: devices manufactured by Intel and sold by Intel or its 
    Info: authorized distributors.  Please refer to the applicable 
    Info: agreement for further details.
    Info: Processing started: Sun May 31 17:56:44 2026
Info: Command: quartus_sh --flow compile LBMacTwo
Info: Quartus(args): compile LBMacTwo
Info: Project Name = C:/Temp/mistercore/lbmactwo_MiSTer/LBMacTwo
Info: Revision Name = LBMacTwo
Info (293032): Detected changes in source files.
    Info (293027): Source file: C:/Temp/mistercore/lbmactwo_MiSTer/rtl/mc68881/vhdl/mc68881_top.vhd has changed.
Info (293032): Detected changes in source files.
    Info (293027): Source file: C:/Temp/mistercore/lbmactwo_MiSTer/rtl/mc68881/vhdl/mc68881_top.vhd has changed.
Info (293032): Detected changes in source files.
    Info (293027): Source file: C:/Temp/mistercore/lbmactwo_MiSTer/rtl/mc68881/vhdl/mc68881_top.vhd has changed.
Info: *******************************************************************
Info: Running Quartus Prime Shell
    Info: Version 17.0.2 Build 602 07/19/2017 SJ Lite Edition
    Info: Processing started: Sun May 31 17:56:46 2026
Info: Command: quartus_sh -t sys/build_id.tcl compile LBMacTwo LBMacTwo
Info: Quartus(args): compile LBMacTwo LBMacTwo
Info (23030): Evaluation of Tcl script sys/build_id.tcl was successful
Info: Quartus Prime Shell was successful. 0 errors, 0 warnings
    Info: Peak virtual memory: 4777 megabytes
    Info: Processing ended: Sun May 31 17:56:46 2026
    Info: Elapsed time: 00:00:00
    Info: Total CPU time (on all processors): 00:00:01
Info: *******************************************************************
Info: Running Quartus Prime Analysis & Synthesis
    Info: Version 17.0.2 Build 602 07/19/2017 SJ Lite Edition
    Info: Processing started: Sun May 31 17:56:47 2026
Info: Command: quartus_map --read_settings_files=on --write_settings_files=off LBMacTwo -c LBMacTwo
Info (20030): Parallel compilation is enabled and will use 12 of the 12 processors detected
Info (12021): Found 1 design units, including 1 entities, in source file rtl/pll.v
    Info (12023): Found entity 1: pll File: C:/Temp/mistercore/lbmactwo_MiSTer/rtl/pll.v Line: 8
Info (12021): Found 1 design units, including 1 entities, in source file rtl/pll/pll_0002.v
    Info (12023): Found entity 1: pll_0002 File: C:/Temp/mistercore/lbmactwo_MiSTer/rtl/pll/pll_0002.v Line: 2
Info (12021): Found 1 design units, including 1 entities, in source file sys/pll_hdmi.v
    Info (12023): Found entity 1: pll_hdmi File: C:/Temp/mistercore/lbmactwo_MiSTer/sys/pll_hdmi.v Line: 8
Info (12021): Found 1 design units, including 1 entities, in source file sys/pll_hdmi/pll_hdmi_0002.v
    Info (12023): Found entity 1: pll_hdmi_0002 File: C:/Temp/mistercore/lbmactwo_MiSTer/sys/pll_hdmi/pll_hdmi_0002.v Line: 2
Info (12021): Found 1 design units, including 1 entities, in source file sys/pll_audio.v
    Info (12023): Found entity 1: pll_audio File: C:/Temp/mistercore/lbmactwo_MiSTer/sys/pll_audio.v Line: 8
Info (12021): Found 1 design units, including 1 entities, in source file sys/pll_audio/pll_audio_0002.v
    Info (12023): Found entity 1: pll_audio_0002 File: C:/Temp/mistercore/lbmactwo_MiSTer/sys/pll_audio/pll_audio_0002.v Line: 2
Info (12021): Found 1 design units, including 1 entities, in source file sys/pll_cfg/pll_cfg.v
    Info (12023): Found entity 1: pll_cfg File: C:/Temp/mistercore/lbmactwo_MiSTer/sys/pll_cfg/pll_cfg.v Line: 8
Info (12021): Found 1 design units, including 1 entities, in source file sys/pll_cfg/pll_cfg_hdmi.v
    Info (12023): Found entity 1: pll_cfg_hdmi File: C:/Temp/mistercore/lbmactwo_MiSTer/sys/pll_cfg/pll_cfg_hdmi.v Line: 16
Info (12021): Found 1 design units, including 1 entities, in source file sys/pll_cfg/altera_pll_reconfig_top.v
    Info (12023): Found entity 1: altera_pll_reconfig_top File: C:/Temp/mistercore/lbmactwo_MiSTer/sys/pll_cfg/altera_pll_reconfig_top.v Line: 16
Info (12021): Found 3 design units, including 3 entities, in source file sys/sys_top.v
    Info (12023): Found entity 1: sys_top File: C:/Temp/mistercore/lbmactwo_MiSTer/sys/sys_top.v Line: 22
    Info (12023): Found entity 2: sync_fix File: C:/Temp/mistercore/lbmactwo_MiSTer/sys/sys_top.v Line: 1870
    Info (12023): Found entity 3: csync File: C:/Temp/mistercore/lbmactwo_MiSTer/sys/sys_top.v Line: 1902
Info (12021): Found 2 design units, including 1 entities, in source file sys/ascal.vhd
    Info (12022): Found design unit 1: ascal-rtl File: C:/Temp/mistercore/lbmactwo_MiSTer/sys/ascal.vhd Line: 269
    Info (12023): Found entity 1: ascal File: C:/Temp/mistercore/lbmactwo_MiSTer/sys/ascal.vhd Line: 114
Info (12021): Found 2 design units, including 1 entities, in source file sys/pll_hdmi_adj.vhd
    Info (12022): Found design unit 1: pll_hdmi_adj-rtl File: C:/Temp/mistercore/lbmactwo_MiSTer/sys/pll_hdmi_adj.vhd Line: 53
    Info (12023): Found entity 1: pll_hdmi_adj File: C:/Temp/mistercore/lbmactwo_MiSTer/sys/pll_hdmi_adj.vhd Line: 21
Info (12021): Found 3 design units, including 3 entities, in source file sys/math.sv
    Info (12023): Found entity 1: sys_udiv File: C:/Temp/mistercore/lbmactwo_MiSTer/sys/math.sv Line: 3
    Info (12023): Found entity 2: sys_umul File: C:/Temp/mistercore/lbmactwo_MiSTer/sys/math.sv Line: 46
    Info (12023): Found entity 3: sys_umuldiv File: C:/Temp/mistercore/lbmactwo_MiSTer/sys/math.sv Line: 85
Info (12021): Found 5 design units, including 5 entities, in source file sys/hq2x.sv
    Info (12023): Found entity 1: Hq2x File: C:/Temp/mistercore/lbmactwo_MiSTer/sys/hq2x.sv Line: 13
    Info (12023): Found entity 2: hq2x_in File: C:/Temp/mistercore/lbmactwo_MiSTer/sys/hq2x.sv Line: 226
    Info (12023): Found entity 3: hq2x_buf File: C:/Temp/mistercore/lbmactwo_MiSTer/sys/hq2x.sv Line: 250
    Info (12023): Found entity 4: DiffCheck File: C:/Temp/mistercore/lbmactwo_MiSTer/sys/hq2x.sv Line: 271
    Info (12023): Found entity 5: Blend File: C:/Temp/mistercore/lbmactwo_MiSTer/sys/hq2x.sv Line: 298
Info (12021): Found 1 design units, including 1 entities, in source file sys/scandoubler.v
    Info (12023): Found entity 1: scandoubler File: C:/Temp/mistercore/lbmactwo_MiSTer/sys/scandoubler.v Line: 22
Info (12021): Found 1 design units, including 1 entities, in source file sys/scanlines.v
    Info (12023): Found entity 1: scanlines File: C:/Temp/mistercore/lbmactwo_MiSTer/sys/scanlines.v Line: 1
Info (12021): Found 1 design units, including 1 entities, in source file sys/shadowmask.sv
    Info (12023): Found entity 1: shadowmask File: C:/Temp/mistercore/lbmactwo_MiSTer/sys/shadowmask.sv Line: 1
Info (12021): Found 2 design units, including 2 entities, in source file sys/video_cleaner.sv
    Info (12023): Found entity 1: video_cleaner File: C:/Temp/mistercore/lbmactwo_MiSTer/sys/video_cleaner.sv Line: 12
    Info (12023): Found entity 2: s_fix File: C:/Temp/mistercore/lbmactwo_MiSTer/sys/video_cleaner.sv Line: 81
Info (12021): Found 2 design units, including 2 entities, in source file sys/gamma_corr.sv
    Info (12023): Found entity 1: gamma_corr File: C:/Temp/mistercore/lbmactwo_MiSTer/sys/gamma_corr.sv Line: 1
    Info (12023): Found entity 2: gamma_fast File: C:/Temp/mistercore/lbmactwo_MiSTer/sys/gamma_corr.sv Line: 62
Info (12021): Found 1 design units, including 1 entities, in source file sys/video_mixer.sv
    Info (12023): Found entity 1: video_mixer File: C:/Temp/mistercore/lbmactwo_MiSTer/sys/video_mixer.sv Line: 19
Info (12021): Found 2 design units, including 2 entities, in source file sys/video_freak.sv
    Info (12023): Found entity 1: video_freak File: C:/Temp/mistercore/lbmactwo_MiSTer/sys/video_freak.sv Line: 16
    Info (12023): Found entity 2: video_scale_int File: C:/Temp/mistercore/lbmactwo_MiSTer/sys/video_freak.sv Line: 141
Info (12021): Found 2 design units, including 2 entities, in source file sys/video_freezer.sv
    Info (12023): Found entity 1: video_freezer File: C:/Temp/mistercore/lbmactwo_MiSTer/sys/video_freezer.sv Line: 21
    Info (12023): Found entity 2: sync_lock File: C:/Temp/mistercore/lbmactwo_MiSTer/sys/video_freezer.sv Line: 80
Info (12021): Found 2 design units, including 2 entities, in source file sys/arcade_video.v
    Info (12023): Found entity 1: arcade_video File: C:/Temp/mistercore/lbmactwo_MiSTer/sys/arcade_video.v Line: 29
    Info (12023): Found entity 2: screen_rotate File: C:/Temp/mistercore/lbmactwo_MiSTer/sys/arcade_video.v Line: 168
Info (12021): Found 1 design units, including 1 entities, in source file sys/osd.v
    Info (12023): Found entity 1: osd File: C:/Temp/mistercore/lbmactwo_MiSTer/sys/osd.v Line: 4
Info (12021): Found 1 design units, including 1 entities, in source file sys/vga_out.sv
    Info (12023): Found entity 1: vga_out File: C:/Temp/mistercore/lbmactwo_MiSTer/sys/vga_out.sv Line: 2
Info (12021): Found 1 design units, including 1 entities, in source file sys/yc_out.sv
    Info (12023): Found entity 1: yc_out File: C:/Temp/mistercore/lbmactwo_MiSTer/sys/yc_out.sv Line: 28
Info (12021): Found 1 design units, including 1 entities, in source file sys/i2c.v
    Info (12023): Found entity 1: i2c File: C:/Temp/mistercore/lbmactwo_MiSTer/sys/i2c.v Line: 2
Info (12021): Found 1 design units, including 1 entities, in source file sys/alsa.sv
    Info (12023): Found entity 1: alsa File: C:/Temp/mistercore/lbmactwo_MiSTer/sys/alsa.sv Line: 22
Info (12021): Found 1 design units, including 1 entities, in source file sys/i2s.v
    Info (12023): Found entity 1: i2s File: C:/Temp/mistercore/lbmactwo_MiSTer/sys/i2s.v Line: 2
Info (12021): Found 1 design units, including 1 entities, in source file sys/spdif.v
    Info (12023): Found entity 1: spdif File: C:/Temp/mistercore/lbmactwo_MiSTer/sys/spdif.v Line: 33
Info (12021): Found 2 design units, including 2 entities, in source file sys/audio_out.v
    Info (12023): Found entity 1: audio_out File: C:/Temp/mistercore/lbmactwo_MiSTer/sys/audio_out.v Line: 2
    Info (12023): Found entity 2: aud_mix_top File: C:/Temp/mistercore/lbmactwo_MiSTer/sys/audio_out.v Line: 258
Info (12021): Found 3 design units, including 3 entities, in source file sys/iir_filter.v
    Info (12023): Found entity 1: IIR_filter File: C:/Temp/mistercore/lbmactwo_MiSTer/sys/iir_filter.v Line: 22
    Info (12023): Found entity 2: iir_filter_tap File: C:/Temp/mistercore/lbmactwo_MiSTer/sys/iir_filter.v Line: 148
    Info (12023): Found entity 3: DC_blocker File: C:/Temp/mistercore/lbmactwo_MiSTer/sys/iir_filter.v Line: 189
Info (12021): Found 2 design units, including 2 entities, in source file sys/ltc2308.sv
    Info (12023): Found entity 1: ltc2308 File: C:/Temp/mistercore/lbmactwo_MiSTer/sys/ltc2308.sv Line: 28
    Info (12023): Found entity 2: ltc2308_tape File: C:/Temp/mistercore/lbmactwo_MiSTer/sys/ltc2308.sv Line: 105
Info (12021): Found 1 design units, including 1 entities, in source file sys/sigma_delta_dac.v
    Info (12023): Found entity 1: sigma_delta_dac File: C:/Temp/mistercore/lbmactwo_MiSTer/sys/sigma_delta_dac.v Line: 6
Info (12021): Found 1 design units, including 1 entities, in source file sys/mt32pi.sv
    Info (12023): Found entity 1: mt32pi File: C:/Temp/mistercore/lbmactwo_MiSTer/sys/mt32pi.sv Line: 8
Info (12021): Found 1 design units, including 1 entities, in source file sys/mcp23009.sv
    Info (12023): Found entity 1: mcp23009 File: C:/Temp/mistercore/lbmactwo_MiSTer/sys/mcp23009.sv Line: 5
Info (12021): Found 1 design units, including 1 entities, in source file sys/f2sdram_safe_terminator.sv
    Info (12023): Found entity 1: f2sdram_safe_terminator File: C:/Temp/mistercore/lbmactwo_MiSTer/sys/f2sdram_safe_terminator.sv Line: 55
Info (12021): Found 1 design units, including 1 entities, in source file sys/ddr_svc.sv
    Info (12023): Found entity 1: ddr_svc File: C:/Temp/mistercore/lbmactwo_MiSTer/sys/ddr_svc.sv Line: 23
Info (12021): Found 2 design units, including 2 entities, in source file sys/sysmem.sv
    Info (12023): Found entity 1: sysmem_lite File: C:/Temp/mistercore/lbmactwo_MiSTer/sys/sysmem.sv Line: 2
    Info (12023): Found entity 2: sysmem_HPS_fpga_interfaces File: C:/Temp/mistercore/lbmactwo_MiSTer/sys/sysmem.sv Line: 241
Info (12021): Found 1 design units, including 1 entities, in source file sys/sd_card.sv
    Info (12023): Found entity 1: sd_card File: C:/Temp/mistercore/lbmactwo_MiSTer/sys/sd_card.sv Line: 28
Info (12021): Found 4 design units, including 4 entities, in source file sys/hps_io.sv
    Info (12023): Found entity 1: hps_io File: C:/Temp/mistercore/lbmactwo_MiSTer/sys/hps_io.sv Line: 30
    Info (12023): Found entity 2: ps2_device File: C:/Temp/mistercore/lbmactwo_MiSTer/sys/hps_io.sv Line: 716
    Info (12023): Found entity 3: video_calc File: C:/Temp/mistercore/lbmactwo_MiSTer/sys/hps_io.sv Line: 859
    Info (12023): Found entity 4: confstr_rom File: C:/Temp/mistercore/lbmactwo_MiSTer/sys/hps_io.sv Line: 1027
Info (12021): Found 2 design units, including 1 entities, in source file rtl/tg68k/tg68k_alu.vhd
    Info (12022): Found design unit 1: TG68K_ALU-logic File: C:/Temp/mistercore/lbmactwo_MiSTer/rtl/tg68k/TG68K_ALU.vhd Line: 80
    Info (12023): Found entity 1: TG68K_ALU File: C:/Temp/mistercore/lbmactwo_MiSTer/rtl/tg68k/TG68K_ALU.vhd Line: 30
Info (12021): Found 1 design units, including 0 entities, in source file rtl/tg68k/tg68k_pack.vhd
    Info (12022): Found design unit 1: TG68K_Pack File: C:/Temp/mistercore/lbmactwo_MiSTer/rtl/tg68k/TG68K_Pack.vhd Line: 26
Info (12021): Found 2 design units, including 1 entities, in source file rtl/tg68k/tg68kdotc_kernel.vhd
    Info (12022): Found design unit 1: TG68KdotC_Kernel-logic File: C:/Temp/mistercore/lbmactwo_MiSTer/rtl/tg68k/TG68KdotC_Kernel.vhd Line: 149
    Info (12023): Found entity 1: TG68KdotC_Kernel File: C:/Temp/mistercore/lbmactwo_MiSTer/rtl/tg68k/TG68KdotC_Kernel.vhd Line: 107
Info (12021): Found 1 design units, including 1 entities, in source file rtl/tg68k/tg68k.v
    Info (12023): Found entity 1: tg68k File: C:/Temp/mistercore/lbmactwo_MiSTer/rtl/tg68k/tg68k.v Line: 5
Info (12021): Found 1 design units, including 1 entities, in source file rtl/sdram.v
    Info (12023): Found entity 1: sdram File: C:/Temp/mistercore/lbmactwo_MiSTer/rtl/sdram.v Line: 22
Info (12021): Found 1 design units, including 1 entities, in source file rtl/sdram_arbiter.v
    Info (12023): Found entity 1: sdram_arbiter File: C:/Temp/mistercore/lbmactwo_MiSTer/rtl/sdram_arbiter.v Line: 10
Info (12021): Found 3 design units, including 3 entities, in source file rtl/scsi.v
    Info (12023): Found entity 1: scsi File: C:/Temp/mistercore/lbmactwo_MiSTer/rtl/scsi.v Line: 6
    Info (12023): Found entity 2: scsi_empty_cd File: C:/Temp/mistercore/lbmactwo_MiSTer/rtl/scsi.v Line: 814
    Info (12023): Found entity 3: scsi_dpram File: C:/Temp/mistercore/lbmactwo_MiSTer/rtl/scsi.v Line: 1065
Info (12021): Found 1 design units, including 1 entities, in source file rtl/ncr5380.sv
    Info (12023): Found entity 1: ncr5380 File: C:/Temp/mistercore/lbmactwo_MiSTer/rtl/ncr5380.sv Line: 45
Info (12021): Found 1 design units, including 1 entities, in source file rtl/floppy_track_encoder.v
    Info (12023): Found entity 1: floppy_track_encoder File: C:/Temp/mistercore/lbmactwo_MiSTer/rtl/floppy_track_encoder.v Line: 12
Info (12021): Found 1 design units, including 1 entities, in source file rtl/floppy.v
    Info (12023): Found entity 1: floppy File: C:/Temp/mistercore/lbmactwo_MiSTer/rtl/floppy.v Line: 61
Info (12021): Found 1 design units, including 1 entities, in source file rtl/ps2_kbd.sv
    Info (12023): Found entity 1: ps2_kbd File: C:/Temp/mistercore/lbmactwo_MiSTer/rtl/ps2_kbd.sv Line: 6
Info (12021): Found 1 design units, including 1 entities, in source file rtl/adb.sv
    Info (12023): Found entity 1: adb File: C:/Temp/mistercore/lbmactwo_MiSTer/rtl/adb.sv Line: 16
Info (12021): Found 1 design units, including 1 entities, in source file rtl/ps2_mouse.v
    Info (12023): Found entity 1: ps2_mouse File: C:/Temp/mistercore/lbmactwo_MiSTer/rtl/ps2_mouse.v Line: 14
Warning (10885): Verilog HDL Attribute warning at scc.v(113): synthesis attribute "keep" with value "1" has no object and is ignored File: C:/Temp/mistercore/lbmactwo_MiSTer/rtl/scc.v Line: 113
Info (12021): Found 1 design units, including 1 entities, in source file rtl/scc.v
    Info (12023): Found entity 1: scc File: C:/Temp/mistercore/lbmactwo_MiSTer/rtl/scc.v Line: 18
Info (12021): Found 1 design units, including 1 entities, in source file rtl/uart/rxuart.v
    Info (12023): Found entity 1: rxuart File: C:/Temp/mistercore/lbmactwo_MiSTer/rtl/uart/rxuart.v Line: 120
Info (12021): Found 1 design units, including 1 entities, in source file rtl/uart/txuart.v
    Info (12023): Found entity 1: txuart File: C:/Temp/mistercore/lbmactwo_MiSTer/rtl/uart/txuart.v Line: 99
Info (12021): Found 1 design units, including 1 entities, in source file rtl/iwm.v
    Info (12023): Found entity 1: iwm File: C:/Temp/mistercore/lbmactwo_MiSTer/rtl/iwm.v Line: 39
Info (12021): Found 1 design units, including 1 entities, in source file rtl/via6522.sv
    Info (12023): Found entity 1: via6522 File: C:/Temp/mistercore/lbmactwo_MiSTer/rtl/via6522.sv Line: 16
Info (12021): Found 1 design units, including 1 entities, in source file rtl/addrdecoder.v
    Info (12023): Found entity 1: addrDecoder File: C:/Temp/mistercore/lbmactwo_MiSTer/rtl/addrDecoder.v Line: 98
Info (12021): Found 1 design units, including 1 entities, in source file rtl/addrcontroller_top.v
    Info (12023): Found entity 1: addrController_top File: C:/Temp/mistercore/lbmactwo_MiSTer/rtl/addrController_top.v Line: 1
Info (12021): Found 1 design units, including 1 entities, in source file rtl/hmmu.v
    Info (12023): Found entity 1: hmmu File: C:/Temp/mistercore/lbmactwo_MiSTer/rtl/hmmu.v Line: 24
Info (12021): Found 1 design units, including 1 entities, in source file rtl/datacontroller_top.sv
    Info (12023): Found entity 1: dataController_top File: C:/Temp/mistercore/lbmactwo_MiSTer/rtl/dataController_top.sv Line: 1
Info (12021): Found 1 design units, including 1 entities, in source file rtl/videotimer.v
    Info (12023): Found entity 1: videoTimer File: C:/Temp/mistercore/lbmactwo_MiSTer/rtl/videoTimer.v Line: 2
Info (12021): Found 1 design units, including 1 entities, in source file rtl/videoshifter.v
    Info (12023): Found entity 1: videoShifter File: C:/Temp/mistercore/lbmactwo_MiSTer/rtl/videoShifter.v Line: 1
Info (12021): Found 1 design units, including 1 entities, in source file rtl/rtc.v
    Info (12023): Found entity 1: rtc File: C:/Temp/mistercore/lbmactwo_MiSTer/rtl/rtc.v Line: 30
Info (12021): Found 1 design units, including 1 entities, in source file rtl/dbg_min.sv
    Info (12023): Found entity 1: dbg_min File: C:/Temp/mistercore/lbmactwo_MiSTer/rtl/dbg_min.sv Line: 11
Info (12021): Found 1 design units, including 1 entities, in source file rtl/nubus/nubus_arbiter.sv
    Info (12023): Found entity 1: nubus_arbiter File: C:/Temp/mistercore/lbmactwo_MiSTer/rtl/nubus/nubus_arbiter.sv Line: 14
Info (12021): Found 1 design units, including 1 entities, in source file rtl/nubus/nubus_video_mdc824.sv
    Info (12023): Found entity 1: nubus_video_mdc824 File: C:/Temp/mistercore/lbmactwo_MiSTer/rtl/nubus/nubus_video_mdc824.sv Line: 22
Info (12021): Found 1 design units, including 1 entities, in source file rtl/nubus/vram_ram.sv
    Info (12023): Found entity 1: vram_ram File: C:/Temp/mistercore/lbmactwo_MiSTer/rtl/nubus/vram_ram.sv Line: 24
Info (12021): Found 2 design units, including 0 entities, in source file rtl/mc68881/vhdl/mc68881_pkg.vhd
    Info (12022): Found design unit 1: mc68881_pkg File: C:/Temp/mistercore/lbmactwo_MiSTer/rtl/mc68881/vhdl/mc68881_pkg.vhd Line: 5
    Info (12022): Found design unit 2: mc68881_pkg-body File: C:/Temp/mistercore/lbmactwo_MiSTer/rtl/mc68881/vhdl/mc68881_pkg.vhd Line: 420
Info (12021): Found 2 design units, including 1 entities, in source file rtl/mc68881/vhdl/mc68881_fp80_mul_unit.vhd
    Info (12022): Found design unit 1: mc68881_fp80_mul_unit-rtl File: C:/Temp/mistercore/lbmactwo_MiSTer/rtl/mc68881/vhdl/mc68881_fp80_mul_unit.vhd Line: 27
    Info (12023): Found entity 1: mc68881_fp80_mul_unit File: C:/Temp/mistercore/lbmactwo_MiSTer/rtl/mc68881/vhdl/mc68881_fp80_mul_unit.vhd Line: 12
Info (12021): Found 2 design units, including 1 entities, in source file rtl/mc68881/vhdl/mc68881_fp80_addsub_unit.vhd
    Info (12022): Found design unit 1: mc68881_fp80_addsub_unit-rtl File: C:/Temp/mistercore/lbmactwo_MiSTer/rtl/mc68881/vhdl/mc68881_fp80_addsub_unit.vhd Line: 32
    Info (12023): Found entity 1: mc68881_fp80_addsub_unit File: C:/Temp/mistercore/lbmactwo_MiSTer/rtl/mc68881/vhdl/mc68881_fp80_addsub_unit.vhd Line: 16
Info (12021): Found 2 design units, including 1 entities, in source file rtl/mc68881/vhdl/mc68881_divrem_unit.vhd
    Info (12022): Found design unit 1: mc68881_divrem_unit-rtl File: C:/Temp/mistercore/lbmactwo_MiSTer/rtl/mc68881/vhdl/mc68881_divrem_unit.vhd Line: 56
    Info (12023): Found entity 1: mc68881_divrem_unit File: C:/Temp/mistercore/lbmactwo_MiSTer/rtl/mc68881/vhdl/mc68881_divrem_unit.vhd Line: 7
Info (12021): Found 2 design units, including 1 entities, in source file rtl/mc68881/vhdl/mc68881_modrem_post_unit.vhd
    Info (12022): Found design unit 1: mc68881_modrem_post_unit-rtl File: C:/Temp/mistercore/lbmactwo_MiSTer/rtl/mc68881/vhdl/mc68881_modrem_post_unit.vhd Line: 49
    Info (12023): Found entity 1: mc68881_modrem_post_unit File: C:/Temp/mistercore/lbmactwo_MiSTer/rtl/mc68881/vhdl/mc68881_modrem_post_unit.vhd Line: 7
Info (12021): Found 2 design units, including 1 entities, in source file rtl/mc68881/vhdl/mc68881_packed_decimal_unit.vhd
    Info (12022): Found design unit 1: mc68881_packed_decimal_unit-rtl File: C:/Temp/mistercore/lbmactwo_MiSTer/rtl/mc68881/vhdl/mc68881_packed_decimal_unit.vhd Line: 47
    Info (12023): Found entity 1: mc68881_packed_decimal_unit File: C:/Temp/mistercore/lbmactwo_MiSTer/rtl/mc68881/vhdl/mc68881_packed_decimal_unit.vhd Line: 7
Info (12021): Found 2 design units, including 1 entities, in source file rtl/mc68881/vhdl/mc68881_sgl_ops_unit.vhd
    Info (12022): Found design unit 1: mc68881_sgl_ops_unit-rtl File: C:/Temp/mistercore/lbmactwo_MiSTer/rtl/mc68881/vhdl/mc68881_sgl_ops_unit.vhd Line: 22
    Info (12023): Found entity 1: mc68881_sgl_ops_unit File: C:/Temp/mistercore/lbmactwo_MiSTer/rtl/mc68881/vhdl/mc68881_sgl_ops_unit.vhd Line: 7
Warning (10335): Unrecognized synthesis attribute "rom_style" at rtl/mc68881/vhdl/mc68881_trig_unit.vhd(963) File: C:/Temp/mistercore/lbmactwo_MiSTer/rtl/mc68881/vhdl/mc68881_trig_unit.vhd Line: 963
Warning (10335): Unrecognized synthesis attribute "rom_style" at rtl/mc68881/vhdl/mc68881_trig_unit.vhd(964) File: C:/Temp/mistercore/lbmactwo_MiSTer/rtl/mc68881/vhdl/mc68881_trig_unit.vhd Line: 964
Warning (10335): Unrecognized synthesis attribute "rom_style" at rtl/mc68881/vhdl/mc68881_trig_unit.vhd(965) File: C:/Temp/mistercore/lbmactwo_MiSTer/rtl/mc68881/vhdl/mc68881_trig_unit.vhd Line: 965
Warning (10335): Unrecognized synthesis attribute "rom_style" at rtl/mc68881/vhdl/mc68881_trig_unit.vhd(966) File: C:/Temp/mistercore/lbmactwo_MiSTer/rtl/mc68881/vhdl/mc68881_trig_unit.vhd Line: 966
Warning (10335): Unrecognized synthesis attribute "rom_style" at rtl/mc68881/vhdl/mc68881_trig_unit.vhd(967) File: C:/Temp/mistercore/lbmactwo_MiSTer/rtl/mc68881/vhdl/mc68881_trig_unit.vhd Line: 967
Warning (10335): Unrecognized synthesis attribute "rom_style" at rtl/mc68881/vhdl/mc68881_trig_unit.vhd(968) File: C:/Temp/mistercore/lbmactwo_MiSTer/rtl/mc68881/vhdl/mc68881_trig_unit.vhd Line: 968
Warning (10335): Unrecognized synthesis attribute "rom_style" at rtl/mc68881/vhdl/mc68881_trig_unit.vhd(969) File: C:/Temp/mistercore/lbmactwo_MiSTer/rtl/mc68881/vhdl/mc68881_trig_unit.vhd Line: 969
Warning (10335): Unrecognized synthesis attribute "rom_style" at rtl/mc68881/vhdl/mc68881_trig_unit.vhd(970) File: C:/Temp/mistercore/lbmactwo_MiSTer/rtl/mc68881/vhdl/mc68881_trig_unit.vhd Line: 970
Warning (10335): Unrecognized synthesis attribute "rom_style" at rtl/mc68881/vhdl/mc68881_trig_unit.vhd(971) File: C:/Temp/mistercore/lbmactwo_MiSTer/rtl/mc68881/vhdl/mc68881_trig_unit.vhd Line: 971
Warning (10335): Unrecognized synthesis attribute "rom_style" at rtl/mc68881/vhdl/mc68881_trig_unit.vhd(972) File: C:/Temp/mistercore/lbmactwo_MiSTer/rtl/mc68881/vhdl/mc68881_trig_unit.vhd Line: 972
Warning (10335): Unrecognized synthesis attribute "rom_style" at rtl/mc68881/vhdl/mc68881_trig_unit.vhd(973) File: C:/Temp/mistercore/lbmactwo_MiSTer/rtl/mc68881/vhdl/mc68881_trig_unit.vhd Line: 973
Warning (10335): Unrecognized synthesis attribute "rom_style" at rtl/mc68881/vhdl/mc68881_trig_unit.vhd(974) File: C:/Temp/mistercore/lbmactwo_MiSTer/rtl/mc68881/vhdl/mc68881_trig_unit.vhd Line: 974
Warning (10335): Unrecognized synthesis attribute "rom_style" at rtl/mc68881/vhdl/mc68881_trig_unit.vhd(975) File: C:/Temp/mistercore/lbmactwo_MiSTer/rtl/mc68881/vhdl/mc68881_trig_unit.vhd Line: 975
Info (12021): Found 2 design units, including 1 entities, in source file rtl/mc68881/vhdl/mc68881_trig_unit.vhd
    Info (12022): Found design unit 1: mc68881_trig_unit-rtl File: C:/Temp/mistercore/lbmactwo_MiSTer/rtl/mc68881/vhdl/mc68881_trig_unit.vhd Line: 36
    Info (12023): Found entity 1: mc68881_trig_unit File: C:/Temp/mistercore/lbmactwo_MiSTer/rtl/mc68881/vhdl/mc68881_trig_unit.vhd Line: 7
Info (12021): Found 2 design units, including 1 entities, in source file rtl/mc68881/vhdl/mc68881_alu.vhd
    Info (12022): Found design unit 1: mc68881_alu-rtl File: C:/Temp/mistercore/lbmactwo_MiSTer/rtl/mc68881/vhdl/mc68881_alu.vhd Line: 53
    Info (12023): Found entity 1: mc68881_alu File: C:/Temp/mistercore/lbmactwo_MiSTer/rtl/mc68881/vhdl/mc68881_alu.vhd Line: 7
Info (12021): Found 2 design units, including 1 entities, in source file rtl/mc68881/vhdl/mc68881_top.vhd
    Info (12022): Found design unit 1: mc68881_top-rtl File: C:/Temp/mistercore/lbmactwo_MiSTer/rtl/mc68881/vhdl/mc68881_top.vhd Line: 49
    Info (12023): Found entity 1: mc68881_top File: C:/Temp/mistercore/lbmactwo_MiSTer/rtl/mc68881/vhdl/mc68881_top.vhd Line: 12
Info (12021): Found 2 design units, including 1 entities, in source file rtl/mc68881/vhdl/mc68881_fpu_lite.vhd
    Info (12022): Found design unit 1: mc68881_fpu_lite-wrapper File: C:/Temp/mistercore/lbmactwo_MiSTer/rtl/mc68881/vhdl/mc68881_fpu_lite.vhd Line: 27
    Info (12023): Found entity 1: mc68881_fpu_lite File: C:/Temp/mistercore/lbmactwo_MiSTer/rtl/mc68881/vhdl/mc68881_fpu_lite.vhd Line: 8
Info (12021): Found 1 design units, including 1 entities, in source file rtl/asc.sv
    Info (12023): Found entity 1: asc File: C:/Temp/mistercore/lbmactwo_MiSTer/rtl/asc.sv Line: 8
Info (12021): Found 1 design units, including 1 entities, in source file lbmactwo.sv
    Info (12023): Found entity 1: emu File: C:/Temp/mistercore/lbmactwo_MiSTer/LBMacTwo.sv Line: 20
Info (12127): Elaborating entity "sys_top" for the top level hierarchy
Info (12128): Elaborating entity "mcp23009" for hierarchy "mcp23009:mcp23009" File: C:/Temp/mistercore/lbmactwo_MiSTer/sys/sys_top.v Line: 175
Info (12128): Elaborating entity "i2c" for hierarchy "mcp23009:mcp23009|i2c:i2c" File: C:/Temp/mistercore/lbmactwo_MiSTer/sys/mcp23009.sv Line: 41
Info (12128): Elaborating entity "sysmem_lite" for hierarchy "sysmem_lite:sysmem" File: C:/Temp/mistercore/lbmactwo_MiSTer/sys/sys_top.v Line: 638
Info (12128): Elaborating entity "f2sdram_safe_terminator" for hierarchy "sysmem_lite:sysmem|f2sdram_safe_terminator:f2sdram_safe_terminator_ram1" File: C:/Temp/mistercore/lbmactwo_MiSTer/sys/sysmem.sv Line: 91
Info (12128): Elaborating entity "f2sdram_safe_terminator" for hierarchy "sysmem_lite:sysmem|f2sdram_safe_terminator:f2sdram_safe_terminator_vbuf" File: C:/Temp/mistercore/lbmactwo_MiSTer/sys/sysmem.sv Line: 183
Info (12128): Elaborating entity "sysmem_HPS_fpga_interfaces" for hierarchy "sysmem_lite:sysmem|sysmem_HPS_fpga_interfaces:fpga_interfaces" File: C:/Temp/mistercore/lbmactwo_MiSTer/sys/sysmem.sv Line: 223
Info (12128): Elaborating entity "ddr_svc" for hierarchy "ddr_svc:ddr_svc" File: C:/Temp/mistercore/lbmactwo_MiSTer/sys/sys_top.v Line: 679
Info (12128): Elaborating entity "ascal" for hierarchy "ascal:ascal" File: C:/Temp/mistercore/lbmactwo_MiSTer/sys/sys_top.v Line: 815
Info (19000): Inferred 9 megafunctions from design logic
    Info (276029): Inferred altsyncram megafunction from the following design logic: "ascal:ascal|altsyncram:i_mem[0].r[7]__1" 
        Info (286033): Parameter OPERATION_MODE set to DUAL_PORT
        Info (286033): Parameter WIDTH_A set to 24
        Info (286033): Parameter WIDTHAD_A set to 11
        Info (286033): Parameter NUMWORDS_A set to 2048
        Info (286033): Parameter WIDTH_B set to 24
        Info (286033): Parameter WIDTHAD_B set to 11
        Info (286033): Parameter NUMWORDS_B set to 2048
        Info (286033): Parameter ADDRESS_ACLR_A set to NONE
        Info (286033): Parameter OUTDATA_REG_B set to UNREGISTERED
        Info (286033): Parameter ADDRESS_ACLR_B set to NONE
        Info (286033): Parameter OUTDATA_ACLR_B set to NONE
        Info (286033): Parameter ADDRESS_REG_B set to CLOCK0
        Info (286033): Parameter INDATA_ACLR_A set to NONE
        Info (286033): Parameter WRCONTROL_ACLR_A set to NONE
        Info (286033): Parameter READ_DURING_WRITE_MODE_MIXED_PORTS set to OLD_DATA
        Info (286033): Parameter RDCONTROL_REG_B set to CLOCK0
    Info (276029): Inferred altsyncram megafunction from the following design logic: "ascal:ascal|altsyncram:o_line0[0].r[7]__2" 
        Info (286033): Parameter OPERATION_MODE set to DUAL_PORT
        Info (286033): Parameter WIDTH_A set to 24
        Info (286033): Parameter WIDTHAD_A set to 11
        Info (286033): Parameter NUMWORDS_A set to 2048
        Info (286033): Parameter WIDTH_B set to 24
        Info (286033): Parameter WIDTHAD_B set to 11
        Info (286033): Parameter NUMWORDS_B set to 2048
        Info (286033): Parameter ADDRESS_ACLR_A set to NONE
        Info (286033): Parameter OUTDATA_REG_B set to UNREGISTERED
        Info (286033): Parameter ADDRESS_ACLR_B set to NONE
        Info (286033): Parameter OUTDATA_ACLR_B set to NONE
        Info (286033): Parameter ADDRESS_REG_B set to CLOCK0
        Info (286033): Parameter INDATA_ACLR_A set to NONE
        Info (286033): Parameter WRCONTROL_ACLR_A set to NONE
        Info (286033): Parameter READ_DURING_WRITE_MODE_MIXED_PORTS set to OLD_DATA
    Info (276029): Inferred altsyncram megafunction from the following design logic: "ascal:ascal|altsyncram:o_line1[0].r[7]__3" 
        Info (286033): Parameter OPERATION_MODE set to DUAL_PORT
        Info (286033): Parameter WIDTH_A set to 24
        Info (286033): Parameter WIDTHAD_A set to 11
        Info (286033): Parameter NUMWORDS_A set to 2048
        Info (286033): Parameter WIDTH_B set to 24
        Info (286033): Parameter WIDTHAD_B set to 11
        Info (286033): Parameter NUMWORDS_B set to 2048
        Info (286033): Parameter ADDRESS_ACLR_A set to NONE
        Info (286033): Parameter OUTDATA_REG_B set to UNREGISTERED
        Info (286033): Parameter ADDRESS_ACLR_B set to NONE
        Info (286033): Parameter OUTDATA_ACLR_B set to NONE
        Info (286033): Parameter ADDRESS_REG_B set to CLOCK0
        Info (286033): Parameter INDATA_ACLR_A set to NONE
        Info (286033): Parameter WRCONTROL_ACLR_A set to NONE
        Info (286033): Parameter READ_DURING_WRITE_MODE_MIXED_PORTS set to OLD_DATA
    Info (276029): Inferred altsyncram megafunction from the following design logic: "ascal:ascal|altsyncram:o_line2[0].r[7]__4" 
        Info (286033): Parameter OPERATION_MODE set to DUAL_PORT
        Info (286033): Parameter WIDTH_A set to 24
        Info (286033): Parameter WIDTHAD_A set to 11
        Info (286033): Parameter NUMWORDS_A set to 2048
        Info (286033): Parameter WIDTH_B set to 24
        Info (286033): Parameter WIDTHAD_B set to 11
        Info (286033): Parameter NUMWORDS_B set to 2048
        Info (286033): Parameter ADDRESS_ACLR_A set to NONE
        Info (286033): Parameter OUTDATA_REG_B set to UNREGISTERED
        Info (286033): Parameter ADDRESS_ACLR_B set to NONE
        Info (286033): Parameter OUTDATA_ACLR_B set to NONE
        Info (286033): Parameter ADDRESS_REG_B set to CLOCK0
        Info (286033): Parameter INDATA_ACLR_A set to NONE
        Info (286033): Parameter WRCONTROL_ACLR_A set to NONE
        Info (286033): Parameter READ_DURING_WRITE_MODE_MIXED_PORTS set to OLD_DATA
    Info (276029): Inferred altsyncram megafunction from the following design logic: "ascal:ascal|altsyncram:o_line3[0].r[7]__5" 
        Info (286033): Parameter OPERATION_MODE set to DUAL_PORT
        Info (286033): Parameter WIDTH_A set to 24
        Info (286033): Parameter WIDTHAD_A set to 11
        Info (286033): Parameter NUMWORDS_A set to 2048
        Info (286033): Parameter WIDTH_B set to 24
        Info (286033): Parameter WIDTHAD_B set to 11
        Info (286033): Parameter NUMWORDS_B set to 2048
        Info (286033): Parameter ADDRESS_ACLR_A set to NONE
        Info (286033): Parameter OUTDATA_REG_B set to UNREGISTERED
        Info (286033): Parameter ADDRESS_ACLR_B set to NONE
        Info (286033): Parameter OUTDATA_ACLR_B set to NONE
        Info (286033): Parameter ADDRESS_REG_B set to CLOCK0
        Info (286033): Parameter INDATA_ACLR_A set to NONE
        Info (286033): Parameter WRCONTROL_ACLR_A set to NONE
        Info (286033): Parameter READ_DURING_WRITE_MODE_MIXED_PORTS set to OLD_DATA
    Info (276029): Inferred altsyncram megafunction from the following design logic: "ascal:ascal|altsyncram:o_linf0[0].r[7]__6" 
        Info (286033): Parameter OPERATION_MODE set to DUAL_PORT
        Info (286033): Parameter WIDTH_A set to 24
        Info (286033): Parameter WIDTHAD_A set to 8
        Info (286033): Parameter NUMWORDS_A set to 256
        Info (286033): Parameter WIDTH_B set to 24
        Info (286033): Parameter WIDTHAD_B set to 8
        Info (286033): Parameter NUMWORDS_B set to 256
        Info (286033): Parameter ADDRESS_ACLR_A set to NONE
        Info (286033): Parameter OUTDATA_REG_B set to UNREGISTERED
        Info (286033): Parameter ADDRESS_ACLR_B set to NONE
        Info (286033): Parameter OUTDATA_ACLR_B set to NONE
        Info (286033): Parameter ADDRESS_REG_B set to CLOCK0
        Info (286033): Parameter INDATA_ACLR_A set to NONE
        Info (286033): Parameter WRCONTROL_ACLR_A set to NONE
        Info (286033): Parameter READ_DURING_WRITE_MODE_MIXED_PORTS set to OLD_DATA
    Info (276029): Inferred altsyncram megafunction from the following design logic: "ascal:ascal|altsyncram:o_linf1[0].r[7]__7" 
        Info (286033): Parameter OPERATION_MODE set to DUAL_PORT
        Info (286033): Parameter WIDTH_A set to 24
        Info (286033): Parameter WIDTHAD_A set to 8
        Info (286033): Parameter NUMWORDS_A set to 256
        Info (286033): Parameter WIDTH_B set to 24
        Info (286033): Parameter WIDTHAD_B set to 8
        Info (286033): Parameter NUMWORDS_B set to 256
        Info (286033): Parameter ADDRESS_ACLR_A set to NONE
        Info (286033): Parameter OUTDATA_REG_B set to UNREGISTERED
        Info (286033): Parameter ADDRESS_ACLR_B set to NONE
        Info (286033): Parameter OUTDATA_ACLR_B set to NONE
        Info (286033): Parameter ADDRESS_REG_B set to CLOCK0
        Info (286033): Parameter INDATA_ACLR_A set to NONE
        Info (286033): Parameter WRCONTROL_ACLR_A set to NONE
        Info (286033): Parameter READ_DURING_WRITE_MODE_MIXED_PORTS set to OLD_DATA
    Info (276029): Inferred altsyncram megafunction from the following design logic: "ascal:ascal|altsyncram:o_linf2[0].r[7]__8" 
        Info (286033): Parameter OPERATION_MODE set to DUAL_PORT
        Info (286033): Parameter WIDTH_A set to 24
        Info (286033): Parameter WIDTHAD_A set to 8
        Info (286033): Parameter NUMWORDS_A set to 256
        Info (286033): Parameter WIDTH_B set to 24
        Info (286033): Parameter WIDTHAD_B set to 8
        Info (286033): Parameter NUMWORDS_B set to 256
        Info (286033): Parameter ADDRESS_ACLR_A set to NONE
        Info (286033): Parameter OUTDATA_REG_B set to UNREGISTERED
        Info (286033): Parameter ADDRESS_ACLR_B set to NONE
        Info (286033): Parameter OUTDATA_ACLR_B set to NONE
        Info (286033): Parameter ADDRESS_REG_B set to CLOCK0
        Info (286033): Parameter INDATA_ACLR_A set to NONE
        Info (286033): Parameter WRCONTROL_ACLR_A set to NONE
        Info (286033): Parameter READ_DURING_WRITE_MODE_MIXED_PORTS set to OLD_DATA
    Info (276029): Inferred altsyncram megafunction from the following design logic: "ascal:ascal|altsyncram:o_linf3[0].r[7]__9" 
        Info (286033): Parameter OPERATION_MODE set to DUAL_PORT
        Info (286033): Parameter WIDTH_A set to 24
        Info (286033): Parameter WIDTHAD_A set to 8
        Info (286033): Parameter NUMWORDS_A set to 256
        Info (286033): Parameter WIDTH_B set to 24
        Info (286033): Parameter WIDTHAD_B set to 8
        Info (286033): Parameter NUMWORDS_B set to 256
        Info (286033): Parameter ADDRESS_ACLR_A set to NONE
        Info (286033): Parameter OUTDATA_REG_B set to UNREGISTERED
        Info (286033): Parameter ADDRESS_ACLR_B set to NONE
        Info (286033): Parameter OUTDATA_ACLR_B set to NONE
        Info (286033): Parameter ADDRESS_REG_B set to CLOCK0
        Info (286033): Parameter INDATA_ACLR_A set to NONE
        Info (286033): Parameter WRCONTROL_ACLR_A set to NONE
        Info (286033): Parameter READ_DURING_WRITE_MODE_MIXED_PORTS set to OLD_DATA
Info (12128): Elaborating entity "altsyncram" for hierarchy "ascal:ascal|altsyncram:i_mem[0].r[7]__1"
Info (12130): Elaborated megafunction instantiation "ascal:ascal|altsyncram:i_mem[0].r[7]__1"
Info (12133): Instantiated megafunction "ascal:ascal|altsyncram:i_mem[0].r[7]__1" with the following parameter:
    Info (12134): Parameter "OPERATION_MODE" = "DUAL_PORT"
    Info (12134): Parameter "WIDTH_A" = "24"
    Info (12134): Parameter "WIDTHAD_A" = "11"
    Info (12134): Parameter "NUMWORDS_A" = "2048"
    Info (12134): Parameter "WIDTH_B" = "24"
    Info (12134): Parameter "WIDTHAD_B" = "11"
    Info (12134): Parameter "NUMWORDS_B" = "2048"
    Info (12134): Parameter "ADDRESS_ACLR_A" = "NONE"
    Info (12134): Parameter "OUTDATA_REG_B" = "UNREGISTERED"
    Info (12134): Parameter "ADDRESS_ACLR_B" = "NONE"
    Info (12134): Parameter "OUTDATA_ACLR_B" = "NONE"
    Info (12134): Parameter "ADDRESS_REG_B" = "CLOCK0"
    Info (12134): Parameter "INDATA_ACLR_A" = "NONE"
    Info (12134): Parameter "WRCONTROL_ACLR_A" = "NONE"
    Info (12134): Parameter "READ_DURING_WRITE_MODE_MIXED_PORTS" = "OLD_DATA"
    Info (12134): Parameter "RDCONTROL_REG_B" = "CLOCK0"
Info (12021): Found 1 design units, including 1 entities, in source file db/altsyncram_89q1.tdf
    Info (12023): Found entity 1: altsyncram_89q1 File: C:/Temp/mistercore/lbmactwo_MiSTer/db/altsyncram_89q1.tdf Line: 28
Info (12128): Elaborating entity "altsyncram_89q1" for hierarchy "ascal:ascal|altsyncram:i_mem[0].r[7]__1|altsyncram_89q1:auto_generated" File: c:/intelfpga_lite/17.0/quartus/libraries/megafunctions/altsyncram.tdf Line: 792
Info (12128): Elaborating entity "altsyncram" for hierarchy "ascal:ascal|altsyncram:o_line0[0].r[7]__2"
Info (12130): Elaborated megafunction instantiation "ascal:ascal|altsyncram:o_line0[0].r[7]__2"
Info (12133): Instantiated megafunction "ascal:ascal|altsyncram:o_line0[0].r[7]__2" with the following parameter:
    Info (12134): Parameter "OPERATION_MODE" = "DUAL_PORT"
    Info (12134): Parameter "WIDTH_A" = "24"
    Info (12134): Parameter "WIDTHAD_A" = "11"
    Info (12134): Parameter "NUMWORDS_A" = "2048"
    Info (12134): Parameter "WIDTH_B" = "24"
    Info (12134): Parameter "WIDTHAD_B" = "11"
    Info (12134): Parameter "NUMWORDS_B" = "2048"
    Info (12134): Parameter "ADDRESS_ACLR_A" = "NONE"
    Info (12134): Parameter "OUTDATA_REG_B" = "UNREGISTERED"
    Info (12134): Parameter "ADDRESS_ACLR_B" = "NONE"
    Info (12134): Parameter "OUTDATA_ACLR_B" = "NONE"
    Info (12134): Parameter "ADDRESS_REG_B" = "CLOCK0"
    Info (12134): Parameter "INDATA_ACLR_A" = "NONE"
    Info (12134): Parameter "WRCONTROL_ACLR_A" = "NONE"
    Info (12134): Parameter "READ_DURING_WRITE_MODE_MIXED_PORTS" = "OLD_DATA"
Info (12021): Found 1 design units, including 1 entities, in source file db/altsyncram_ccn1.tdf
    Info (12023): Found entity 1: altsyncram_ccn1 File: C:/Temp/mistercore/lbmactwo_MiSTer/db/altsyncram_ccn1.tdf Line: 28
Info (12128): Elaborating entity "altsyncram_ccn1" for hierarchy "ascal:ascal|altsyncram:o_line0[0].r[7]__2|altsyncram_ccn1:auto_generated" File: c:/intelfpga_lite/17.0/quartus/libraries/megafunctions/altsyncram.tdf Line: 792
Info (12128): Elaborating entity "altsyncram" for hierarchy "ascal:ascal|altsyncram:o_linf0[0].r[7]__6"
Info (12130): Elaborated megafunction instantiation "ascal:ascal|altsyncram:o_linf0[0].r[7]__6"
Info (12133): Instantiated megafunction "ascal:ascal|altsyncram:o_linf0[0].r[7]__6" with the following parameter:
    Info (12134): Parameter "OPERATION_MODE" = "DUAL_PORT"
    Info (12134): Parameter "WIDTH_A" = "24"
    Info (12134): Parameter "WIDTHAD_A" = "8"
    Info (12134): Parameter "NUMWORDS_A" = "256"
    Info (12134): Parameter "WIDTH_B" = "24"
    Info (12134): Parameter "WIDTHAD_B" = "8"
    Info (12134): Parameter "NUMWORDS_B" = "256"
    Info (12134): Parameter "ADDRESS_ACLR_A" = "NONE"
    Info (12134): Parameter "OUTDATA_REG_B" = "UNREGISTERED"
    Info (12134): Parameter "ADDRESS_ACLR_B" = "NONE"
    Info (12134): Parameter "OUTDATA_ACLR_B" = "NONE"
    Info (12134): Parameter "ADDRESS_REG_B" = "CLOCK0"
    Info (12134): Parameter "INDATA_ACLR_A" = "NONE"
    Info (12134): Parameter "WRCONTROL_ACLR_A" = "NONE"
    Info (12134): Parameter "READ_DURING_WRITE_MODE_MIXED_PORTS" = "OLD_DATA"
Info (12021): Found 1 design units, including 1 entities, in source file db/altsyncram_m6n1.tdf
    Info (12023): Found entity 1: altsyncram_m6n1 File: C:/Temp/mistercore/lbmactwo_MiSTer/db/altsyncram_m6n1.tdf Line: 28
Info (12128): Elaborating entity "altsyncram_m6n1" for hierarchy "ascal:ascal|altsyncram:o_linf0[0].r[7]__6|altsyncram_m6n1:auto_generated" File: c:/intelfpga_lite/17.0/quartus/libraries/megafunctions/altsyncram.tdf Line: 792
Info (12128): Elaborating entity "sys_umuldiv" for hierarchy "sys_umuldiv:ar_muldiv" File: C:/Temp/mistercore/lbmactwo_MiSTer/sys/sys_top.v Line: 875
Info (12128): Elaborating entity "sys_umul" for hierarchy "sys_umuldiv:ar_muldiv|sys_umul:umul" File: C:/Temp/mistercore/lbmactwo_MiSTer/sys/math.sv Line: 105
Info (12128): Elaborating entity "sys_udiv" for hierarchy "sys_umuldiv:ar_muldiv|sys_udiv:udiv" File: C:/Temp/mistercore/lbmactwo_MiSTer/sys/math.sv Line: 107
Info (12128): Elaborating entity "pll_hdmi_adj" for hierarchy "pll_hdmi_adj:pll_hdmi_adj" File: C:/Temp/mistercore/lbmactwo_MiSTer/sys/sys_top.v Line: 1000
Info (12128): Elaborating entity "pll_hdmi" for hierarchy "pll_hdmi:pll_hdmi" File: C:/Temp/mistercore/lbmactwo_MiSTer/sys/sys_top.v Line: 1034
Info (12128): Elaborating entity "pll_hdmi_0002" for hierarchy "pll_hdmi:pll_hdmi|pll_hdmi_0002:pll_hdmi_inst" File: C:/Temp/mistercore/lbmactwo_MiSTer/sys/pll_hdmi.v Line: 23
Info (12128): Elaborating entity "altera_pll" for hierarchy "pll_hdmi:pll_hdmi|pll_hdmi_0002:pll_hdmi_inst|altera_pll:altera_pll_i" File: C:/Temp/mistercore/lbmactwo_MiSTer/sys/pll_hdmi/pll_hdmi_0002.v Line: 239
Info (10008): Verilog HDL or VHDL information: EDA Netlist Writer cannot regroup multidimensional array "wire_to_nowhere_64" into its bus
Info (12130): Elaborated megafunction instantiation "pll_hdmi:pll_hdmi|pll_hdmi_0002:pll_hdmi_inst|altera_pll:altera_pll_i" File: C:/Temp/mistercore/lbmactwo_MiSTer/sys/pll_hdmi/pll_hdmi_0002.v Line: 239
Info (12133): Instantiated megafunction "pll_hdmi:pll_hdmi|pll_hdmi_0002:pll_hdmi_inst|altera_pll:altera_pll_i" with the following parameter: File: C:/Temp/mistercore/lbmactwo_MiSTer/sys/pll_hdmi/pll_hdmi_0002.v Line: 239
    Info (12134): Parameter "fractional_vco_multiplier" = "true"
    Info (12134): Parameter "reference_clock_frequency" = "50.0 MHz"
    Info (12134): Parameter "pll_fractional_cout" = "32"
    Info (12134): Parameter "pll_dsm_out_sel" = "1st_order"
    Info (12134): Parameter "operation_mode" = "direct"
    Info (12134): Parameter "number_of_clocks" = "1"
    Info (12134): Parameter "output_clock_frequency0" = "148.500000 MHz"
    Info (12134): Parameter "phase_shift0" = "0 ps"
    Info (12134): Parameter "duty_cycle0" = "50"
    Info (12134): Parameter "output_clock_frequency1" = "0 MHz"
    Info (12134): Parameter "phase_shift1" = "0 ps"
    Info (12134): Parameter "duty_cycle1" = "50"
    Info (12134): Parameter "output_clock_frequency2" = "0 MHz"
    Info (12134): Parameter "phase_shift2" = "0 ps"
    Info (12134): Parameter "duty_cycle2" = "50"
    Info (12134): Parameter "output_clock_frequency3" = "0 MHz"
    Info (12134): Parameter "phase_shift3" = "0 ps"
    Info (12134): Parameter "duty_cycle3" = "50"
    Info (12134): Parameter "output_clock_frequency4" = "0 MHz"
    Info (12134): Parameter "phase_shift4" = "0 ps"
    Info (12134): Parameter "duty_cycle4" = "50"
    Info (12134): Parameter "output_clock_frequency5" = "0 MHz"
    Info (12134): Parameter "phase_shift5" = "0 ps"
    Info (12134): Parameter "duty_cycle5" = "50"
    Info (12134): Parameter "output_clock_frequency6" = "0 MHz"
    Info (12134): Parameter "phase_shift6" = "0 ps"
    Info (12134): Parameter "duty_cycle6" = "50"
    Info (12134): Parameter "output_clock_frequency7" = "0 MHz"
    Info (12134): Parameter "phase_shift7" = "0 ps"
    Info (12134): Parameter "duty_cycle7" = "50"
    Info (12134): Parameter "output_clock_frequency8" = "0 MHz"
    Info (12134): Parameter "phase_shift8" = "0 ps"
    Info (12134): Parameter "duty_cycle8" = "50"
    Info (12134): Parameter "output_clock_frequency9" = "0 MHz"
    Info (12134): Parameter "phase_shift9" = "0 ps"
    Info (12134): Parameter "duty_cycle9" = "50"
    Info (12134): Parameter "output_clock_frequency10" = "0 MHz"
    Info (12134): Parameter "phase_shift10" = "0 ps"
    Info (12134): Parameter "duty_cycle10" = "50"
    Info (12134): Parameter "output_clock_frequency11" = "0 MHz"
    Info (12134): Parameter "phase_shift11" = "0 ps"
    Info (12134): Parameter "duty_cycle11" = "50"
    Info (12134): Parameter "output_clock_frequency12" = "0 MHz"
    Info (12134): Parameter "phase_shift12" = "0 ps"
    Info (12134): Parameter "duty_cycle12" = "50"
    Info (12134): Parameter "output_clock_frequency13" = "0 MHz"
    Info (12134): Parameter "phase_shift13" = "0 ps"
    Info (12134): Parameter "duty_cycle13" = "50"
    Info (12134): Parameter "output_clock_frequency14" = "0 MHz"
    Info (12134): Parameter "phase_shift14" = "0 ps"
    Info (12134): Parameter "duty_cycle14" = "50"
    Info (12134): Parameter "output_clock_frequency15" = "0 MHz"
    Info (12134): Parameter "phase_shift15" = "0 ps"
    Info (12134): Parameter "duty_cycle15" = "50"
    Info (12134): Parameter "output_clock_frequency16" = "0 MHz"
    Info (12134): Parameter "phase_shift16" = "0 ps"
    Info (12134): Parameter "duty_cycle16" = "50"
    Info (12134): Parameter "output_clock_frequency17" = "0 MHz"
    Info (12134): Parameter "phase_shift17" = "0 ps"
    Info (12134): Parameter "duty_cycle17" = "50"
    Info (12134): Parameter "pll_type" = "Cyclone V"
    Info (12134): Parameter "pll_subtype" = "Reconfigurable"
    Info (12134): Parameter "m_cnt_hi_div" = "4"
    Info (12134): Parameter "m_cnt_lo_div" = "4"
    Info (12134): Parameter "n_cnt_hi_div" = "256"
    Info (12134): Parameter "n_cnt_lo_div" = "256"
    Info (12134): Parameter "m_cnt_bypass_en" = "false"
    Info (12134): Parameter "n_cnt_bypass_en" = "true"
    Info (12134): Parameter "m_cnt_odd_div_duty_en" = "false"
    Info (12134): Parameter "n_cnt_odd_div_duty_en" = "false"
    Info (12134): Parameter "c_cnt_hi_div0" = "2"
    Info (12134): Parameter "c_cnt_lo_div0" = "1"
    Info (12134): Parameter "c_cnt_prst0" = "1"
    Info (12134): Parameter "c_cnt_ph_mux_prst0" = "0"
    Info (12134): Parameter "c_cnt_in_src0" = "ph_mux_clk"
    Info (12134): Parameter "c_cnt_bypass_en0" = "false"
    Info (12134): Parameter "c_cnt_odd_div_duty_en0" = "true"
    Info (12134): Parameter "c_cnt_hi_div1" = "1"
    Info (12134): Parameter "c_cnt_lo_div1" = "1"
    Info (12134): Parameter "c_cnt_prst1" = "1"
    Info (12134): Parameter "c_cnt_ph_mux_prst1" = "0"
    Info (12134): Parameter "c_cnt_in_src1" = "ph_mux_clk"
    Info (12134): Parameter "c_cnt_bypass_en1" = "true"
    Info (12134): Parameter "c_cnt_odd_div_duty_en1" = "false"
    Info (12134): Parameter "c_cnt_hi_div2" = "1"
    Info (12134): Parameter "c_cnt_lo_div2" = "1"
    Info (12134): Parameter "c_cnt_prst2" = "1"
    Info (12134): Parameter "c_cnt_ph_mux_prst2" = "0"
    Info (12134): Parameter "c_cnt_in_src2" = "ph_mux_clk"
    Info (12134): Parameter "c_cnt_bypass_en2" = "true"
    Info (12134): Parameter "c_cnt_odd_div_duty_en2" = "false"
    Info (12134): Parameter "c_cnt_hi_div3" = "1"
    Info (12134): Parameter "c_cnt_lo_div3" = "1"
    Info (12134): Parameter "c_cnt_prst3" = "1"
    Info (12134): Parameter "c_cnt_ph_mux_prst3" = "0"
    Info (12134): Parameter "c_cnt_in_src3" = "ph_mux_clk"
    Info (12134): Parameter "c_cnt_bypass_en3" = "true"
    Info (12134): Parameter "c_cnt_odd_div_duty_en3" = "false"
    Info (12134): Parameter "c_cnt_hi_div4" = "1"
    Info (12134): Parameter "c_cnt_lo_div4" = "1"
    Info (12134): Parameter "c_cnt_prst4" = "1"
    Info (12134): Parameter "c_cnt_ph_mux_prst4" = "0"
    Info (12134): Parameter "c_cnt_in_src4" = "ph_mux_clk"
    Info (12134): Parameter "c_cnt_bypass_en4" = "true"
    Info (12134): Parameter "c_cnt_odd_div_duty_en4" = "false"
    Info (12134): Parameter "c_cnt_hi_div5" = "1"
    Info (12134): Parameter "c_cnt_lo_div5" = "1"
    Info (12134): Parameter "c_cnt_prst5" = "1"
    Info (12134): Parameter "c_cnt_ph_mux_prst5" = "0"
    Info (12134): Parameter "c_cnt_in_src5" = "ph_mux_clk"
    Info (12134): Parameter "c_cnt_bypass_en5" = "true"
    Info (12134): Parameter "c_cnt_odd_div_duty_en5" = "false"
    Info (12134): Parameter "c_cnt_hi_div6" = "1"
    Info (12134): Parameter "c_cnt_lo_div6" = "1"
    Info (12134): Parameter "c_cnt_prst6" = "1"
    Info (12134): Parameter "c_cnt_ph_mux_prst6" = "0"
    Info (12134): Parameter "c_cnt_in_src6" = "ph_mux_clk"
    Info (12134): Parameter "c_cnt_bypass_en6" = "true"
    Info (12134): Parameter "c_cnt_odd_div_duty_en6" = "false"
    Info (12134): Parameter "c_cnt_hi_div7" = "1"
    Info (12134): Parameter "c_cnt_lo_div7" = "1"
    Info (12134): Parameter "c_cnt_prst7" = "1"
    Info (12134): Parameter "c_cnt_ph_mux_prst7" = "0"
    Info (12134): Parameter "c_cnt_in_src7" = "ph_mux_clk"
    Info (12134): Parameter "c_cnt_bypass_en7" = "true"
    Info (12134): Parameter "c_cnt_odd_div_duty_en7" = "false"
    Info (12134): Parameter "c_cnt_hi_div8" = "1"
    Info (12134): Parameter "c_cnt_lo_div8" = "1"
    Info (12134): Parameter "c_cnt_prst8" = "1"
    Info (12134): Parameter "c_cnt_ph_mux_prst8" = "0"
    Info (12134): Parameter "c_cnt_in_src8" = "ph_mux_clk"
    Info (12134): Parameter "c_cnt_bypass_en8" = "true"
    Info (12134): Parameter "c_cnt_odd_div_duty_en8" = "false"
    Info (12134): Parameter "c_cnt_hi_div9" = "1"
    Info (12134): Parameter "c_cnt_lo_div9" = "1"
    Info (12134): Parameter "c_cnt_prst9" = "1"
    Info (12134): Parameter "c_cnt_ph_mux_prst9" = "0"
    Info (12134): Parameter "c_cnt_in_src9" = "ph_mux_clk"
    Info (12134): Parameter "c_cnt_bypass_en9" = "true"
    Info (12134): Parameter "c_cnt_odd_div_duty_en9" = "false"
    Info (12134): Parameter "c_cnt_hi_div10" = "1"
    Info (12134): Parameter "c_cnt_lo_div10" = "1"
    Info (12134): Parameter "c_cnt_prst10" = "1"
    Info (12134): Parameter "c_cnt_ph_mux_prst10" = "0"
    Info (12134): Parameter "c_cnt_in_src10" = "ph_mux_clk"
    Info (12134): Parameter "c_cnt_bypass_en10" = "true"
    Info (12134): Parameter "c_cnt_odd_div_duty_en10" = "false"
    Info (12134): Parameter "c_cnt_hi_div11" = "1"
    Info (12134): Parameter "c_cnt_lo_div11" = "1"
    Info (12134): Parameter "c_cnt_prst11" = "1"
    Info (12134): Parameter "c_cnt_ph_mux_prst11" = "0"
    Info (12134): Parameter "c_cnt_in_src11" = "ph_mux_clk"
    Info (12134): Parameter "c_cnt_bypass_en11" = "true"
    Info (12134): Parameter "c_cnt_odd_div_duty_en11" = "false"
    Info (12134): Parameter "c_cnt_hi_div12" = "1"
    Info (12134): Parameter "c_cnt_lo_div12" = "1"
    Info (12134): Parameter "c_cnt_prst12" = "1"
    Info (12134): Parameter "c_cnt_ph_mux_prst12" = "0"
    Info (12134): Parameter "c_cnt_in_src12" = "ph_mux_clk"
    Info (12134): Parameter "c_cnt_bypass_en12" = "true"
    Info (12134): Parameter "c_cnt_odd_div_duty_en12" = "false"
    Info (12134): Parameter "c_cnt_hi_div13" = "1"
    Info (12134): Parameter "c_cnt_lo_div13" = "1"
    Info (12134): Parameter "c_cnt_prst13" = "1"
    Info (12134): Parameter "c_cnt_ph_mux_prst13" = "0"
    Info (12134): Parameter "c_cnt_in_src13" = "ph_mux_clk"
    Info (12134): Parameter "c_cnt_bypass_en13" = "true"
    Info (12134): Parameter "c_cnt_odd_div_duty_en13" = "false"
    Info (12134): Parameter "c_cnt_hi_div14" = "1"
    Info (12134): Parameter "c_cnt_lo_div14" = "1"
    Info (12134): Parameter "c_cnt_prst14" = "1"
    Info (12134): Parameter "c_cnt_ph_mux_prst14" = "0"
    Info (12134): Parameter "c_cnt_in_src14" = "ph_mux_clk"
    Info (12134): Parameter "c_cnt_bypass_en14" = "true"
    Info (12134): Parameter "c_cnt_odd_div_duty_en14" = "false"
    Info (12134): Parameter "c_cnt_hi_div15" = "1"
    Info (12134): Parameter "c_cnt_lo_div15" = "1"
    Info (12134): Parameter "c_cnt_prst15" = "1"
    Info (12134): Parameter "c_cnt_ph_mux_prst15" = "0"
    Info (12134): Parameter "c_cnt_in_src15" = "ph_mux_clk"
    Info (12134): Parameter "c_cnt_bypass_en15" = "true"
    Info (12134): Parameter "c_cnt_odd_div_duty_en15" = "false"
    Info (12134): Parameter "c_cnt_hi_div16" = "1"
    Info (12134): Parameter "c_cnt_lo_div16" = "1"
    Info (12134): Parameter "c_cnt_prst16" = "1"
    Info (12134): Parameter "c_cnt_ph_mux_prst16" = "0"
    Info (12134): Parameter "c_cnt_in_src16" = "ph_mux_clk"
    Info (12134): Parameter "c_cnt_bypass_en16" = "true"
    Info (12134): Parameter "c_cnt_odd_div_duty_en16" = "false"
    Info (12134): Parameter "c_cnt_hi_div17" = "1"
    Info (12134): Parameter "c_cnt_lo_div17" = "1"
    Info (12134): Parameter "c_cnt_prst17" = "1"
    Info (12134): Parameter "c_cnt_ph_mux_prst17" = "0"
    Info (12134): Parameter "c_cnt_in_src17" = "ph_mux_clk"
    Info (12134): Parameter "c_cnt_bypass_en17" = "true"
    Info (12134): Parameter "c_cnt_odd_div_duty_en17" = "false"
    Info (12134): Parameter "pll_vco_div" = "2"
    Info (12134): Parameter "pll_cp_current" = "20"
    Info (12134): Parameter "pll_bwctrl" = "4000"
    Info (12134): Parameter "pll_output_clk_frequency" = "445.499999 MHz"
    Info (12134): Parameter "pll_fractional_division" = "3908420153"
    Info (12134): Parameter "mimic_fbclk_type" = "none"
    Info (12134): Parameter "pll_fbclk_mux_1" = "glb"
    Info (12134): Parameter "pll_fbclk_mux_2" = "m_cnt"
    Info (12134): Parameter "pll_m_cnt_in_src" = "ph_mux_clk"
    Info (12134): Parameter "pll_slf_rst" = "true"
Info (12128): Elaborating entity "dps_extra_kick" for hierarchy "pll_hdmi:pll_hdmi|pll_hdmi_0002:pll_hdmi_inst|altera_pll:altera_pll_i|dps_extra_kick:dps_extra_inst" File: c:/intelfpga_lite/17.0/quartus/libraries/megafunctions/altera_pll.v Line: 769
Info (12131): Elaborated megafunction instantiation "pll_hdmi:pll_hdmi|pll_hdmi_0002:pll_hdmi_inst|altera_pll:altera_pll_i|dps_extra_kick:dps_extra_inst", which is child of megafunction instantiation "pll_hdmi:pll_hdmi|pll_hdmi_0002:pll_hdmi_inst|altera_pll:altera_pll_i" File: c:/intelfpga_lite/17.0/quartus/libraries/megafunctions/altera_pll.v Line: 769
Info (12128): Elaborating entity "dprio_init" for hierarchy "pll_hdmi:pll_hdmi|pll_hdmi_0002:pll_hdmi_inst|altera_pll:altera_pll_i|dprio_init:dprio_init_inst" File: c:/intelfpga_lite/17.0/quartus/libraries/megafunctions/altera_pll.v Line: 784
Info (12131): Elaborated megafunction instantiation "pll_hdmi:pll_hdmi|pll_hdmi_0002:pll_hdmi_inst|altera_pll:altera_pll_i|dprio_init:dprio_init_inst", which is child of megafunction instantiation "pll_hdmi:pll_hdmi|pll_hdmi_0002:pll_hdmi_inst|altera_pll:altera_pll_i" File: c:/intelfpga_lite/17.0/quartus/libraries/megafunctions/altera_pll.v Line: 784
Info (12128): Elaborating entity "altera_pll_dps_lcell_comb" for hierarchy "pll_hdmi:pll_hdmi|pll_hdmi_0002:pll_hdmi_inst|altera_pll:altera_pll_i|altera_pll_dps_lcell_comb:lcell_cntsel_int_0" File: c:/intelfpga_lite/17.0/quartus/libraries/megafunctions/altera_pll.v Line: 1961
Info (12131): Elaborated megafunction instantiation "pll_hdmi:pll_hdmi|pll_hdmi_0002:pll_hdmi_inst|altera_pll:altera_pll_i|altera_pll_dps_lcell_comb:lcell_cntsel_int_0", which is child of megafunction instantiation "pll_hdmi:pll_hdmi|pll_hdmi_0002:pll_hdmi_inst|altera_pll:altera_pll_i" File: c:/intelfpga_lite/17.0/quartus/libraries/megafunctions/altera_pll.v Line: 1961
Info (12128): Elaborating entity "altera_pll_dps_lcell_comb" for hierarchy "pll_hdmi:pll_hdmi|pll_hdmi_0002:pll_hdmi_inst|altera_pll:altera_pll_i|altera_pll_dps_lcell_comb:lcell_cntsel_int_1" File: c:/intelfpga_lite/17.0/quartus/libraries/megafunctions/altera_pll.v Line: 1972
Info (12131): Elaborated megafunction instantiation "pll_hdmi:pll_hdmi|pll_hdmi_0002:pll_hdmi_inst|altera_pll:altera_pll_i|altera_pll_dps_lcell_comb:lcell_cntsel_int_1", which is child of megafunction instantiation "pll_hdmi:pll_hdmi|pll_hdmi_0002:pll_hdmi_inst|altera_pll:altera_pll_i" File: c:/intelfpga_lite/17.0/quartus/libraries/megafunctions/altera_pll.v Line: 1972
Info (12128): Elaborating entity "altera_pll_dps_lcell_comb" for hierarchy "pll_hdmi:pll_hdmi|pll_hdmi_0002:pll_hdmi_inst|altera_pll:altera_pll_i|altera_pll_dps_lcell_comb:lcell_cntsel_int_2" File: c:/intelfpga_lite/17.0/quartus/libraries/megafunctions/altera_pll.v Line: 1983
Info (12131): Elaborated megafunction instantiation "pll_hdmi:pll_hdmi|pll_hdmi_0002:pll_hdmi_inst|altera_pll:altera_pll_i|altera_pll_dps_lcell_comb:lcell_cntsel_int_2", which is child of megafunction instantiation "pll_hdmi:pll_hdmi|pll_hdmi_0002:pll_hdmi_inst|altera_pll:altera_pll_i" File: c:/intelfpga_lite/17.0/quartus/libraries/megafunctions/altera_pll.v Line: 1983
Info (12128): Elaborating entity "altera_pll_dps_lcell_comb" for hierarchy "pll_hdmi:pll_hdmi|pll_hdmi_0002:pll_hdmi_inst|altera_pll:altera_pll_i|altera_pll_dps_lcell_comb:lcell_cntsel_int_3" File: c:/intelfpga_lite/17.0/quartus/libraries/megafunctions/altera_pll.v Line: 1994
Info (12131): Elaborated megafunction instantiation "pll_hdmi:pll_hdmi|pll_hdmi_0002:pll_hdmi_inst|altera_pll:altera_pll_i|altera_pll_dps_lcell_comb:lcell_cntsel_int_3", which is child of megafunction instantiation "pll_hdmi:pll_hdmi|pll_hdmi_0002:pll_hdmi_inst|altera_pll:altera_pll_i" File: c:/intelfpga_lite/17.0/quartus/libraries/megafunctions/altera_pll.v Line: 1994
Info (12128): Elaborating entity "altera_pll_dps_lcell_comb" for hierarchy "pll_hdmi:pll_hdmi|pll_hdmi_0002:pll_hdmi_inst|altera_pll:altera_pll_i|altera_pll_dps_lcell_comb:lcell_cntsel_int_4" File: c:/intelfpga_lite/17.0/quartus/libraries/megafunctions/altera_pll.v Line: 2005
Info (12131): Elaborated megafunction instantiation "pll_hdmi:pll_hdmi|pll_hdmi_0002:pll_hdmi_inst|altera_pll:altera_pll_i|altera_pll_dps_lcell_comb:lcell_cntsel_int_4", which is child of megafunction instantiation "pll_hdmi:pll_hdmi|pll_hdmi_0002:pll_hdmi_inst|altera_pll:altera_pll_i" File: c:/intelfpga_lite/17.0/quartus/libraries/megafunctions/altera_pll.v Line: 2005
Info (12128): Elaborating entity "altera_cyclonev_pll" for hierarchy "pll_hdmi:pll_hdmi|pll_hdmi_0002:pll_hdmi_inst|altera_pll:altera_pll_i|altera_cyclonev_pll:cyclonev_pll" File: c:/intelfpga_lite/17.0/quartus/libraries/megafunctions/altera_pll.v Line: 2224
Info (12131): Elaborated megafunction instantiation "pll_hdmi:pll_hdmi|pll_hdmi_0002:pll_hdmi_inst|altera_pll:altera_pll_i|altera_cyclonev_pll:cyclonev_pll", which is child of megafunction instantiation "pll_hdmi:pll_hdmi|pll_hdmi_0002:pll_hdmi_inst|altera_pll:altera_pll_i" File: c:/intelfpga_lite/17.0/quartus/libraries/megafunctions/altera_pll.v Line: 2224
Info (12128): Elaborating entity "altera_cyclonev_pll_base" for hierarchy "pll_hdmi:pll_hdmi|pll_hdmi_0002:pll_hdmi_inst|altera_pll:altera_pll_i|altera_cyclonev_pll:cyclonev_pll|altera_cyclonev_pll_base:fpll_0" File: c:/intelfpga_lite/17.0/quartus/libraries/megafunctions/altera_cyclonev_pll.v Line: 1153
Info (12131): Elaborated megafunction instantiation "pll_hdmi:pll_hdmi|pll_hdmi_0002:pll_hdmi_inst|altera_pll:altera_pll_i|altera_cyclonev_pll:cyclonev_pll|altera_cyclonev_pll_base:fpll_0", which is child of megafunction instantiation "pll_hdmi:pll_hdmi|pll_hdmi_0002:pll_hdmi_inst|altera_pll:altera_pll_i" File: c:/intelfpga_lite/17.0/quartus/libraries/megafunctions/altera_cyclonev_pll.v Line: 1153
Info (12128): Elaborating entity "pll_cfg_hdmi" for hierarchy "pll_cfg_hdmi:pll_cfg_hdmi" File: C:/Temp/mistercore/lbmactwo_MiSTer/sys/sys_top.v Line: 1069
Info (12128): Elaborating entity "altera_std_synchronizer" for hierarchy "pll_cfg_hdmi:pll_cfg_hdmi|altera_std_synchronizer:altera_std_synchronizer_inst" File: C:/Temp/mistercore/lbmactwo_MiSTer/sys/pll_cfg/pll_cfg_hdmi.v Line: 271
Info (12130): Elaborated megafunction instantiation "pll_cfg_hdmi:pll_cfg_hdmi|altera_std_synchronizer:altera_std_synchronizer_inst" File: C:/Temp/mistercore/lbmactwo_MiSTer/sys/pll_cfg/pll_cfg_hdmi.v Line: 271
Info (12133): Instantiated megafunction "pll_cfg_hdmi:pll_cfg_hdmi|altera_std_synchronizer:altera_std_synchronizer_inst" with the following parameter: File: C:/Temp/mistercore/lbmactwo_MiSTer/sys/pll_cfg/pll_cfg_hdmi.v Line: 271
    Info (12134): Parameter "depth" = "3"
Info (12128): Elaborating entity "dyn_phase_shift" for hierarchy "pll_cfg_hdmi:pll_cfg_hdmi|dyn_phase_shift:dyn_phase_shift_inst" File: C:/Temp/mistercore/lbmactwo_MiSTer/sys/pll_cfg/pll_cfg_hdmi.v Line: 1169
Info (12128): Elaborating entity "generic_lcell_comb" for hierarchy "pll_cfg_hdmi:pll_cfg_hdmi|dyn_phase_shift:dyn_phase_shift_inst|generic_lcell_comb:lcell_cnt_sel_0" File: C:/Temp/mistercore/lbmactwo_MiSTer/sys/pll_cfg/altera_pll_reconfig_core.v Line: 2060
Info (12128): Elaborating entity "generic_lcell_comb" for hierarchy "pll_cfg_hdmi:pll_cfg_hdmi|dyn_phase_shift:dyn_phase_shift_inst|generic_lcell_comb:lcell_cnt_sel_1" File: C:/Temp/mistercore/lbmactwo_MiSTer/sys/pll_cfg/altera_pll_reconfig_core.v Line: 2071
Info (12128): Elaborating entity "generic_lcell_comb" for hierarchy "pll_cfg_hdmi:pll_cfg_hdmi|dyn_phase_shift:dyn_phase_shift_inst|generic_lcell_comb:lcell_cnt_sel_2" File: C:/Temp/mistercore/lbmactwo_MiSTer/sys/pll_cfg/altera_pll_reconfig_core.v Line: 2082
Info (12128): Elaborating entity "generic_lcell_comb" for hierarchy "pll_cfg_hdmi:pll_cfg_hdmi|dyn_phase_shift:dyn_phase_shift_inst|generic_lcell_comb:lcell_cnt_sel_3" File: C:/Temp/mistercore/lbmactwo_MiSTer/sys/pll_cfg/altera_pll_reconfig_core.v Line: 2093
Info (12128): Elaborating entity "generic_lcell_comb" for hierarchy "pll_cfg_hdmi:pll_cfg_hdmi|dyn_phase_shift:dyn_phase_shift_inst|generic_lcell_comb:lcell_cnt_sel_4" File: C:/Temp/mistercore/lbmactwo_MiSTer/sys/pll_cfg/altera_pll_reconfig_core.v Line: 2104
Info (12128): Elaborating entity "self_reset" for hierarchy "pll_cfg_hdmi:pll_cfg_hdmi|self_reset:self_reset_inst" File: C:/Temp/mistercore/lbmactwo_MiSTer/sys/pll_cfg/pll_cfg_hdmi.v Line: 1173
Info (12128): Elaborating entity "dprio_mux" for hierarchy "pll_cfg_hdmi:pll_cfg_hdmi|dprio_mux:dprio_mux_inst" File: C:/Temp/mistercore/lbmactwo_MiSTer/sys/pll_cfg/pll_cfg_hdmi.v Line: 1211
Info (12128): Elaborating entity "fpll_dprio_init" for hierarchy "pll_cfg_hdmi:pll_cfg_hdmi|fpll_dprio_init:fpll_dprio_init_inst" File: C:/Temp/mistercore/lbmactwo_MiSTer/sys/pll_cfg/pll_cfg_hdmi.v Line: 1230
Info (12128): Elaborating entity "shadowmask" for hierarchy "shadowmask:HDMI_shadowmask" File: C:/Temp/mistercore/lbmactwo_MiSTer/sys/sys_top.v Line: 1163
Info (12128): Elaborating entity "osd" for hierarchy "osd:hdmi_osd" File: C:/Temp/mistercore/lbmactwo_MiSTer/sys/sys_top.v Line: 1186
Info (12128): Elaborating entity "csync" for hierarchy "csync:csync_hdmi" File: C:/Temp/mistercore/lbmactwo_MiSTer/sys/sys_top.v Line: 1189
Info (12128): Elaborating entity "altddio_out" for hierarchy "altddio_out:hdmiclk_ddr" File: C:/Temp/mistercore/lbmactwo_MiSTer/sys/sys_top.v Line: 1282
Info (12130): Elaborated megafunction instantiation "altddio_out:hdmiclk_ddr" File: C:/Temp/mistercore/lbmactwo_MiSTer/sys/sys_top.v Line: 1282
Info (12133): Instantiated megafunction "altddio_out:hdmiclk_ddr" with the following parameter: File: C:/Temp/mistercore/lbmactwo_MiSTer/sys/sys_top.v Line: 1282
    Info (12134): Parameter "extend_oe_disable" = "OFF"
    Info (12134): Parameter "intended_device_family" = "Cyclone V"
    Info (12134): Parameter "invert_output" = "OFF"
    Info (12134): Parameter "lpm_hint" = "UNUSED"
    Info (12134): Parameter "lpm_type" = "altddio_out"
    Info (12134): Parameter "oe_reg" = "UNREGISTERED"
    Info (12134): Parameter "power_up_high" = "OFF"
    Info (12134): Parameter "width" = "1"
Info (12021): Found 1 design units, including 1 entities, in source file db/ddio_out_b2j.tdf
    Info (12023): Found entity 1: ddio_out_b2j File: C:/Temp/mistercore/lbmactwo_MiSTer/db/ddio_out_b2j.tdf Line: 28
Info (12128): Elaborating entity "ddio_out_b2j" for hierarchy "altddio_out:hdmiclk_ddr|ddio_out_b2j:auto_generated" File: c:/intelfpga_lite/17.0/quartus/libraries/megafunctions/altddio_out.tdf Line: 101
Info (12128): Elaborating entity "altddio_out" for hierarchy "altddio_out:vgaclk_ddr" File: C:/Temp/mistercore/lbmactwo_MiSTer/sys/sys_top.v Line: 1363
Info (12130): Elaborated megafunction instantiation "altddio_out:vgaclk_ddr" File: C:/Temp/mistercore/lbmactwo_MiSTer/sys/sys_top.v Line: 1363
Info (12133): Instantiated megafunction "altddio_out:vgaclk_ddr" with the following parameter: File: C:/Temp/mistercore/lbmactwo_MiSTer/sys/sys_top.v Line: 1363
    Info (12134): Parameter "extend_oe_disable" = "OFF"
    Info (12134): Parameter "intended_device_family" = "Cyclone V"
    Info (12134): Parameter "invert_output" = "OFF"
    Info (12134): Parameter "lpm_hint" = "UNUSED"
    Info (12134): Parameter "lpm_type" = "altddio_out"
    Info (12134): Parameter "oe_reg" = "UNREGISTERED"
    Info (12134): Parameter "power_up_high" = "OFF"
    Info (12134): Parameter "width" = "1"
Info (12021): Found 1 design units, including 1 entities, in source file db/ddio_out_1oj.tdf
    Info (12023): Found entity 1: ddio_out_1oj File: C:/Temp/mistercore/lbmactwo_MiSTer/db/ddio_out_1oj.tdf Line: 30
Info (12128): Elaborating entity "ddio_out_1oj" for hierarchy "altddio_out:vgaclk_ddr|ddio_out_1oj:auto_generated" File: c:/intelfpga_lite/17.0/quartus/libraries/megafunctions/altddio_out.tdf Line: 101
Info (12128): Elaborating entity "scanlines" for hierarchy "scanlines:VGA_scanlines" File: C:/Temp/mistercore/lbmactwo_MiSTer/sys/sys_top.v Line: 1384
Info (12128): Elaborating entity "yc_out" for hierarchy "yc_out:yc_out" File: C:/Temp/mistercore/lbmactwo_MiSTer/sys/sys_top.v Line: 1437
Info (12128): Elaborating entity "vga_out" for hierarchy "vga_out:vga_scaler_out" File: C:/Temp/mistercore/lbmactwo_MiSTer/sys/sys_top.v Line: 1472
Info (12128): Elaborating entity "pll_audio" for hierarchy "pll_audio:pll_audio" File: C:/Temp/mistercore/lbmactwo_MiSTer/sys/sys_top.v Line: 1562
Info (12128): Elaborating entity "pll_audio_0002" for hierarchy "pll_audio:pll_audio|pll_audio_0002:pll_audio_inst" File: C:/Temp/mistercore/lbmactwo_MiSTer/sys/pll_audio.v Line: 19
Info (12128): Elaborating entity "altera_pll" for hierarchy "pll_audio:pll_audio|pll_audio_0002:pll_audio_inst|altera_pll:altera_pll_i" File: C:/Temp/mistercore/lbmactwo_MiSTer/sys/pll_audio/pll_audio_0002.v Line: 85
Info (10008): Verilog HDL or VHDL information: EDA Netlist Writer cannot regroup multidimensional array "wire_to_nowhere_64" into its bus
Info (12130): Elaborated megafunction instantiation "pll_audio:pll_audio|pll_audio_0002:pll_audio_inst|altera_pll:altera_pll_i" File: C:/Temp/mistercore/lbmactwo_MiSTer/sys/pll_audio/pll_audio_0002.v Line: 85
Info (12133): Instantiated megafunction "pll_audio:pll_audio|pll_audio_0002:pll_audio_inst|altera_pll:altera_pll_i" with the following parameter: File: C:/Temp/mistercore/lbmactwo_MiSTer/sys/pll_audio/pll_audio_0002.v Line: 85
    Info (12134): Parameter "fractional_vco_multiplier" = "true"
    Info (12134): Parameter "reference_clock_frequency" = "50.0 MHz"
    Info (12134): Parameter "operation_mode" = "direct"
    Info (12134): Parameter "number_of_clocks" = "1"
    Info (12134): Parameter "output_clock_frequency0" = "24.576000 MHz"
    Info (12134): Parameter "phase_shift0" = "0 ps"
    Info (12134): Parameter "duty_cycle0" = "50"
    Info (12134): Parameter "output_clock_frequency1" = "0 MHz"
    Info (12134): Parameter "phase_shift1" = "0 ps"
    Info (12134): Parameter "duty_cycle1" = "50"
    Info (12134): Parameter "output_clock_frequency2" = "0 MHz"
    Info (12134): Parameter "phase_shift2" = "0 ps"
    Info (12134): Parameter "duty_cycle2" = "50"
    Info (12134): Parameter "output_clock_frequency3" = "0 MHz"
    Info (12134): Parameter "phase_shift3" = "0 ps"
    Info (12134): Parameter "duty_cycle3" = "50"
    Info (12134): Parameter "output_clock_frequency4" = "0 MHz"
    Info (12134): Parameter "phase_shift4" = "0 ps"
    Info (12134): Parameter "duty_cycle4" = "50"
    Info (12134): Parameter "output_clock_frequency5" = "0 MHz"
    Info (12134): Parameter "phase_shift5" = "0 ps"
    Info (12134): Parameter "duty_cycle5" = "50"
    Info (12134): Parameter "output_clock_frequency6" = "0 MHz"
    Info (12134): Parameter "phase_shift6" = "0 ps"
    Info (12134): Parameter "duty_cycle6" = "50"
    Info (12134): Parameter "output_clock_frequency7" = "0 MHz"
    Info (12134): Parameter "phase_shift7" = "0 ps"
    Info (12134): Parameter "duty_cycle7" = "50"
    Info (12134): Parameter "output_clock_frequency8" = "0 MHz"
    Info (12134): Parameter "phase_shift8" = "0 ps"
    Info (12134): Parameter "duty_cycle8" = "50"
    Info (12134): Parameter "output_clock_frequency9" = "0 MHz"
    Info (12134): Parameter "phase_shift9" = "0 ps"
    Info (12134): Parameter "duty_cycle9" = "50"
    Info (12134): Parameter "output_clock_frequency10" = "0 MHz"
    Info (12134): Parameter "phase_shift10" = "0 ps"
    Info (12134): Parameter "duty_cycle10" = "50"
    Info (12134): Parameter "output_clock_frequency11" = "0 MHz"
    Info (12134): Parameter "phase_shift11" = "0 ps"
    Info (12134): Parameter "duty_cycle11" = "50"
    Info (12134): Parameter "output_clock_frequency12" = "0 MHz"
    Info (12134): Parameter "phase_shift12" = "0 ps"
    Info (12134): Parameter "duty_cycle12" = "50"
    Info (12134): Parameter "output_clock_frequency13" = "0 MHz"
    Info (12134): Parameter "phase_shift13" = "0 ps"
    Info (12134): Parameter "duty_cycle13" = "50"
    Info (12134): Parameter "output_clock_frequency14" = "0 MHz"
    Info (12134): Parameter "phase_shift14" = "0 ps"
    Info (12134): Parameter "duty_cycle14" = "50"
    Info (12134): Parameter "output_clock_frequency15" = "0 MHz"
    Info (12134): Parameter "phase_shift15" = "0 ps"
    Info (12134): Parameter "duty_cycle15" = "50"
    Info (12134): Parameter "output_clock_frequency16" = "0 MHz"
    Info (12134): Parameter "phase_shift16" = "0 ps"
    Info (12134): Parameter "duty_cycle16" = "50"
    Info (12134): Parameter "output_clock_frequency17" = "0 MHz"
    Info (12134): Parameter "phase_shift17" = "0 ps"
    Info (12134): Parameter "duty_cycle17" = "50"
    Info (12134): Parameter "pll_type" = "General"
    Info (12134): Parameter "pll_subtype" = "General"
Info (12128): Elaborating entity "audio_out" for hierarchy "audio_out:audio_out" File: C:/Temp/mistercore/lbmactwo_MiSTer/sys/sys_top.v Line: 1600
Info (12128): Elaborating entity "i2s" for hierarchy "audio_out:audio_out|i2s:i2s" File: C:/Temp/mistercore/lbmactwo_MiSTer/sys/audio_out.v Line: 88
Info (12128): Elaborating entity "spdif" for hierarchy "audio_out:audio_out|spdif:toslink" File: C:/Temp/mistercore/lbmactwo_MiSTer/sys/audio_out.v Line: 99
Info (12128): Elaborating entity "sigma_delta_dac" for hierarchy "audio_out:audio_out|sigma_delta_dac:sd_l" File: C:/Temp/mistercore/lbmactwo_MiSTer/sys/audio_out.v Line: 107
Info (12128): Elaborating entity "IIR_filter" for hierarchy "audio_out:audio_out|IIR_filter:IIR_filter" File: C:/Temp/mistercore/lbmactwo_MiSTer/sys/audio_out.v Line: 200
Info (12128): Elaborating entity "iir_filter_tap" for hierarchy "audio_out:audio_out|IIR_filter:IIR_filter|iir_filter_tap:iir_tap_0" File: C:/Temp/mistercore/lbmactwo_MiSTer/sys/iir_filter.v Line: 82
Info (12128): Elaborating entity "DC_blocker" for hierarchy "audio_out:audio_out|DC_blocker:dcb_l" File: C:/Temp/mistercore/lbmactwo_MiSTer/sys/audio_out.v Line: 211
Info (12128): Elaborating entity "aud_mix_top" for hierarchy "audio_out:audio_out|aud_mix_top:audmix_l" File: C:/Temp/mistercore/lbmactwo_MiSTer/sys/audio_out.v Line: 238
Info (12128): Elaborating entity "alsa" for hierarchy "alsa:alsa" File: C:/Temp/mistercore/lbmactwo_MiSTer/sys/sys_top.v Line: 1640
Info (12128): Elaborating entity "sync_fix" for hierarchy "sync_fix:sync_v" File: C:/Temp/mistercore/lbmactwo_MiSTer/sys/sys_top.v Line: 1691
Info (12128): Elaborating entity "emu" for hierarchy "emu:emu" File: C:/Temp/mistercore/lbmactwo_MiSTer/sys/sys_top.v Line: 1864
Warning (10036): Verilog HDL or VHDL warning at LBMacTwo.sv(257): object "status_mod" assigned a value but never read File: C:/Temp/mistercore/lbmactwo_MiSTer/LBMacTwo.sv Line: 257
Warning (10036): Verilog HDL or VHDL warning at LBMacTwo.sv(443): object "_cpuReset_o" assigned a value but never read File: C:/Temp/mistercore/lbmactwo_MiSTer/LBMacTwo.sv Line: 443
Info (12128): Elaborating entity "video_freak" for hierarchy "emu:emu|video_freak:video_freak" File: C:/Temp/mistercore/lbmactwo_MiSTer/LBMacTwo.sv Line: 211
Info (12128): Elaborating entity "video_scale_int" for hierarchy "emu:emu|video_freak:video_freak|video_scale_int:scale" File: C:/Temp/mistercore/lbmactwo_MiSTer/sys/video_freak.sv Line: 136
Info (12128): Elaborating entity "pll" for hierarchy "emu:emu|pll:pll" File: C:/Temp/mistercore/lbmactwo_MiSTer/LBMacTwo.sv Line: 254
Info (12128): Elaborating entity "pll_0002" for hierarchy "emu:emu|pll:pll|pll_0002:pll_inst" File: C:/Temp/mistercore/lbmactwo_MiSTer/rtl/pll.v Line: 22
Info (12128): Elaborating entity "altera_pll" for hierarchy "emu:emu|pll:pll|pll_0002:pll_inst|altera_pll:altera_pll_i" File: C:/Temp/mistercore/lbmactwo_MiSTer/rtl/pll/pll_0002.v Line: 88
Info (10008): Verilog HDL or VHDL information: EDA Netlist Writer cannot regroup multidimensional array "wire_to_nowhere_64" into its bus
Info (12130): Elaborated megafunction instantiation "emu:emu|pll:pll|pll_0002:pll_inst|altera_pll:altera_pll_i" File: C:/Temp/mistercore/lbmactwo_MiSTer/rtl/pll/pll_0002.v Line: 88
Info (12133): Instantiated megafunction "emu:emu|pll:pll|pll_0002:pll_inst|altera_pll:altera_pll_i" with the following parameter: File: C:/Temp/mistercore/lbmactwo_MiSTer/rtl/pll/pll_0002.v Line: 88
    Info (12134): Parameter "fractional_vco_multiplier" = "true"
    Info (12134): Parameter "reference_clock_frequency" = "50.0 MHz"
    Info (12134): Parameter "operation_mode" = "direct"
    Info (12134): Parameter "number_of_clocks" = "2"
    Info (12134): Parameter "output_clock_frequency0" = "62.668800 MHz"
    Info (12134): Parameter "phase_shift0" = "0 ps"
    Info (12134): Parameter "duty_cycle0" = "50"
    Info (12134): Parameter "output_clock_frequency1" = "31.334400 MHz"
    Info (12134): Parameter "phase_shift1" = "0 ps"
    Info (12134): Parameter "duty_cycle1" = "50"
    Info (12134): Parameter "output_clock_frequency2" = "0 MHz"
    Info (12134): Parameter "phase_shift2" = "0 ps"
    Info (12134): Parameter "duty_cycle2" = "50"
    Info (12134): Parameter "output_clock_frequency3" = "0 MHz"
    Info (12134): Parameter "phase_shift3" = "0 ps"
    Info (12134): Parameter "duty_cycle3" = "50"
    Info (12134): Parameter "output_clock_frequency4" = "0 MHz"
    Info (12134): Parameter "phase_shift4" = "0 ps"
    Info (12134): Parameter "duty_cycle4" = "50"
    Info (12134): Parameter "output_clock_frequency5" = "0 MHz"
    Info (12134): Parameter "phase_shift5" = "0 ps"
    Info (12134): Parameter "duty_cycle5" = "50"
    Info (12134): Parameter "output_clock_frequency6" = "0 MHz"
    Info (12134): Parameter "phase_shift6" = "0 ps"
    Info (12134): Parameter "duty_cycle6" = "50"
    Info (12134): Parameter "output_clock_frequency7" = "0 MHz"
    Info (12134): Parameter "phase_shift7" = "0 ps"
    Info (12134): Parameter "duty_cycle7" = "50"
    Info (12134): Parameter "output_clock_frequency8" = "0 MHz"
    Info (12134): Parameter "phase_shift8" = "0 ps"
    Info (12134): Parameter "duty_cycle8" = "50"
    Info (12134): Parameter "output_clock_frequency9" = "0 MHz"
    Info (12134): Parameter "phase_shift9" = "0 ps"
    Info (12134): Parameter "duty_cycle9" = "50"
    Info (12134): Parameter "output_clock_frequency10" = "0 MHz"
    Info (12134): Parameter "phase_shift10" = "0 ps"
    Info (12134): Parameter "duty_cycle10" = "50"
    Info (12134): Parameter "output_clock_frequency11" = "0 MHz"
    Info (12134): Parameter "phase_shift11" = "0 ps"
    Info (12134): Parameter "duty_cycle11" = "50"
    Info (12134): Parameter "output_clock_frequency12" = "0 MHz"
    Info (12134): Parameter "phase_shift12" = "0 ps"
    Info (12134): Parameter "duty_cycle12" = "50"
    Info (12134): Parameter "output_clock_frequency13" = "0 MHz"
    Info (12134): Parameter "phase_shift13" = "0 ps"
    Info (12134): Parameter "duty_cycle13" = "50"
    Info (12134): Parameter "output_clock_frequency14" = "0 MHz"
    Info (12134): Parameter "phase_shift14" = "0 ps"
    Info (12134): Parameter "duty_cycle14" = "50"
    Info (12134): Parameter "output_clock_frequency15" = "0 MHz"
    Info (12134): Parameter "phase_shift15" = "0 ps"
    Info (12134): Parameter "duty_cycle15" = "50"
    Info (12134): Parameter "output_clock_frequency16" = "0 MHz"
    Info (12134): Parameter "phase_shift16" = "0 ps"
    Info (12134): Parameter "duty_cycle16" = "50"
    Info (12134): Parameter "output_clock_frequency17" = "0 MHz"
    Info (12134): Parameter "phase_shift17" = "0 ps"
    Info (12134): Parameter "duty_cycle17" = "50"
    Info (12134): Parameter "pll_type" = "General"
    Info (12134): Parameter "pll_subtype" = "General"
Info (12128): Elaborating entity "hps_io" for hierarchy "emu:emu|hps_io:hps_io" File: C:/Temp/mistercore/lbmactwo_MiSTer/LBMacTwo.sv Line: 365
Info (10264): Verilog HDL Case Statement information at hps_io.sv(419): all case item expressions in this case statement are onehot File: C:/Temp/mistercore/lbmactwo_MiSTer/sys/hps_io.sv Line: 419
Info (10264): Verilog HDL Case Statement information at hps_io.sv(448): all case item expressions in this case statement are onehot File: C:/Temp/mistercore/lbmactwo_MiSTer/sys/hps_io.sv Line: 448
Info (12128): Elaborating entity "video_calc" for hierarchy "emu:emu|hps_io:hps_io|video_calc:video_calc" File: C:/Temp/mistercore/lbmactwo_MiSTer/sys/hps_io.sv Line: 231
Info (12128): Elaborating entity "hmmu" for hierarchy "emu:emu|hmmu:u_hmmu" File: C:/Temp/mistercore/lbmactwo_MiSTer/LBMacTwo.sv Line: 576
Info (12128): Elaborating entity "tg68k" for hierarchy "emu:emu|tg68k:tg68k_inst" File: C:/Temp/mistercore/lbmactwo_MiSTer/LBMacTwo.sv Line: 692
Info (12128): Elaborating entity "TG68KdotC_Kernel" for hierarchy "emu:emu|tg68k:tg68k_inst|TG68KdotC_Kernel:tg68k" File: C:/Temp/mistercore/lbmactwo_MiSTer/rtl/tg68k/tg68k.v Line: 240
Warning (10036): Verilog HDL or VHDL warning at TG68KdotC_Kernel.vhd(379): object "cp_xfer_cnt" assigned a value but never read File: C:/Temp/mistercore/lbmactwo_MiSTer/rtl/tg68k/TG68KdotC_Kernel.vhd Line: 379
Warning (10492): VHDL Process Statement warning at TG68KdotC_Kernel.vhd(4389): signal "exe_opcode" is read inside the Process Statement but isn't in the Process Statement's sensitivity list File: C:/Temp/mistercore/lbmactwo_MiSTer/rtl/tg68k/TG68KdotC_Kernel.vhd Line: 4389
Warning (10492): VHDL Process Statement warning at TG68KdotC_Kernel.vhd(4393): signal "exe_opcode" is read inside the Process Statement but isn't in the Process Statement's sensitivity list File: C:/Temp/mistercore/lbmactwo_MiSTer/rtl/tg68k/TG68KdotC_Kernel.vhd Line: 4393
Warning (10492): VHDL Process Statement warning at TG68KdotC_Kernel.vhd(4396): signal "exe_opcode" is read inside the Process Statement but isn't in the Process Statement's sensitivity list File: C:/Temp/mistercore/lbmactwo_MiSTer/rtl/tg68k/TG68KdotC_Kernel.vhd Line: 4396
Warning (10492): VHDL Process Statement warning at TG68KdotC_Kernel.vhd(4399): signal "exe_opcode" is read inside the Process Statement but isn't in the Process Statement's sensitivity list File: C:/Temp/mistercore/lbmactwo_MiSTer/rtl/tg68k/TG68KdotC_Kernel.vhd Line: 4399
Warning (10492): VHDL Process Statement warning at TG68KdotC_Kernel.vhd(4436): signal "data_in" is read inside the Process Statement but isn't in the Process Statement's sensitivity list File: C:/Temp/mistercore/lbmactwo_MiSTer/rtl/tg68k/TG68KdotC_Kernel.vhd Line: 4436
Warning (10492): VHDL Process Statement warning at TG68KdotC_Kernel.vhd(4438): signal "data_in" is read inside the Process Statement but isn't in the Process Statement's sensitivity list File: C:/Temp/mistercore/lbmactwo_MiSTer/rtl/tg68k/TG68KdotC_Kernel.vhd Line: 4438
Warning (10492): VHDL Process Statement warning at TG68KdotC_Kernel.vhd(4443): signal "data_in" is read inside the Process Statement but isn't in the Process Statement's sensitivity list File: C:/Temp/mistercore/lbmactwo_MiSTer/rtl/tg68k/TG68KdotC_Kernel.vhd Line: 4443
Warning (10492): VHDL Process Statement warning at TG68KdotC_Kernel.vhd(4450): signal "data_in" is read inside the Process Statement but isn't in the Process Statement's sensitivity list File: C:/Temp/mistercore/lbmactwo_MiSTer/rtl/tg68k/TG68KdotC_Kernel.vhd Line: 4450
Warning (10492): VHDL Process Statement warning at TG68KdotC_Kernel.vhd(4572): signal "cp_save_fmt" is read inside the Process Statement but isn't in the Process Statement's sensitivity list File: C:/Temp/mistercore/lbmactwo_MiSTer/rtl/tg68k/TG68KdotC_Kernel.vhd Line: 4572
Warning (10492): VHDL Process Statement warning at TG68KdotC_Kernel.vhd(4586): signal "cp_frame_cnt" is read inside the Process Statement but isn't in the Process Statement's sensitivity list File: C:/Temp/mistercore/lbmactwo_MiSTer/rtl/tg68k/TG68KdotC_Kernel.vhd Line: 4586
Warning (10492): VHDL Process Statement warning at TG68KdotC_Kernel.vhd(4589): signal "cp_frame_cnt" is read inside the Process Statement but isn't in the Process Statement's sensitivity list File: C:/Temp/mistercore/lbmactwo_MiSTer/rtl/tg68k/TG68KdotC_Kernel.vhd Line: 4589
Warning (10492): VHDL Process Statement warning at TG68KdotC_Kernel.vhd(4622): signal "cp_frame_cnt" is read inside the Process Statement but isn't in the Process Statement's sensitivity list File: C:/Temp/mistercore/lbmactwo_MiSTer/rtl/tg68k/TG68KdotC_Kernel.vhd Line: 4622
Warning (10492): VHDL Process Statement warning at TG68KdotC_Kernel.vhd(4657): signal "cp_frame_cnt" is read inside the Process Statement but isn't in the Process Statement's sensitivity list File: C:/Temp/mistercore/lbmactwo_MiSTer/rtl/tg68k/TG68KdotC_Kernel.vhd Line: 4657
Warning (10492): VHDL Process Statement warning at TG68KdotC_Kernel.vhd(4696): signal "data_in" is read inside the Process Statement but isn't in the Process Statement's sensitivity list File: C:/Temp/mistercore/lbmactwo_MiSTer/rtl/tg68k/TG68KdotC_Kernel.vhd Line: 4696
Warning (10492): VHDL Process Statement warning at TG68KdotC_Kernel.vhd(4697): signal "data_in" is read inside the Process Statement but isn't in the Process Statement's sensitivity list File: C:/Temp/mistercore/lbmactwo_MiSTer/rtl/tg68k/TG68KdotC_Kernel.vhd Line: 4697
Warning (10492): VHDL Process Statement warning at TG68KdotC_Kernel.vhd(4702): signal "data_in" is read inside the Process Statement but isn't in the Process Statement's sensitivity list File: C:/Temp/mistercore/lbmactwo_MiSTer/rtl/tg68k/TG68KdotC_Kernel.vhd Line: 4702
Warning (10492): VHDL Process Statement warning at TG68KdotC_Kernel.vhd(4703): signal "data_in" is read inside the Process Statement but isn't in the Process Statement's sensitivity list File: C:/Temp/mistercore/lbmactwo_MiSTer/rtl/tg68k/TG68KdotC_Kernel.vhd Line: 4703
Warning (10492): VHDL Process Statement warning at TG68KdotC_Kernel.vhd(4710): signal "exe_opcode" is read inside the Process Statement but isn't in the Process Statement's sensitivity list File: C:/Temp/mistercore/lbmactwo_MiSTer/rtl/tg68k/TG68KdotC_Kernel.vhd Line: 4710
Warning (10492): VHDL Process Statement warning at TG68KdotC_Kernel.vhd(4718): signal "exe_opcode" is read inside the Process Statement but isn't in the Process Statement's sensitivity list File: C:/Temp/mistercore/lbmactwo_MiSTer/rtl/tg68k/TG68KdotC_Kernel.vhd Line: 4718
Warning (10492): VHDL Process Statement warning at TG68KdotC_Kernel.vhd(4719): signal "exe_opcode" is read inside the Process Statement but isn't in the Process Statement's sensitivity list File: C:/Temp/mistercore/lbmactwo_MiSTer/rtl/tg68k/TG68KdotC_Kernel.vhd Line: 4719
Warning (10492): VHDL Process Statement warning at TG68KdotC_Kernel.vhd(4721): signal "data_in" is read inside the Process Statement but isn't in the Process Statement's sensitivity list File: C:/Temp/mistercore/lbmactwo_MiSTer/rtl/tg68k/TG68KdotC_Kernel.vhd Line: 4721
Warning (10492): VHDL Process Statement warning at TG68KdotC_Kernel.vhd(4725): signal "exe_opcode" is read inside the Process Statement but isn't in the Process Statement's sensitivity list File: C:/Temp/mistercore/lbmactwo_MiSTer/rtl/tg68k/TG68KdotC_Kernel.vhd Line: 4725
Warning (10492): VHDL Process Statement warning at TG68KdotC_Kernel.vhd(4727): signal "data_in" is read inside the Process Statement but isn't in the Process Statement's sensitivity list File: C:/Temp/mistercore/lbmactwo_MiSTer/rtl/tg68k/TG68KdotC_Kernel.vhd Line: 4727
Warning (10492): VHDL Process Statement warning at TG68KdotC_Kernel.vhd(4733): signal "exe_opcode" is read inside the Process Statement but isn't in the Process Statement's sensitivity list File: C:/Temp/mistercore/lbmactwo_MiSTer/rtl/tg68k/TG68KdotC_Kernel.vhd Line: 4733
Warning (10492): VHDL Process Statement warning at TG68KdotC_Kernel.vhd(4760): signal "cp_cond_true" is read inside the Process Statement but isn't in the Process Statement's sensitivity list File: C:/Temp/mistercore/lbmactwo_MiSTer/rtl/tg68k/TG68KdotC_Kernel.vhd Line: 4760
Info (12128): Elaborating entity "TG68K_ALU" for hierarchy "emu:emu|tg68k:tg68k_inst|TG68KdotC_Kernel:tg68k|TG68K_ALU:ALU" File: C:/Temp/mistercore/lbmactwo_MiSTer/rtl/tg68k/TG68KdotC_Kernel.vhd Line: 411
Info (12128): Elaborating entity "mc68881_fpu_lite" for hierarchy "emu:emu|mc68881_fpu_lite:fpu_inst" File: C:/Temp/mistercore/lbmactwo_MiSTer/LBMacTwo.sv Line: 717
Info (12128): Elaborating entity "mc68881_top" for hierarchy "emu:emu|mc68881_fpu_lite:fpu_inst|mc68881_top:u_fpu" File: C:/Temp/mistercore/lbmactwo_MiSTer/rtl/mc68881/vhdl/mc68881_fpu_lite.vhd Line: 29
Warning (10036): Verilog HDL or VHDL warning at mc68881_top.vhd(168): object "was_pending_launch_reg" assigned a value but never read File: C:/Temp/mistercore/lbmactwo_MiSTer/rtl/mc68881/vhdl/mc68881_top.vhd Line: 168
Warning (10036): Verilog HDL or VHDL warning at mc68881_top.vhd(272): object "cir_save_req" assigned a value but never read File: C:/Temp/mistercore/lbmactwo_MiSTer/rtl/mc68881/vhdl/mc68881_top.vhd Line: 272
Warning (10036): Verilog HDL or VHDL warning at mc68881_top.vhd(295): object "packed_save_addr" assigned a value but never read File: C:/Temp/mistercore/lbmactwo_MiSTer/rtl/mc68881/vhdl/mc68881_top.vhd Line: 295
Warning (10036): Verilog HDL or VHDL warning at mc68881_top.vhd(296): object "packed_restore_addr" assigned a value but never read File: C:/Temp/mistercore/lbmactwo_MiSTer/rtl/mc68881/vhdl/mc68881_top.vhd Line: 296
Warning (10036): Verilog HDL or VHDL warning at mc68881_top.vhd(297): object "packed_restore_wr" assigned a value but never read File: C:/Temp/mistercore/lbmactwo_MiSTer/rtl/mc68881/vhdl/mc68881_top.vhd Line: 297
Warning (10036): Verilog HDL or VHDL warning at mc68881_top.vhd(315): object "packed_req_start_reg" assigned a value but never read File: C:/Temp/mistercore/lbmactwo_MiSTer/rtl/mc68881/vhdl/mc68881_top.vhd Line: 315
Warning (10036): Verilog HDL or VHDL warning at mc68881_top.vhd(322): object "packed_req_is_encode" assigned a value but never read File: C:/Temp/mistercore/lbmactwo_MiSTer/rtl/mc68881/vhdl/mc68881_top.vhd Line: 322
Warning (10036): Verilog HDL or VHDL warning at mc68881_top.vhd(323): object "packed_unit_busy" assigned a value but never read File: C:/Temp/mistercore/lbmactwo_MiSTer/rtl/mc68881/vhdl/mc68881_top.vhd Line: 323
Warning (10036): Verilog HDL or VHDL warning at mc68881_top.vhd(335): object "packed_fp_mul_done" assigned a value but never read File: C:/Temp/mistercore/lbmactwo_MiSTer/rtl/mc68881/vhdl/mc68881_top.vhd Line: 335
Warning (10036): Verilog HDL or VHDL warning at mc68881_top.vhd(336): object "packed_fp_mul_result" assigned a value but never read File: C:/Temp/mistercore/lbmactwo_MiSTer/rtl/mc68881/vhdl/mc68881_top.vhd Line: 336
Warning (10036): Verilog HDL or VHDL warning at mc68881_top.vhd(341): object "packed_fp_add_done" assigned a value but never read File: C:/Temp/mistercore/lbmactwo_MiSTer/rtl/mc68881/vhdl/mc68881_top.vhd Line: 341
Warning (10036): Verilog HDL or VHDL warning at mc68881_top.vhd(342): object "packed_fp_add_result" assigned a value but never read File: C:/Temp/mistercore/lbmactwo_MiSTer/rtl/mc68881/vhdl/mc68881_top.vhd Line: 342
Warning (10542): VHDL Variable Declaration warning at mc68881_top.vhd(1311): used initial value expression for variable "exp80_u" because variable was never assigned a value File: C:/Temp/mistercore/lbmactwo_MiSTer/rtl/mc68881/vhdl/mc68881_top.vhd Line: 1311
Warning (10542): VHDL Variable Declaration warning at mc68881_top.vhd(1312): used initial value expression for variable "frac80" because variable was never assigned a value File: C:/Temp/mistercore/lbmactwo_MiSTer/rtl/mc68881/vhdl/mc68881_top.vhd Line: 1312
Warning (10542): VHDL Variable Declaration warning at mc68881_top.vhd(1313): used initial value expression for variable "mant80" because variable was never assigned a value File: C:/Temp/mistercore/lbmactwo_MiSTer/rtl/mc68881/vhdl/mc68881_top.vhd Line: 1313
Warning (10542): VHDL Variable Declaration warning at mc68881_top.vhd(1445): used initial value expression for variable "exp80_u" because variable was never assigned a value File: C:/Temp/mistercore/lbmactwo_MiSTer/rtl/mc68881/vhdl/mc68881_top.vhd Line: 1445
Warning (10542): VHDL Variable Declaration warning at mc68881_top.vhd(1446): used initial value expression for variable "frac80" because variable was never assigned a value File: C:/Temp/mistercore/lbmactwo_MiSTer/rtl/mc68881/vhdl/mc68881_top.vhd Line: 1446
Warning (10542): VHDL Variable Declaration warning at mc68881_top.vhd(1447): used initial value expression for variable "mant80" because variable was never assigned a value File: C:/Temp/mistercore/lbmactwo_MiSTer/rtl/mc68881/vhdl/mc68881_top.vhd Line: 1447
Warning (10325): VHDL Choice warning at std_1164_vhdl1993.vhd(1103): ignored choice containing meta-value "'U'" File: c:/intelfpga_lite/17.0/quartus/libraries/vhdl/ieee/1993/std_1164_vhdl1993.vhd Line: 1103
Warning (10325): VHDL Choice warning at std_1164_vhdl1993.vhd(1103): ignored choice containing meta-value "'X'" File: c:/intelfpga_lite/17.0/quartus/libraries/vhdl/ieee/1993/std_1164_vhdl1993.vhd Line: 1103
Warning (10325): VHDL Choice warning at std_1164_vhdl1993.vhd(1103): ignored choice containing meta-value "'Z'" File: c:/intelfpga_lite/17.0/quartus/libraries/vhdl/ieee/1993/std_1164_vhdl1993.vhd Line: 1103
Warning (10325): VHDL Choice warning at std_1164_vhdl1993.vhd(1103): ignored choice containing meta-value "'W'" File: c:/intelfpga_lite/17.0/quartus/libraries/vhdl/ieee/1993/std_1164_vhdl1993.vhd Line: 1103
Warning (10325): VHDL Choice warning at std_1164_vhdl1993.vhd(1103): ignored choice containing meta-value "'-'" File: c:/intelfpga_lite/17.0/quartus/libraries/vhdl/ieee/1993/std_1164_vhdl1993.vhd Line: 1103
Warning (10542): VHDL Variable Declaration warning at mc68881_top.vhd(1200): used initial value expression for variable "exp_s" because variable was never assigned a value File: C:/Temp/mistercore/lbmactwo_MiSTer/rtl/mc68881/vhdl/mc68881_top.vhd Line: 1200
Warning (10542): VHDL Variable Declaration warning at mc68881_top.vhd(1201): used initial value expression for variable "frac_s" because variable was never assigned a value File: C:/Temp/mistercore/lbmactwo_MiSTer/rtl/mc68881/vhdl/mc68881_top.vhd Line: 1201
Warning (10542): VHDL Variable Declaration warning at mc68881_top.vhd(1241): used initial value expression for variable "exp_d" because variable was never assigned a value File: C:/Temp/mistercore/lbmactwo_MiSTer/rtl/mc68881/vhdl/mc68881_top.vhd Line: 1241
Warning (10542): VHDL Variable Declaration warning at mc68881_top.vhd(1242): used initial value expression for variable "frac_d" because variable was never assigned a value File: C:/Temp/mistercore/lbmactwo_MiSTer/rtl/mc68881/vhdl/mc68881_top.vhd Line: 1242
Warning (10542): VHDL Variable Declaration warning at mc68881_pkg.vhd(2131): used initial value expression for variable "value_u" because variable was never assigned a value File: C:/Temp/mistercore/lbmactwo_MiSTer/rtl/mc68881/vhdl/mc68881_pkg.vhd Line: 2131
Warning (10542): VHDL Variable Declaration warning at mc68881_pkg.vhd(2137): used initial value expression for variable "value_u" because variable was never assigned a value File: C:/Temp/mistercore/lbmactwo_MiSTer/rtl/mc68881/vhdl/mc68881_pkg.vhd Line: 2137
Warning (10542): VHDL Variable Declaration warning at mc68881_pkg.vhd(2146): used initial value expression for variable "value_u" because variable was never assigned a value File: C:/Temp/mistercore/lbmactwo_MiSTer/rtl/mc68881/vhdl/mc68881_pkg.vhd Line: 2146
Warning (10542): VHDL Variable Declaration warning at mc68881_pkg.vhd(2153): used initial value expression for variable "value_u" because variable was never assigned a value File: C:/Temp/mistercore/lbmactwo_MiSTer/rtl/mc68881/vhdl/mc68881_pkg.vhd Line: 2153
Warning (10542): VHDL Variable Declaration warning at mc68881_top.vhd(1626): used initial value expression for variable "a_sign" because variable was never assigned a value File: C:/Temp/mistercore/lbmactwo_MiSTer/rtl/mc68881/vhdl/mc68881_top.vhd Line: 1626
Warning (10542): VHDL Variable Declaration warning at mc68881_top.vhd(1627): used initial value expression for variable "b_sign" because variable was never assigned a value File: C:/Temp/mistercore/lbmactwo_MiSTer/rtl/mc68881/vhdl/mc68881_top.vhd Line: 1627
Warning (10542): VHDL Variable Declaration warning at mc68881_pkg.vhd(2268): used initial value expression for variable "value_u" because variable was never assigned a value File: C:/Temp/mistercore/lbmactwo_MiSTer/rtl/mc68881/vhdl/mc68881_pkg.vhd Line: 2268
Warning (10036): Verilog HDL or VHDL warning at mc68881_top.vhd(1738): object "inf_set" assigned a value but never read File: C:/Temp/mistercore/lbmactwo_MiSTer/rtl/mc68881/vhdl/mc68881_top.vhd Line: 1738
Warning (10631): VHDL Process Statement warning at mc68881_top.vhd(2548): inferring latch(es) for signal or variable "packed_req_mode_reg", which holds its previous value in one or more paths through the process File: C:/Temp/mistercore/lbmactwo_MiSTer/rtl/mc68881/vhdl/mc68881_top.vhd Line: 2548
Warning (10631): VHDL Process Statement warning at mc68881_top.vhd(2548): inferring latch(es) for signal or variable "packed_req_fp_reg", which holds its previous value in one or more paths through the process File: C:/Temp/mistercore/lbmactwo_MiSTer/rtl/mc68881/vhdl/mc68881_top.vhd Line: 2548
Warning (10631): VHDL Process Statement warning at mc68881_top.vhd(2548): inferring latch(es) for signal or variable "packed_req_word_reg", which holds its previous value in one or more paths through the process File: C:/Temp/mistercore/lbmactwo_MiSTer/rtl/mc68881/vhdl/mc68881_top.vhd Line: 2548
Warning (10631): VHDL Process Statement warning at mc68881_top.vhd(2548): inferring latch(es) for signal or variable "packed_req_fallback_reg", which holds its previous value in one or more paths through the process File: C:/Temp/mistercore/lbmactwo_MiSTer/rtl/mc68881/vhdl/mc68881_top.vhd Line: 2548
Warning (10631): VHDL Process Statement warning at mc68881_top.vhd(2548): inferring latch(es) for signal or variable "packed_req_k_reg", which holds its previous value in one or more paths through the process File: C:/Temp/mistercore/lbmactwo_MiSTer/rtl/mc68881/vhdl/mc68881_top.vhd Line: 2548
Warning (10631): VHDL Process Statement warning at mc68881_top.vhd(2548): inferring latch(es) for signal or variable "packed_req_dst_idx_reg", which holds its previous value in one or more paths through the process File: C:/Temp/mistercore/lbmactwo_MiSTer/rtl/mc68881/vhdl/mc68881_top.vhd Line: 2548
Warning (10492): VHDL Process Statement warning at mc68881_top.vhd(4396): signal "cir_state_reg" is read inside the Process Statement but isn't in the Process Statement's sensitivity list File: C:/Temp/mistercore/lbmactwo_MiSTer/rtl/mc68881/vhdl/mc68881_top.vhd Line: 4396
Warning (10492): VHDL Process Statement warning at mc68881_top.vhd(4412): signal "cir_xfer_word_count" is read inside the Process Statement but isn't in the Process Statement's sensitivity list File: C:/Temp/mistercore/lbmactwo_MiSTer/rtl/mc68881/vhdl/mc68881_top.vhd Line: 4412
Warning (10492): VHDL Process Statement warning at mc68881_top.vhd(4420): signal "cir_xfer_word_count" is read inside the Process Statement but isn't in the Process Statement's sensitivity list File: C:/Temp/mistercore/lbmactwo_MiSTer/rtl/mc68881/vhdl/mc68881_top.vhd Line: 4420
Warning (10492): VHDL Process Statement warning at mc68881_top.vhd(4430): signal "cir_exc_vector" is read inside the Process Statement but isn't in the Process Statement's sensitivity list File: C:/Temp/mistercore/lbmactwo_MiSTer/rtl/mc68881/vhdl/mc68881_top.vhd Line: 4430
Warning (10492): VHDL Process Statement warning at mc68881_top.vhd(4432): signal "cir_exc_vector" is read inside the Process Statement but isn't in the Process Statement's sensitivity list File: C:/Temp/mistercore/lbmactwo_MiSTer/rtl/mc68881/vhdl/mc68881_top.vhd Line: 4432
Warning (10492): VHDL Process Statement warning at mc68881_top.vhd(4434): signal "cir_exc_vector" is read inside the Process Statement but isn't in the Process Statement's sensitivity list File: C:/Temp/mistercore/lbmactwo_MiSTer/rtl/mc68881/vhdl/mc68881_top.vhd Line: 4434
Warning (10492): VHDL Process Statement warning at mc68881_top.vhd(4447): signal "pending_xfer_word_count" is read inside the Process Statement but isn't in the Process Statement's sensitivity list File: C:/Temp/mistercore/lbmactwo_MiSTer/rtl/mc68881/vhdl/mc68881_top.vhd Line: 4447
Info (10041): Inferred latch for "packed_req_dst_idx_reg[0]" at mc68881_top.vhd(2548) File: C:/Temp/mistercore/lbmactwo_MiSTer/rtl/mc68881/vhdl/mc68881_top.vhd Line: 2548
Info (10041): Inferred latch for "packed_req_dst_idx_reg[1]" at mc68881_top.vhd(2548) File: C:/Temp/mistercore/lbmactwo_MiSTer/rtl/mc68881/vhdl/mc68881_top.vhd Line: 2548
Info (10041): Inferred latch for "packed_req_dst_idx_reg[2]" at mc68881_top.vhd(2548) File: C:/Temp/mistercore/lbmactwo_MiSTer/rtl/mc68881/vhdl/mc68881_top.vhd Line: 2548
Info (10041): Inferred latch for "packed_req_fp_reg[0]" at mc68881_top.vhd(2548) File: C:/Temp/mistercore/lbmactwo_MiSTer/rtl/mc68881/vhdl/mc68881_top.vhd Line: 2548
Info (10041): Inferred latch for "packed_req_fp_reg[1]" at mc68881_top.vhd(2548) File: C:/Temp/mistercore/lbmactwo_MiSTer/rtl/mc68881/vhdl/mc68881_top.vhd Line: 2548
Info (10041): Inferred latch for "packed_req_fp_reg[2]" at mc68881_top.vhd(2548) File: C:/Temp/mistercore/lbmactwo_MiSTer/rtl/mc68881/vhdl/mc68881_top.vhd Line: 2548
Info (10041): Inferred latch for "packed_req_fp_reg[3]" at mc68881_top.vhd(2548) File: C:/Temp/mistercore/lbmactwo_MiSTer/rtl/mc68881/vhdl/mc68881_top.vhd Line: 2548
Info (10041): Inferred latch for "packed_req_fp_reg[4]" at mc68881_top.vhd(2548) File: C:/Temp/mistercore/lbmactwo_MiSTer/rtl/mc68881/vhdl/mc68881_top.vhd Line: 2548
Info (10041): Inferred latch for "packed_req_fp_reg[5]" at mc68881_top.vhd(2548) File: C:/Temp/mistercore/lbmactwo_MiSTer/rtl/mc68881/vhdl/mc68881_top.vhd Line: 2548
Info (10041): Inferred latch for "packed_req_fp_reg[6]" at mc68881_top.vhd(2548) File: C:/Temp/mistercore/lbmactwo_MiSTer/rtl/mc68881/vhdl/mc68881_top.vhd Line: 2548
Info (10041): Inferred latch for "packed_req_fp_reg[7]" at mc68881_top.vhd(2548) File: C:/Temp/mistercore/lbmactwo_MiSTer/rtl/mc68881/vhdl/mc68881_top.vhd Line: 2548
Info (10041): Inferred latch for "packed_req_fp_reg[8]" at mc68881_top.vhd(2548) File: C:/Temp/mistercore/lbmactwo_MiSTer/rtl/mc68881/vhdl/mc68881_top.vhd Line: 2548
Info (10041): Inferred latch for "packed_req_fp_reg[9]" at mc68881_top.vhd(2548) File: C:/Temp/mistercore/lbmactwo_MiSTer/rtl/mc68881/vhdl/mc68881_top.vhd Line: 2548
Info (10041): Inferred latch for "packed_req_fp_reg[10]" at mc68881_top.vhd(2548) File: C:/Temp/mistercore/lbmactwo_MiSTer/rtl/mc68881/vhdl/mc68881_top.vhd Line: 2548
Info (10041): Inferred latch for "packed_req_fp_reg[11]" at mc68881_top.vhd(2548) File: C:/Temp/mistercore/lbmactwo_MiSTer/rtl/mc68881/vhdl/mc68881_top.vhd Line: 2548
Info (10041): Inferred latch for "packed_req_fp_reg[12]" at mc68881_top.vhd(2548) File: C:/Temp/mistercore/lbmactwo_MiSTer/rtl/mc68881/vhdl/mc68881_top.vhd Line: 2548
Info (10041): Inferred latch for "packed_req_fp_reg[13]" at mc68881_top.vhd(2548) File: C:/Temp/mistercore/lbmactwo_MiSTer/rtl/mc68881/vhdl/mc68881_top.vhd Line: 2548
Info (10041): Inferred latch for "packed_req_fp_reg[14]" at mc68881_top.vhd(2548) File: C:/Temp/mistercore/lbmactwo_MiSTer/rtl/mc68881/vhdl/mc68881_top.vhd Line: 2548
Info (10041): Inferred latch for "packed_req_fp_reg[15]" at mc68881_top.vhd(2548) File: C:/Temp/mistercore/lbmactwo_MiSTer/rtl/mc68881/vhdl/mc68881_top.vhd Line: 2548
Info (10041): Inferred latch for "packed_req_fp_reg[16]" at mc68881_top.vhd(2548) File: C:/Temp/mistercore/lbmactwo_MiSTer/rtl/mc68881/vhdl/mc68881_top.vhd Line: 2548
Info (10041): Inferred latch for "packed_req_fp_reg[17]" at mc68881_top.vhd(2548) File: C:/Temp/mistercore/lbmactwo_MiSTer/rtl/mc68881/vhdl/mc68881_top.vhd Line: 2548
Info (10041): Inferred latch for "packed_req_fp_reg[18]" at mc68881_top.vhd(2548) File: C:/Temp/mistercore/lbmactwo_MiSTer/rtl/mc68881/vhdl/mc68881_top.vhd Line: 2548
Info (10041): Inferred latch for "packed_req_fp_reg[19]" at mc68881_top.vhd(2548) File: C:/Temp/mistercore/lbmactwo_MiSTer/rtl/mc68881/vhdl/mc68881_top.vhd Line: 2548
Info (10041): Inferred latch for "packed_req_fp_reg[20]" at mc68881_top.vhd(2548) File: C:/Temp/mistercore/lbmactwo_MiSTer/rtl/mc68881/vhdl/mc68881_top.vhd Line: 2548
Info (10041): Inferred latch for "packed_req_fp_reg[21]" at mc68881_top.vhd(2548) File: C:/Temp/mistercore/lbmactwo_MiSTer/rtl/mc68881/vhdl/mc68881_top.vhd Line: 2548
Info (10041): Inferred latch for "packed_req_fp_reg[22]" at mc68881_top.vhd(2548) File: C:/Temp/mistercore/lbmactwo_MiSTer/rtl/mc68881/vhdl/mc68881_top.vhd Line: 2548
Info (10041): Inferred latch for "packed_req_fp_reg[23]" at mc68881_top.vhd(2548) File: C:/Temp/mistercore/lbmactwo_MiSTer/rtl/mc68881/vhdl/mc68881_top.vhd Line: 2548
Info (10041): Inferred latch for "packed_req_fp_reg[24]" at mc68881_top.vhd(2548) File: C:/Temp/mistercore/lbmactwo_MiSTer/rtl/mc68881/vhdl/mc68881_top.vhd Line: 2548
Info (10041): Inferred latch for "packed_req_fp_reg[25]" at mc68881_top.vhd(2548) File: C:/Temp/mistercore/lbmactwo_MiSTer/rtl/mc68881/vhdl/mc68881_top.vhd Line: 2548
Info (10041): Inferred latch for "packed_req_fp_reg[26]" at mc68881_top.vhd(2548) File: C:/Temp/mistercore/lbmactwo_MiSTer/rtl/mc68881/vhdl/mc68881_top.vhd Line: 2548
Info (10041): Inferred latch for "packed_req_fp_reg[27]" at mc68881_top.vhd(2548) File: C:/Temp/mistercore/lbmactwo_MiSTer/rtl/mc68881/vhdl/mc68881_top.vhd Line: 2548
Info (10041): Inferred latch for "packed_req_fp_reg[28]" at mc68881_top.vhd(2548) File: C:/Temp/mistercore/lbmactwo_MiSTer/rtl/mc68881/vhdl/mc68881_top.vhd Line: 2548
Info (10041): Inferred latch for "packed_req_fp_reg[29]" at mc68881_top.vhd(2548) File: C:/Temp/mistercore/lbmactwo_MiSTer/rtl/mc68881/vhdl/mc68881_top.vhd Line: 2548
Info (10041): Inferred latch for "packed_req_fp_reg[30]" at mc68881_top.vhd(2548) File: C:/Temp/mistercore/lbmactwo_MiSTer/rtl/mc68881/vhdl/mc68881_top.vhd Line: 2548
Info (10041): Inferred latch for "packed_req_fp_reg[31]" at mc68881_top.vhd(2548) File: C:/Temp/mistercore/lbmactwo_MiSTer/rtl/mc68881/vhdl/mc68881_top.vhd Line: 2548
Info (10041): Inferred latch for "packed_req_fp_reg[32]" at mc68881_top.vhd(2548) File: C:/Temp/mistercore/lbmactwo_MiSTer/rtl/mc68881/vhdl/mc68881_top.vhd Line: 2548
Info (10041): Inferred latch for "packed_req_fp_reg[33]" at mc68881_top.vhd(2548) File: C:/Temp/mistercore/lbmactwo_MiSTer/rtl/mc68881/vhdl/mc68881_top.vhd Line: 2548
Info (10041): Inferred latch for "packed_req_fp_reg[34]" at mc68881_top.vhd(2548) File: C:/Temp/mistercore/lbmactwo_MiSTer/rtl/mc68881/vhdl/mc68881_top.vhd Line: 2548
Info (10041): Inferred latch for "packed_req_fp_reg[35]" at mc68881_top.vhd(2548) File: C:/Temp/mistercore/lbmactwo_MiSTer/rtl/mc68881/vhdl/mc68881_top.vhd Line: 2548
Info (10041): Inferred latch for "packed_req_fp_reg[36]" at mc68881_top.vhd(2548) File: C:/Temp/mistercore/lbmactwo_MiSTer/rtl/mc68881/vhdl/mc68881_top.vhd Line: 2548
Info (10041): Inferred latch for "packed_req_fp_reg[37]" at mc68881_top.vhd(2548) File: C:/Temp/mistercore/lbmactwo_MiSTer/rtl/mc68881/vhdl/mc68881_top.vhd Line: 2548
Info (10041): Inferred latch for "packed_req_fp_reg[38]" at mc68881_top.vhd(2548) File: C:/Temp/mistercore/lbmactwo_MiSTer/rtl/mc68881/vhdl/mc68881_top.vhd Line: 2548
Info (10041): Inferred latch for "packed_req_fp_reg[39]" at mc68881_top.vhd(2548) File: C:/Temp/mistercore/lbmactwo_MiSTer/rtl/mc68881/vhdl/mc68881_top.vhd Line: 2548
Info (10041): Inferred latch for "packed_req_fp_reg[40]" at mc68881_top.vhd(2548) File: C:/Temp/mistercore/lbmactwo_MiSTer/rtl/mc68881/vhdl/mc68881_top.vhd Line: 2548
Info (10041): Inferred latch for "packed_req_fp_reg[41]" at mc68881_top.vhd(2548) File: C:/Temp/mistercore/lbmactwo_MiSTer/rtl/mc68881/vhdl/mc68881_top.vhd Line: 2548
Info (10041): Inferred latch for "packed_req_fp_reg[42]" at mc68881_top.vhd(2548) File: C:/Temp/mistercore/lbmactwo_MiSTer/rtl/mc68881/vhdl/mc68881_top.vhd Line: 2548
Info (10041): Inferred latch for "packed_req_fp_reg[43]" at mc68881_top.vhd(2548) File: C:/Temp/mistercore/lbmactwo_MiSTer/rtl/mc68881/vhdl/mc68881_top.vhd Line: 2548
Info (10041): Inferred latch for "packed_req_fp_reg[44]" at mc68881_top.vhd(2548) File: C:/Temp/mistercore/lbmactwo_MiSTer/rtl/mc68881/vhdl/mc68881_top.vhd Line: 2548
Info (10041): Inferred latch for "packed_req_fp_reg[45]" at mc68881_top.vhd(2548) File: C:/Temp/mistercore/lbmactwo_MiSTer/rtl/mc68881/vhdl/mc68881_top.vhd Line: 2548
Info (10041): Inferred latch for "packed_req_fp_reg[46]" at mc68881_top.vhd(2548) File: C:/Temp/mistercore/lbmactwo_MiSTer/rtl/mc68881/vhdl/mc68881_top.vhd Line: 2548
Info (10041): Inferred latch for "packed_req_fp_reg[47]" at mc68881_top.vhd(2548) File: C:/Temp/mistercore/lbmactwo_MiSTer/rtl/mc68881/vhdl/mc68881_top.vhd Line: 2548
Info (10041): Inferred latch for "packed_req_fp_reg[48]" at mc68881_top.vhd(2548) File: C:/Temp/mistercore/lbmactwo_MiSTer/rtl/mc68881/vhdl/mc68881_top.vhd Line: 2548
Info (10041): Inferred latch for "packed_req_fp_reg[49]" at mc68881_top.vhd(2548) File: C:/Temp/mistercore/lbmactwo_MiSTer/rtl/mc68881/vhdl/mc68881_top.vhd Line: 2548
Info (10041): Inferred latch for "packed_req_fp_reg[50]" at mc68881_top.vhd(2548) File: C:/Temp/mistercore/lbmactwo_MiSTer/rtl/mc68881/vhdl/mc68881_top.vhd Line: 2548
Info (10041): Inferred latch for "packed_req_fp_reg[51]" at mc68881_top.vhd(2548) File: C:/Temp/mistercore/lbmactwo_MiSTer/rtl/mc68881/vhdl/mc68881_top.vhd Line: 2548
Info (10041): Inferred latch for "packed_req_fp_reg[52]" at mc68881_top.vhd(2548) File: C:/Temp/mistercore/lbmactwo_MiSTer/rtl/mc68881/vhdl/mc68881_top.vhd Line: 2548
Info (10041): Inferred latch for "packed_req_fp_reg[53]" at mc68881_top.vhd(2548) File: C:/Temp/mistercore/lbmactwo_MiSTer/rtl/mc68881/vhdl/mc68881_top.vhd Line: 2548
Info (10041): Inferred latch for "packed_req_fp_reg[54]" at mc68881_top.vhd(2548) File: C:/Temp/mistercore/lbmactwo_MiSTer/rtl/mc68881/vhdl/mc68881_top.vhd Line: 2548
Info (10041): Inferred latch for "packed_req_fp_reg[55]" at mc68881_top.vhd(2548) File: C:/Temp/mistercore/lbmactwo_MiSTer/rtl/mc68881/vhdl/mc68881_top.vhd Line: 2548
Info (10041): Inferred latch for "packed_req_fp_reg[56]" at mc68881_top.vhd(2548) File: C:/Temp/mistercore/lbmactwo_MiSTer/rtl/mc68881/vhdl/mc68881_top.vhd Line: 2548
Info (10041): Inferred latch for "packed_req_fp_reg[57]" at mc68881_top.vhd(2548) File: C:/Temp/mistercore/lbmactwo_MiSTer/rtl/mc68881/vhdl/mc68881_top.vhd Line: 2548
Info (10041): Inferred latch for "packed_req_fp_reg[58]" at mc68881_top.vhd(2548) File: C:/Temp/mistercore/lbmactwo_MiSTer/rtl/mc68881/vhdl/mc68881_top.vhd Line: 2548
Info (10041): Inferred latch for "packed_req_fp_reg[59]" at mc68881_top.vhd(2548) File: C:/Temp/mistercore/lbmactwo_MiSTer/rtl/mc68881/vhdl/mc68881_top.vhd Line: 2548
Info (10041): Inferred latch for "packed_req_fp_reg[60]" at mc68881_top.vhd(2548) File: C:/Temp/mistercore/lbmactwo_MiSTer/rtl/mc68881/vhdl/mc68881_top.vhd Line: 2548
Info (10041): Inferred latch for "packed_req_fp_reg[61]" at mc68881_top.vhd(2548) File: C:/Temp/mistercore/lbmactwo_MiSTer/rtl/mc68881/vhdl/mc68881_top.vhd Line: 2548
Info (10041): Inferred latch for "packed_req_fp_reg[62]" at mc68881_top.vhd(2548) File: C:/Temp/mistercore/lbmactwo_MiSTer/rtl/mc68881/vhdl/mc68881_top.vhd Line: 2548
Info (10041): Inferred latch for "packed_req_fp_reg[63]" at mc68881_top.vhd(2548) File: C:/Temp/mistercore/lbmactwo_MiSTer/rtl/mc68881/vhdl/mc68881_top.vhd Line: 2548
Info (10041): Inferred latch for "packed_req_fp_reg[64]" at mc68881_top.vhd(2548) File: C:/Temp/mistercore/lbmactwo_MiSTer/rtl/mc68881/vhdl/mc68881_top.vhd Line: 2548
Info (10041): Inferred latch for "packed_req_fp_reg[65]" at mc68881_top.vhd(2548) File: C:/Temp/mistercore/lbmactwo_MiSTer/rtl/mc68881/vhdl/mc68881_top.vhd Line: 2548
Info (10041): Inferred latch for "packed_req_fp_reg[66]" at mc68881_top.vhd(2548) File: C:/Temp/mistercore/lbmactwo_MiSTer/rtl/mc68881/vhdl/mc68881_top.vhd Line: 2548
Info (10041): Inferred latch for "packed_req_fp_reg[67]" at mc68881_top.vhd(2548) File: C:/Temp/mistercore/lbmactwo_MiSTer/rtl/mc68881/vhdl/mc68881_top.vhd Line: 2548
Info (10041): Inferred latch for "packed_req_fp_reg[68]" at mc68881_top.vhd(2548) File: C:/Temp/mistercore/lbmactwo_MiSTer/rtl/mc68881/vhdl/mc68881_top.vhd Line: 2548
Info (10041): Inferred latch for "packed_req_fp_reg[69]" at mc68881_top.vhd(2548) File: C:/Temp/mistercore/lbmactwo_MiSTer/rtl/mc68881/vhdl/mc68881_top.vhd Line: 2548
Info (10041): Inferred latch for "packed_req_fp_reg[70]" at mc68881_top.vhd(2548) File: C:/Temp/mistercore/lbmactwo_MiSTer/rtl/mc68881/vhdl/mc68881_top.vhd Line: 2548
Info (10041): Inferred latch for "packed_req_fp_reg[71]" at mc68881_top.vhd(2548) File: C:/Temp/mistercore/lbmactwo_MiSTer/rtl/mc68881/vhdl/mc68881_top.vhd Line: 2548
Info (10041): Inferred latch for "packed_req_fp_reg[72]" at mc68881_top.vhd(2548) File: C:/Temp/mistercore/lbmactwo_MiSTer/rtl/mc68881/vhdl/mc68881_top.vhd Line: 2548
Info (10041): Inferred latch for "packed_req_fp_reg[73]" at mc68881_top.vhd(2548) File: C:/Temp/mistercore/lbmactwo_MiSTer/rtl/mc68881/vhdl/mc68881_top.vhd Line: 2548
Info (10041): Inferred latch for "packed_req_fp_reg[74]" at mc68881_top.vhd(2548) File: C:/Temp/mistercore/lbmactwo_MiSTer/rtl/mc68881/vhdl/mc68881_top.vhd Line: 2548
Info (10041): Inferred latch for "packed_req_fp_reg[75]" at mc68881_top.vhd(2548) File: C:/Temp/mistercore/lbmactwo_MiSTer/rtl/mc68881/vhdl/mc68881_top.vhd Line: 2548
Info (10041): Inferred latch for "packed_req_fp_reg[76]" at mc68881_top.vhd(2548) File: C:/Temp/mistercore/lbmactwo_MiSTer/rtl/mc68881/vhdl/mc68881_top.vhd Line: 2548
Info (10041): Inferred latch for "packed_req_fp_reg[77]" at mc68881_top.vhd(2548) File: C:/Temp/mistercore/lbmactwo_MiSTer/rtl/mc68881/vhdl/mc68881_top.vhd Line: 2548
Info (10041): Inferred latch for "packed_req_fp_reg[78]" at mc68881_top.vhd(2548) File: C:/Temp/mistercore/lbmactwo_MiSTer/rtl/mc68881/vhdl/mc68881_top.vhd Line: 2548
Info (10041): Inferred latch for "packed_req_fp_reg[79]" at mc68881_top.vhd(2548) File: C:/Temp/mistercore/lbmactwo_MiSTer/rtl/mc68881/vhdl/mc68881_top.vhd Line: 2548
Info (10041): Inferred latch for "packed_req_mode_reg.PACKED_REQ_DECODE" at mc68881_top.vhd(2548) File: C:/Temp/mistercore/lbmactwo_MiSTer/rtl/mc68881/vhdl/mc68881_top.vhd Line: 2548
Info (10041): Inferred latch for "packed_req_mode_reg.PACKED_REQ_ENCODE" at mc68881_top.vhd(2548) File: C:/Temp/mistercore/lbmactwo_MiSTer/rtl/mc68881/vhdl/mc68881_top.vhd Line: 2548
Info (10041): Inferred latch for "packed_req_mode_reg.PACKED_REQ_NONE" at mc68881_top.vhd(2548) File: C:/Temp/mistercore/lbmactwo_MiSTer/rtl/mc68881/vhdl/mc68881_top.vhd Line: 2548
Error (10028): Can't resolve multiple constant drivers for net "cir_operand_word_arrived" at mc68881_top.vhd(3648) File: C:/Temp/mistercore/lbmactwo_MiSTer/rtl/mc68881/vhdl/mc68881_top.vhd Line: 3648
Error (10029): Constant driver at mc68881_top.vhd(1959) File: C:/Temp/mistercore/lbmactwo_MiSTer/rtl/mc68881/vhdl/mc68881_top.vhd Line: 1959
Error (10028): Can't resolve multiple constant drivers for net "cir_frame_data_reg[2][31]" at mc68881_top.vhd(3648) File: C:/Temp/mistercore/lbmactwo_MiSTer/rtl/mc68881/vhdl/mc68881_top.vhd Line: 3648
Error (10028): Can't resolve multiple constant drivers for net "cir_frame_data_reg[2][30]" at mc68881_top.vhd(3648) File: C:/Temp/mistercore/lbmactwo_MiSTer/rtl/mc68881/vhdl/mc68881_top.vhd Line: 3648
Error (10028): Can't resolve multiple constant drivers for net "cir_frame_data_reg[2][29]" at mc68881_top.vhd(3648) File: C:/Temp/mistercore/lbmactwo_MiSTer/rtl/mc68881/vhdl/mc68881_top.vhd Line: 3648
Error (10028): Can't resolve multiple constant drivers for net "cir_frame_data_reg[2][28]" at mc68881_top.vhd(3648) File: C:/Temp/mistercore/lbmactwo_MiSTer/rtl/mc68881/vhdl/mc68881_top.vhd Line: 3648
Error (10028): Can't resolve multiple constant drivers for net "cir_frame_data_reg[2][27]" at mc68881_top.vhd(3648) File: C:/Temp/mistercore/lbmactwo_MiSTer/rtl/mc68881/vhdl/mc68881_top.vhd Line: 3648
Error (10028): Can't resolve multiple constant drivers for net "cir_frame_data_reg[2][26]" at mc68881_top.vhd(3648) File: C:/Temp/mistercore/lbmactwo_MiSTer/rtl/mc68881/vhdl/mc68881_top.vhd Line: 3648
Error (10028): Can't resolve multiple constant drivers for net "cir_frame_data_reg[2][25]" at mc68881_top.vhd(3648) File: C:/Temp/mistercore/lbmactwo_MiSTer/rtl/mc68881/vhdl/mc68881_top.vhd Line: 3648
Error (10028): Can't resolve multiple constant drivers for net "cir_frame_data_reg[2][24]" at mc68881_top.vhd(3648) File: C:/Temp/mistercore/lbmactwo_MiSTer/rtl/mc68881/vhdl/mc68881_top.vhd Line: 3648
Error (10028): Can't resolve multiple constant drivers for net "cir_frame_data_reg[2][23]" at mc68881_top.vhd(3648) File: C:/Temp/mistercore/lbmactwo_MiSTer/rtl/mc68881/vhdl/mc68881_top.vhd Line: 3648
Error (10028): Can't resolve multiple constant drivers for net "cir_frame_data_reg[2][22]" at mc68881_top.vhd(3648) File: C:/Temp/mistercore/lbmactwo_MiSTer/rtl/mc68881/vhdl/mc68881_top.vhd Line: 3648
Error (10028): Can't resolve multiple constant drivers for net "cir_frame_data_reg[2][21]" at mc68881_top.vhd(3648) File: C:/Temp/mistercore/lbmactwo_MiSTer/rtl/mc68881/vhdl/mc68881_top.vhd Line: 3648
Error (10028): Can't resolve multiple constant drivers for net "cir_frame_data_reg[2][20]" at mc68881_top.vhd(3648) File: C:/Temp/mistercore/lbmactwo_MiSTer/rtl/mc68881/vhdl/mc68881_top.vhd Line: 3648
Error (10028): Can't resolve multiple constant drivers for net "cir_frame_data_reg[2][19]" at mc68881_top.vhd(3648) File: C:/Temp/mistercore/lbmactwo_MiSTer/rtl/mc68881/vhdl/mc68881_top.vhd Line: 3648
Error (10028): Can't resolve multiple constant drivers for net "cir_frame_data_reg[2][18]" at mc68881_top.vhd(3648) File: C:/Temp/mistercore/lbmactwo_MiSTer/rtl/mc68881/vhdl/mc68881_top.vhd Line: 3648
Error (10028): Can't resolve multiple constant drivers for net "cir_frame_data_reg[2][17]" at mc68881_top.vhd(3648) File: C:/Temp/mistercore/lbmactwo_MiSTer/rtl/mc68881/vhdl/mc68881_top.vhd Line: 3648
Error (10028): Can't resolve multiple constant drivers for net "cir_frame_data_reg[2][16]" at mc68881_top.vhd(3648) File: C:/Temp/mistercore/lbmactwo_MiSTer/rtl/mc68881/vhdl/mc68881_top.vhd Line: 3648
Error (10028): Can't resolve multiple constant drivers for net "cir_frame_data_reg[2][15]" at mc68881_top.vhd(3648) File: C:/Temp/mistercore/lbmactwo_MiSTer/rtl/mc68881/vhdl/mc68881_top.vhd Line: 3648
Error (12152): Can't elaborate user hierarchy "emu:emu|mc68881_fpu_lite:fpu_inst|mc68881_top:u_fpu" File: C:/Temp/mistercore/lbmactwo_MiSTer/rtl/mc68881/vhdl/mc68881_fpu_lite.vhd Line: 29
Info (144001): Generated suppressed messages file C:/Temp/mistercore/lbmactwo_MiSTer/output_files/LBMacTwo.map.smsg
Error: Quartus Prime Analysis & Synthesis was unsuccessful. 20 errors, 90 warnings
    Error: Peak virtual memory: 6682 megabytes
    Error: Processing ended: Sun May 31 17:57:23 2026
    Error: Elapsed time: 00:00:36
    Error: Total CPU time (on all processors): 00:00:42
Error (293001): Quartus Prime Full Compilation was unsuccessful. 22 errors, 90 warnings
Error: Flow compile (for project C:/Temp/mistercore/lbmactwo_MiSTer/LBMacTwo) was not successful
Error: ERROR: Error(s) found while running an executable. See report file(s) for error message(s). Message log indicates which executable was run last.

Error (23031): Evaluation of Tcl script c:/intelfpga_lite/17.0/quartus/common/tcl/internal/qsh_flow.tcl unsuccessful
Error: Quartus Prime Shell was unsuccessful. 29 errors, 90 warnings
    Error: Peak virtual memory: 4773 megabytes
    Error: Processing ended: Sun May 31 17:57:23 2026
    Error: Elapsed time: 00:00:39
    Error: Total CPU time (on all processors): 00:00:53
[Sun May 31 17:57:23 EDT 2026] Compile exit=0 at Sun May 31 17:57:23 EDT 2026
-rw-r--r-- 1 spam 197609      26 May 31 17:56 output_files/LBMacTwo.done
-rw-r--r-- 1 spam 197609 3762748 May 31 17:56 output_files/LBMacTwo.rbf
-rw-r--r-- 1 spam 197609 6714400 May 31 17:56 output_files/LBMacTwo.sof
