[Thu Jun  4 07:25:04 EDT 2026] Waiting for existing Quartus to finish...
[Thu Jun  4 07:25:05 EDT 2026] Starting compile
Info: *******************************************************************
Info: Running Quartus Prime Shell
    Info: Version 17.0.2 Build 602 07/19/2017 SJ Lite Edition
    Info: Copyright (C) 2017  Intel Corporation. All rights reserved.
    Info: Your use of Intel Corporation's design tools, logic functions 
    Info: and other software and tools, and its AMPP partner logic 
    Info: functions, and any output files from any of the foregoing 
    Info: (including device programming or simulation files), and any 
    Info: associated documentation or information are expressly subject 
    Info: to the terms and conditions of the Intel Program License 
    Info: Subscription Agreement, the Intel Quartus Prime License Agreement,
    Info: the Intel MegaCore Function License Agreement, or other 
    Info: applicable license agreement, including, without limitation, 
    Info: that your use is for the sole purpose of programming logic 
    Info: devices manufactured by Intel and sold by Intel or its 
    Info: authorized distributors.  Please refer to the applicable 
    Info: agreement for further details.
    Info: Processing started: Thu Jun 04 07:25:05 2026
Info: Command: quartus_sh --flow compile LBMacTwo
Info: Quartus(args): compile LBMacTwo
Info: Project Name = C:/Temp/mistercore/lbmactwo_MiSTer/LBMacTwo
Info: Revision Name = LBMacTwo
Info (293032): Detected changes in source files.
    Info (293027): Source file: C:/Temp/mistercore/lbmactwo_MiSTer/rtl/dbg_min.sv has changed.
    Info (293027): Source file: C:/Temp/mistercore/lbmactwo_MiSTer/LBMacTwo.sv has changed.
Info (293032): Detected changes in source files.
    Info (293027): Source file: C:/Temp/mistercore/lbmactwo_MiSTer/rtl/dbg_min.sv has changed.
    Info (293027): Source file: C:/Temp/mistercore/lbmactwo_MiSTer/LBMacTwo.sv has changed.
Info (293032): Detected changes in source files.
    Info (293027): Source file: C:/Temp/mistercore/lbmactwo_MiSTer/rtl/dbg_min.sv has changed.
    Info (293027): Source file: C:/Temp/mistercore/lbmactwo_MiSTer/LBMacTwo.sv has changed.
Info: *******************************************************************
Info: Running Quartus Prime Shell
    Info: Version 17.0.2 Build 602 07/19/2017 SJ Lite Edition
    Info: Processing started: Thu Jun 04 07:25:06 2026
Info: Command: quartus_sh -t sys/build_id.tcl compile LBMacTwo LBMacTwo
Info: Quartus(args): compile LBMacTwo LBMacTwo
Info (23030): Evaluation of Tcl script sys/build_id.tcl was successful
Info: Quartus Prime Shell was successful. 0 errors, 0 warnings
    Info: Peak virtual memory: 4756 megabytes
    Info: Processing ended: Thu Jun 04 07:25:07 2026
    Info: Elapsed time: 00:00:01
    Info: Total CPU time (on all processors): 00:00:01
Info: *******************************************************************
Info: Running Quartus Prime Analysis & Synthesis
    Info: Version 17.0.2 Build 602 07/19/2017 SJ Lite Edition
    Info: Processing started: Thu Jun 04 07:25:08 2026
Info: Command: quartus_map --read_settings_files=on --write_settings_files=off LBMacTwo -c LBMacTwo
Info (20030): Parallel compilation is enabled and will use 12 of the 12 processors detected
Info (12021): Found 1 design units, including 1 entities, in source file rtl/pll.v
    Info (12023): Found entity 1: pll File: C:/Temp/mistercore/lbmactwo_MiSTer/rtl/pll.v Line: 8
Info (12021): Found 1 design units, including 1 entities, in source file rtl/pll/pll_0002.v
    Info (12023): Found entity 1: pll_0002 File: C:/Temp/mistercore/lbmactwo_MiSTer/rtl/pll/pll_0002.v Line: 2
Info (12021): Found 1 design units, including 1 entities, in source file sys/pll_hdmi.v
    Info (12023): Found entity 1: pll_hdmi File: C:/Temp/mistercore/lbmactwo_MiSTer/sys/pll_hdmi.v Line: 8
Info (12021): Found 1 design units, including 1 entities, in source file sys/pll_hdmi/pll_hdmi_0002.v
    Info (12023): Found entity 1: pll_hdmi_0002 File: C:/Temp/mistercore/lbmactwo_MiSTer/sys/pll_hdmi/pll_hdmi_0002.v Line: 2
Info (12021): Found 1 design units, including 1 entities, in source file sys/pll_audio.v
    Info (12023): Found entity 1: pll_audio File: C:/Temp/mistercore/lbmactwo_MiSTer/sys/pll_audio.v Line: 8
Info (12021): Found 1 design units, including 1 entities, in source file sys/pll_audio/pll_audio_0002.v
    Info (12023): Found entity 1: pll_audio_0002 File: C:/Temp/mistercore/lbmactwo_MiSTer/sys/pll_audio/pll_audio_0002.v Line: 2
Info (12021): Found 1 design units, including 1 entities, in source file sys/pll_cfg/pll_cfg.v
    Info (12023): Found entity 1: pll_cfg File: C:/Temp/mistercore/lbmactwo_MiSTer/sys/pll_cfg/pll_cfg.v Line: 8
Info (12021): Found 1 design units, including 1 entities, in source file sys/pll_cfg/pll_cfg_hdmi.v
    Info (12023): Found entity 1: pll_cfg_hdmi File: C:/Temp/mistercore/lbmactwo_MiSTer/sys/pll_cfg/pll_cfg_hdmi.v Line: 16
Info (12021): Found 1 design units, including 1 entities, in source file sys/pll_cfg/altera_pll_reconfig_top.v
    Info (12023): Found entity 1: altera_pll_reconfig_top File: C:/Temp/mistercore/lbmactwo_MiSTer/sys/pll_cfg/altera_pll_reconfig_top.v Line: 16
Info (12021): Found 3 design units, including 3 entities, in source file sys/sys_top.v
    Info (12023): Found entity 1: sys_top File: C:/Temp/mistercore/lbmactwo_MiSTer/sys/sys_top.v Line: 22
    Info (12023): Found entity 2: sync_fix File: C:/Temp/mistercore/lbmactwo_MiSTer/sys/sys_top.v Line: 1870
    Info (12023): Found entity 3: csync File: C:/Temp/mistercore/lbmactwo_MiSTer/sys/sys_top.v Line: 1902
Info (12021): Found 2 design units, including 1 entities, in source file sys/ascal.vhd
    Info (12022): Found design unit 1: ascal-rtl File: C:/Temp/mistercore/lbmactwo_MiSTer/sys/ascal.vhd Line: 269
    Info (12023): Found entity 1: ascal File: C:/Temp/mistercore/lbmactwo_MiSTer/sys/ascal.vhd Line: 114
Info (12021): Found 2 design units, including 1 entities, in source file sys/pll_hdmi_adj.vhd
    Info (12022): Found design unit 1: pll_hdmi_adj-rtl File: C:/Temp/mistercore/lbmactwo_MiSTer/sys/pll_hdmi_adj.vhd Line: 53
    Info (12023): Found entity 1: pll_hdmi_adj File: C:/Temp/mistercore/lbmactwo_MiSTer/sys/pll_hdmi_adj.vhd Line: 21
Info (12021): Found 3 design units, including 3 entities, in source file sys/math.sv
    Info (12023): Found entity 1: sys_udiv File: C:/Temp/mistercore/lbmactwo_MiSTer/sys/math.sv Line: 3
    Info (12023): Found entity 2: sys_umul File: C:/Temp/mistercore/lbmactwo_MiSTer/sys/math.sv Line: 46
    Info (12023): Found entity 3: sys_umuldiv File: C:/Temp/mistercore/lbmactwo_MiSTer/sys/math.sv Line: 85
Info (12021): Found 5 design units, including 5 entities, in source file sys/hq2x.sv
    Info (12023): Found entity 1: Hq2x File: C:/Temp/mistercore/lbmactwo_MiSTer/sys/hq2x.sv Line: 13
    Info (12023): Found entity 2: hq2x_in File: C:/Temp/mistercore/lbmactwo_MiSTer/sys/hq2x.sv Line: 226
    Info (12023): Found entity 3: hq2x_buf File: C:/Temp/mistercore/lbmactwo_MiSTer/sys/hq2x.sv Line: 250
    Info (12023): Found entity 4: DiffCheck File: C:/Temp/mistercore/lbmactwo_MiSTer/sys/hq2x.sv Line: 271
    Info (12023): Found entity 5: Blend File: C:/Temp/mistercore/lbmactwo_MiSTer/sys/hq2x.sv Line: 298
Info (12021): Found 1 design units, including 1 entities, in source file sys/scandoubler.v
    Info (12023): Found entity 1: scandoubler File: C:/Temp/mistercore/lbmactwo_MiSTer/sys/scandoubler.v Line: 22
Info (12021): Found 1 design units, including 1 entities, in source file sys/scanlines.v
    Info (12023): Found entity 1: scanlines File: C:/Temp/mistercore/lbmactwo_MiSTer/sys/scanlines.v Line: 1
Info (12021): Found 1 design units, including 1 entities, in source file sys/shadowmask.sv
    Info (12023): Found entity 1: shadowmask File: C:/Temp/mistercore/lbmactwo_MiSTer/sys/shadowmask.sv Line: 1
Info (12021): Found 2 design units, including 2 entities, in source file sys/video_cleaner.sv
    Info (12023): Found entity 1: video_cleaner File: C:/Temp/mistercore/lbmactwo_MiSTer/sys/video_cleaner.sv Line: 12
    Info (12023): Found entity 2: s_fix File: C:/Temp/mistercore/lbmactwo_MiSTer/sys/video_cleaner.sv Line: 81
Info (12021): Found 2 design units, including 2 entities, in source file sys/gamma_corr.sv
    Info (12023): Found entity 1: gamma_corr File: C:/Temp/mistercore/lbmactwo_MiSTer/sys/gamma_corr.sv Line: 1
    Info (12023): Found entity 2: gamma_fast File: C:/Temp/mistercore/lbmactwo_MiSTer/sys/gamma_corr.sv Line: 62
Info (12021): Found 1 design units, including 1 entities, in source file sys/video_mixer.sv
    Info (12023): Found entity 1: video_mixer File: C:/Temp/mistercore/lbmactwo_MiSTer/sys/video_mixer.sv Line: 19
Info (12021): Found 2 design units, including 2 entities, in source file sys/video_freak.sv
    Info (12023): Found entity 1: video_freak File: C:/Temp/mistercore/lbmactwo_MiSTer/sys/video_freak.sv Line: 16
    Info (12023): Found entity 2: video_scale_int File: C:/Temp/mistercore/lbmactwo_MiSTer/sys/video_freak.sv Line: 141
Info (12021): Found 2 design units, including 2 entities, in source file sys/video_freezer.sv
    Info (12023): Found entity 1: video_freezer File: C:/Temp/mistercore/lbmactwo_MiSTer/sys/video_freezer.sv Line: 21
    Info (12023): Found entity 2: sync_lock File: C:/Temp/mistercore/lbmactwo_MiSTer/sys/video_freezer.sv Line: 80
Info (12021): Found 2 design units, including 2 entities, in source file sys/arcade_video.v
    Info (12023): Found entity 1: arcade_video File: C:/Temp/mistercore/lbmactwo_MiSTer/sys/arcade_video.v Line: 29
    Info (12023): Found entity 2: screen_rotate File: C:/Temp/mistercore/lbmactwo_MiSTer/sys/arcade_video.v Line: 168
Info (12021): Found 1 design units, including 1 entities, in source file sys/osd.v
    Info (12023): Found entity 1: osd File: C:/Temp/mistercore/lbmactwo_MiSTer/sys/osd.v Line: 4
Info (12021): Found 1 design units, including 1 entities, in source file sys/vga_out.sv
    Info (12023): Found entity 1: vga_out File: C:/Temp/mistercore/lbmactwo_MiSTer/sys/vga_out.sv Line: 2
Info (12021): Found 1 design units, including 1 entities, in source file sys/yc_out.sv
    Info (12023): Found entity 1: yc_out File: C:/Temp/mistercore/lbmactwo_MiSTer/sys/yc_out.sv Line: 28
Info (12021): Found 1 design units, including 1 entities, in source file sys/i2c.v
    Info (12023): Found entity 1: i2c File: C:/Temp/mistercore/lbmactwo_MiSTer/sys/i2c.v Line: 2
Info (12021): Found 1 design units, including 1 entities, in source file sys/alsa.sv
    Info (12023): Found entity 1: alsa File: C:/Temp/mistercore/lbmactwo_MiSTer/sys/alsa.sv Line: 22
Info (12021): Found 1 design units, including 1 entities, in source file sys/i2s.v
    Info (12023): Found entity 1: i2s File: C:/Temp/mistercore/lbmactwo_MiSTer/sys/i2s.v Line: 2
Info (12021): Found 1 design units, including 1 entities, in source file sys/spdif.v
    Info (12023): Found entity 1: spdif File: C:/Temp/mistercore/lbmactwo_MiSTer/sys/spdif.v Line: 33
Info (12021): Found 2 design units, including 2 entities, in source file sys/audio_out.v
    Info (12023): Found entity 1: audio_out File: C:/Temp/mistercore/lbmactwo_MiSTer/sys/audio_out.v Line: 2
    Info (12023): Found entity 2: aud_mix_top File: C:/Temp/mistercore/lbmactwo_MiSTer/sys/audio_out.v Line: 258
Info (12021): Found 3 design units, including 3 entities, in source file sys/iir_filter.v
    Info (12023): Found entity 1: IIR_filter File: C:/Temp/mistercore/lbmactwo_MiSTer/sys/iir_filter.v Line: 22
    Info (12023): Found entity 2: iir_filter_tap File: C:/Temp/mistercore/lbmactwo_MiSTer/sys/iir_filter.v Line: 148
    Info (12023): Found entity 3: DC_blocker File: C:/Temp/mistercore/lbmactwo_MiSTer/sys/iir_filter.v Line: 189
Info (12021): Found 2 design units, including 2 entities, in source file sys/ltc2308.sv
    Info (12023): Found entity 1: ltc2308 File: C:/Temp/mistercore/lbmactwo_MiSTer/sys/ltc2308.sv Line: 28
    Info (12023): Found entity 2: ltc2308_tape File: C:/Temp/mistercore/lbmactwo_MiSTer/sys/ltc2308.sv Line: 105
Info (12021): Found 1 design units, including 1 entities, in source file sys/sigma_delta_dac.v
    Info (12023): Found entity 1: sigma_delta_dac File: C:/Temp/mistercore/lbmactwo_MiSTer/sys/sigma_delta_dac.v Line: 6
Info (12021): Found 1 design units, including 1 entities, in source file sys/mt32pi.sv
    Info (12023): Found entity 1: mt32pi File: C:/Temp/mistercore/lbmactwo_MiSTer/sys/mt32pi.sv Line: 8
Info (12021): Found 1 design units, including 1 entities, in source file sys/mcp23009.sv
    Info (12023): Found entity 1: mcp23009 File: C:/Temp/mistercore/lbmactwo_MiSTer/sys/mcp23009.sv Line: 5
Info (12021): Found 1 design units, including 1 entities, in source file sys/f2sdram_safe_terminator.sv
    Info (12023): Found entity 1: f2sdram_safe_terminator File: C:/Temp/mistercore/lbmactwo_MiSTer/sys/f2sdram_safe_terminator.sv Line: 55
Info (12021): Found 1 design units, including 1 entities, in source file sys/ddr_svc.sv
    Info (12023): Found entity 1: ddr_svc File: C:/Temp/mistercore/lbmactwo_MiSTer/sys/ddr_svc.sv Line: 23
Info (12021): Found 2 design units, including 2 entities, in source file sys/sysmem.sv
    Info (12023): Found entity 1: sysmem_lite File: C:/Temp/mistercore/lbmactwo_MiSTer/sys/sysmem.sv Line: 2
    Info (12023): Found entity 2: sysmem_HPS_fpga_interfaces File: C:/Temp/mistercore/lbmactwo_MiSTer/sys/sysmem.sv Line: 241
Info (12021): Found 1 design units, including 1 entities, in source file sys/sd_card.sv
    Info (12023): Found entity 1: sd_card File: C:/Temp/mistercore/lbmactwo_MiSTer/sys/sd_card.sv Line: 28
Info (12021): Found 4 design units, including 4 entities, in source file sys/hps_io.sv
    Info (12023): Found entity 1: hps_io File: C:/Temp/mistercore/lbmactwo_MiSTer/sys/hps_io.sv Line: 30
    Info (12023): Found entity 2: ps2_device File: C:/Temp/mistercore/lbmactwo_MiSTer/sys/hps_io.sv Line: 716
    Info (12023): Found entity 3: video_calc File: C:/Temp/mistercore/lbmactwo_MiSTer/sys/hps_io.sv Line: 859
    Info (12023): Found entity 4: confstr_rom File: C:/Temp/mistercore/lbmactwo_MiSTer/sys/hps_io.sv Line: 1027
Info (12021): Found 2 design units, including 1 entities, in source file rtl/tg68k/tg68k_alu.vhd
    Info (12022): Found design unit 1: TG68K_ALU-logic File: C:/Temp/mistercore/lbmactwo_MiSTer/rtl/tg68k/TG68K_ALU.vhd Line: 80
    Info (12023): Found entity 1: TG68K_ALU File: C:/Temp/mistercore/lbmactwo_MiSTer/rtl/tg68k/TG68K_ALU.vhd Line: 30
Info (12021): Found 1 design units, including 0 entities, in source file rtl/tg68k/tg68k_pack.vhd
    Info (12022): Found design unit 1: TG68K_Pack File: C:/Temp/mistercore/lbmactwo_MiSTer/rtl/tg68k/TG68K_Pack.vhd Line: 26
Info (12021): Found 2 design units, including 1 entities, in source file rtl/tg68k/tg68kdotc_kernel.vhd
    Info (12022): Found design unit 1: TG68KdotC_Kernel-logic File: C:/Temp/mistercore/lbmactwo_MiSTer/rtl/tg68k/TG68KdotC_Kernel.vhd Line: 149
    Info (12023): Found entity 1: TG68KdotC_Kernel File: C:/Temp/mistercore/lbmactwo_MiSTer/rtl/tg68k/TG68KdotC_Kernel.vhd Line: 107
Info (12021): Found 1 design units, including 1 entities, in source file rtl/tg68k/tg68k.v
    Info (12023): Found entity 1: tg68k File: C:/Temp/mistercore/lbmactwo_MiSTer/rtl/tg68k/tg68k.v Line: 5
Info (12021): Found 1 design units, including 1 entities, in source file rtl/sdram.v
    Info (12023): Found entity 1: sdram File: C:/Temp/mistercore/lbmactwo_MiSTer/rtl/sdram.v Line: 22
Info (12021): Found 1 design units, including 1 entities, in source file rtl/sdram_arbiter.v
    Info (12023): Found entity 1: sdram_arbiter File: C:/Temp/mistercore/lbmactwo_MiSTer/rtl/sdram_arbiter.v Line: 10
Info (12021): Found 3 design units, including 3 entities, in source file rtl/scsi.v
    Info (12023): Found entity 1: scsi File: C:/Temp/mistercore/lbmactwo_MiSTer/rtl/scsi.v Line: 6
    Info (12023): Found entity 2: scsi_empty_cd File: C:/Temp/mistercore/lbmactwo_MiSTer/rtl/scsi.v Line: 814
    Info (12023): Found entity 3: scsi_dpram File: C:/Temp/mistercore/lbmactwo_MiSTer/rtl/scsi.v Line: 1065
Info (12021): Found 1 design units, including 1 entities, in source file rtl/ncr5380.sv
    Info (12023): Found entity 1: ncr5380 File: C:/Temp/mistercore/lbmactwo_MiSTer/rtl/ncr5380.sv Line: 45
Info (12021): Found 1 design units, including 1 entities, in source file rtl/floppy_track_encoder.v
    Info (12023): Found entity 1: floppy_track_encoder File: C:/Temp/mistercore/lbmactwo_MiSTer/rtl/floppy_track_encoder.v Line: 12
Info (12021): Found 1 design units, including 1 entities, in source file rtl/floppy.v
    Info (12023): Found entity 1: floppy File: C:/Temp/mistercore/lbmactwo_MiSTer/rtl/floppy.v Line: 61
Info (12021): Found 1 design units, including 1 entities, in source file rtl/ps2_kbd.sv
    Info (12023): Found entity 1: ps2_kbd File: C:/Temp/mistercore/lbmactwo_MiSTer/rtl/ps2_kbd.sv Line: 6
Info (12021): Found 1 design units, including 1 entities, in source file rtl/adb.sv
    Info (12023): Found entity 1: adb File: C:/Temp/mistercore/lbmactwo_MiSTer/rtl/adb.sv Line: 16
Info (12021): Found 1 design units, including 1 entities, in source file rtl/ps2_mouse.v
    Info (12023): Found entity 1: ps2_mouse File: C:/Temp/mistercore/lbmactwo_MiSTer/rtl/ps2_mouse.v Line: 14
Warning (10885): Verilog HDL Attribute warning at scc.v(113): synthesis attribute "keep" with value "1" has no object and is ignored File: C:/Temp/mistercore/lbmactwo_MiSTer/rtl/scc.v Line: 113
Info (12021): Found 1 design units, including 1 entities, in source file rtl/scc.v
    Info (12023): Found entity 1: scc File: C:/Temp/mistercore/lbmactwo_MiSTer/rtl/scc.v Line: 18
Info (12021): Found 1 design units, including 1 entities, in source file rtl/uart/rxuart.v
    Info (12023): Found entity 1: rxuart File: C:/Temp/mistercore/lbmactwo_MiSTer/rtl/uart/rxuart.v Line: 120
Info (12021): Found 1 design units, including 1 entities, in source file rtl/uart/txuart.v
    Info (12023): Found entity 1: txuart File: C:/Temp/mistercore/lbmactwo_MiSTer/rtl/uart/txuart.v Line: 99
Info (12021): Found 1 design units, including 1 entities, in source file rtl/iwm.v
    Info (12023): Found entity 1: iwm File: C:/Temp/mistercore/lbmactwo_MiSTer/rtl/iwm.v Line: 39
Info (12021): Found 1 design units, including 1 entities, in source file rtl/via6522.sv
    Info (12023): Found entity 1: via6522 File: C:/Temp/mistercore/lbmactwo_MiSTer/rtl/via6522.sv Line: 16
Info (12021): Found 1 design units, including 1 entities, in source file rtl/addrdecoder.v
    Info (12023): Found entity 1: addrDecoder File: C:/Temp/mistercore/lbmactwo_MiSTer/rtl/addrDecoder.v Line: 98
Info (12021): Found 1 design units, including 1 entities, in source file rtl/addrcontroller_top.v
    Info (12023): Found entity 1: addrController_top File: C:/Temp/mistercore/lbmactwo_MiSTer/rtl/addrController_top.v Line: 1
Info (12021): Found 1 design units, including 1 entities, in source file rtl/hmmu.v
    Info (12023): Found entity 1: hmmu File: C:/Temp/mistercore/lbmactwo_MiSTer/rtl/hmmu.v Line: 24
Info (12021): Found 1 design units, including 1 entities, in source file rtl/datacontroller_top.sv
    Info (12023): Found entity 1: dataController_top File: C:/Temp/mistercore/lbmactwo_MiSTer/rtl/dataController_top.sv Line: 1
Info (12021): Found 1 design units, including 1 entities, in source file rtl/videotimer.v
    Info (12023): Found entity 1: videoTimer File: C:/Temp/mistercore/lbmactwo_MiSTer/rtl/videoTimer.v Line: 2
Info (12021): Found 1 design units, including 1 entities, in source file rtl/videoshifter.v
    Info (12023): Found entity 1: videoShifter File: C:/Temp/mistercore/lbmactwo_MiSTer/rtl/videoShifter.v Line: 1
Info (12021): Found 1 design units, including 1 entities, in source file rtl/rtc.v
    Info (12023): Found entity 1: rtc File: C:/Temp/mistercore/lbmactwo_MiSTer/rtl/rtc.v Line: 30
Info (12021): Found 1 design units, including 1 entities, in source file rtl/dbg_min.sv
    Info (12023): Found entity 1: dbg_min File: C:/Temp/mistercore/lbmactwo_MiSTer/rtl/dbg_min.sv Line: 11
Info (12021): Found 1 design units, including 1 entities, in source file rtl/nubus/nubus_arbiter.sv
    Info (12023): Found entity 1: nubus_arbiter File: C:/Temp/mistercore/lbmactwo_MiSTer/rtl/nubus/nubus_arbiter.sv Line: 14
Info (12021): Found 1 design units, including 1 entities, in source file rtl/nubus/nubus_video_mdc824.sv
    Info (12023): Found entity 1: nubus_video_mdc824 File: C:/Temp/mistercore/lbmactwo_MiSTer/rtl/nubus/nubus_video_mdc824.sv Line: 22
Info (12021): Found 1 design units, including 1 entities, in source file rtl/nubus/vram_ram.sv
    Info (12023): Found entity 1: vram_ram File: C:/Temp/mistercore/lbmactwo_MiSTer/rtl/nubus/vram_ram.sv Line: 24
Info (12021): Found 2 design units, including 0 entities, in source file rtl/mc68881/vhdl/mc68881_pkg.vhd
    Info (12022): Found design unit 1: mc68881_pkg File: C:/Temp/mistercore/lbmactwo_MiSTer/rtl/mc68881/vhdl/mc68881_pkg.vhd Line: 5
    Info (12022): Found design unit 2: mc68881_pkg-body File: C:/Temp/mistercore/lbmactwo_MiSTer/rtl/mc68881/vhdl/mc68881_pkg.vhd Line: 441
Info (12021): Found 2 design units, including 1 entities, in source file rtl/mc68881/vhdl/mc68881_fp80_mul_unit.vhd
    Info (12022): Found design unit 1: mc68881_fp80_mul_unit-rtl File: C:/Temp/mistercore/lbmactwo_MiSTer/rtl/mc68881/vhdl/mc68881_fp80_mul_unit.vhd Line: 27
    Info (12023): Found entity 1: mc68881_fp80_mul_unit File: C:/Temp/mistercore/lbmactwo_MiSTer/rtl/mc68881/vhdl/mc68881_fp80_mul_unit.vhd Line: 12
Info (12021): Found 2 design units, including 1 entities, in source file rtl/mc68881/vhdl/mc68881_fp80_addsub_unit.vhd
    Info (12022): Found design unit 1: mc68881_fp80_addsub_unit-rtl File: C:/Temp/mistercore/lbmactwo_MiSTer/rtl/mc68881/vhdl/mc68881_fp80_addsub_unit.vhd Line: 32
    Info (12023): Found entity 1: mc68881_fp80_addsub_unit File: C:/Temp/mistercore/lbmactwo_MiSTer/rtl/mc68881/vhdl/mc68881_fp80_addsub_unit.vhd Line: 16
Info (12021): Found 2 design units, including 1 entities, in source file rtl/mc68881/vhdl/mc68881_divrem_unit.vhd
    Info (12022): Found design unit 1: mc68881_divrem_unit-rtl File: C:/Temp/mistercore/lbmactwo_MiSTer/rtl/mc68881/vhdl/mc68881_divrem_unit.vhd Line: 56
    Info (12023): Found entity 1: mc68881_divrem_unit File: C:/Temp/mistercore/lbmactwo_MiSTer/rtl/mc68881/vhdl/mc68881_divrem_unit.vhd Line: 7
Info (12021): Found 2 design units, including 1 entities, in source file rtl/mc68881/vhdl/mc68881_modrem_post_unit.vhd
    Info (12022): Found design unit 1: mc68881_modrem_post_unit-rtl File: C:/Temp/mistercore/lbmactwo_MiSTer/rtl/mc68881/vhdl/mc68881_modrem_post_unit.vhd Line: 49
    Info (12023): Found entity 1: mc68881_modrem_post_unit File: C:/Temp/mistercore/lbmactwo_MiSTer/rtl/mc68881/vhdl/mc68881_modrem_post_unit.vhd Line: 7
Info (12021): Found 2 design units, including 1 entities, in source file rtl/mc68881/vhdl/mc68881_packed_decimal_unit.vhd
    Info (12022): Found design unit 1: mc68881_packed_decimal_unit-rtl File: C:/Temp/mistercore/lbmactwo_MiSTer/rtl/mc68881/vhdl/mc68881_packed_decimal_unit.vhd Line: 47
    Info (12023): Found entity 1: mc68881_packed_decimal_unit File: C:/Temp/mistercore/lbmactwo_MiSTer/rtl/mc68881/vhdl/mc68881_packed_decimal_unit.vhd Line: 7
Info (12021): Found 2 design units, including 1 entities, in source file rtl/mc68881/vhdl/mc68881_sgl_ops_unit.vhd
    Info (12022): Found design unit 1: mc68881_sgl_ops_unit-rtl File: C:/Temp/mistercore/lbmactwo_MiSTer/rtl/mc68881/vhdl/mc68881_sgl_ops_unit.vhd Line: 22
    Info (12023): Found entity 1: mc68881_sgl_ops_unit File: C:/Temp/mistercore/lbmactwo_MiSTer/rtl/mc68881/vhdl/mc68881_sgl_ops_unit.vhd Line: 7
Warning (10335): Unrecognized synthesis attribute "rom_style" at rtl/mc68881/vhdl/mc68881_trig_unit.vhd(963) File: C:/Temp/mistercore/lbmactwo_MiSTer/rtl/mc68881/vhdl/mc68881_trig_unit.vhd Line: 963
Warning (10335): Unrecognized synthesis attribute "rom_style" at rtl/mc68881/vhdl/mc68881_trig_unit.vhd(964) File: C:/Temp/mistercore/lbmactwo_MiSTer/rtl/mc68881/vhdl/mc68881_trig_unit.vhd Line: 964
Warning (10335): Unrecognized synthesis attribute "rom_style" at rtl/mc68881/vhdl/mc68881_trig_unit.vhd(965) File: C:/Temp/mistercore/lbmactwo_MiSTer/rtl/mc68881/vhdl/mc68881_trig_unit.vhd Line: 965
Warning (10335): Unrecognized synthesis attribute "rom_style" at rtl/mc68881/vhdl/mc68881_trig_unit.vhd(966) File: C:/Temp/mistercore/lbmactwo_MiSTer/rtl/mc68881/vhdl/mc68881_trig_unit.vhd Line: 966
Warning (10335): Unrecognized synthesis attribute "rom_style" at rtl/mc68881/vhdl/mc68881_trig_unit.vhd(967) File: C:/Temp/mistercore/lbmactwo_MiSTer/rtl/mc68881/vhdl/mc68881_trig_unit.vhd Line: 967
Warning (10335): Unrecognized synthesis attribute "rom_style" at rtl/mc68881/vhdl/mc68881_trig_unit.vhd(968) File: C:/Temp/mistercore/lbmactwo_MiSTer/rtl/mc68881/vhdl/mc68881_trig_unit.vhd Line: 968
Warning (10335): Unrecognized synthesis attribute "rom_style" at rtl/mc68881/vhdl/mc68881_trig_unit.vhd(969) File: C:/Temp/mistercore/lbmactwo_MiSTer/rtl/mc68881/vhdl/mc68881_trig_unit.vhd Line: 969
Warning (10335): Unrecognized synthesis attribute "rom_style" at rtl/mc68881/vhdl/mc68881_trig_unit.vhd(970) File: C:/Temp/mistercore/lbmactwo_MiSTer/rtl/mc68881/vhdl/mc68881_trig_unit.vhd Line: 970
Warning (10335): Unrecognized synthesis attribute "rom_style" at rtl/mc68881/vhdl/mc68881_trig_unit.vhd(971) File: C:/Temp/mistercore/lbmactwo_MiSTer/rtl/mc68881/vhdl/mc68881_trig_unit.vhd Line: 971
Warning (10335): Unrecognized synthesis attribute "rom_style" at rtl/mc68881/vhdl/mc68881_trig_unit.vhd(972) File: C:/Temp/mistercore/lbmactwo_MiSTer/rtl/mc68881/vhdl/mc68881_trig_unit.vhd Line: 972
Warning (10335): Unrecognized synthesis attribute "rom_style" at rtl/mc68881/vhdl/mc68881_trig_unit.vhd(973) File: C:/Temp/mistercore/lbmactwo_MiSTer/rtl/mc68881/vhdl/mc68881_trig_unit.vhd Line: 973
Warning (10335): Unrecognized synthesis attribute "rom_style" at rtl/mc68881/vhdl/mc68881_trig_unit.vhd(974) File: C:/Temp/mistercore/lbmactwo_MiSTer/rtl/mc68881/vhdl/mc68881_trig_unit.vhd Line: 974
Warning (10335): Unrecognized synthesis attribute "rom_style" at rtl/mc68881/vhdl/mc68881_trig_unit.vhd(975) File: C:/Temp/mistercore/lbmactwo_MiSTer/rtl/mc68881/vhdl/mc68881_trig_unit.vhd Line: 975
Info (12021): Found 2 design units, including 1 entities, in source file rtl/mc68881/vhdl/mc68881_trig_unit.vhd
    Info (12022): Found design unit 1: mc68881_trig_unit-rtl File: C:/Temp/mistercore/lbmactwo_MiSTer/rtl/mc68881/vhdl/mc68881_trig_unit.vhd Line: 36
    Info (12023): Found entity 1: mc68881_trig_unit File: C:/Temp/mistercore/lbmactwo_MiSTer/rtl/mc68881/vhdl/mc68881_trig_unit.vhd Line: 7
Info (12021): Found 2 design units, including 1 entities, in source file rtl/mc68881/vhdl/mc68881_alu.vhd
    Info (12022): Found design unit 1: mc68881_alu-rtl File: C:/Temp/mistercore/lbmactwo_MiSTer/rtl/mc68881/vhdl/mc68881_alu.vhd Line: 53
    Info (12023): Found entity 1: mc68881_alu File: C:/Temp/mistercore/lbmactwo_MiSTer/rtl/mc68881/vhdl/mc68881_alu.vhd Line: 7
Info (12021): Found 2 design units, including 1 entities, in source file rtl/mc68881/vhdl/mc68881_top.vhd
    Info (12022): Found design unit 1: mc68881_top-rtl File: C:/Temp/mistercore/lbmactwo_MiSTer/rtl/mc68881/vhdl/mc68881_top.vhd Line: 63
    Info (12023): Found entity 1: mc68881_top File: C:/Temp/mistercore/lbmactwo_MiSTer/rtl/mc68881/vhdl/mc68881_top.vhd Line: 12
Info (12021): Found 2 design units, including 1 entities, in source file rtl/mc68881/vhdl/mc68881_fpu_lite.vhd
    Info (12022): Found design unit 1: mc68881_fpu_lite-wrapper File: C:/Temp/mistercore/lbmactwo_MiSTer/rtl/mc68881/vhdl/mc68881_fpu_lite.vhd Line: 30
    Info (12023): Found entity 1: mc68881_fpu_lite File: C:/Temp/mistercore/lbmactwo_MiSTer/rtl/mc68881/vhdl/mc68881_fpu_lite.vhd Line: 8
Info (12021): Found 1 design units, including 1 entities, in source file rtl/asc.sv
    Info (12023): Found entity 1: asc File: C:/Temp/mistercore/lbmactwo_MiSTer/rtl/asc.sv Line: 8
Info (12021): Found 1 design units, including 1 entities, in source file lbmactwo.sv
    Info (12023): Found entity 1: emu File: C:/Temp/mistercore/lbmactwo_MiSTer/LBMacTwo.sv Line: 20
Info (12127): Elaborating entity "sys_top" for the top level hierarchy
Info (12128): Elaborating entity "mcp23009" for hierarchy "mcp23009:mcp23009" File: C:/Temp/mistercore/lbmactwo_MiSTer/sys/sys_top.v Line: 175
Info (12128): Elaborating entity "i2c" for hierarchy "mcp23009:mcp23009|i2c:i2c" File: C:/Temp/mistercore/lbmactwo_MiSTer/sys/mcp23009.sv Line: 41
Info (12128): Elaborating entity "sysmem_lite" for hierarchy "sysmem_lite:sysmem" File: C:/Temp/mistercore/lbmactwo_MiSTer/sys/sys_top.v Line: 638
Info (12128): Elaborating entity "f2sdram_safe_terminator" for hierarchy "sysmem_lite:sysmem|f2sdram_safe_terminator:f2sdram_safe_terminator_ram1" File: C:/Temp/mistercore/lbmactwo_MiSTer/sys/sysmem.sv Line: 91
Info (12128): Elaborating entity "f2sdram_safe_terminator" for hierarchy "sysmem_lite:sysmem|f2sdram_safe_terminator:f2sdram_safe_terminator_vbuf" File: C:/Temp/mistercore/lbmactwo_MiSTer/sys/sysmem.sv Line: 183
Info (12128): Elaborating entity "sysmem_HPS_fpga_interfaces" for hierarchy "sysmem_lite:sysmem|sysmem_HPS_fpga_interfaces:fpga_interfaces" File: C:/Temp/mistercore/lbmactwo_MiSTer/sys/sysmem.sv Line: 223
Info (12128): Elaborating entity "ddr_svc" for hierarchy "ddr_svc:ddr_svc" File: C:/Temp/mistercore/lbmactwo_MiSTer/sys/sys_top.v Line: 679
Info (12128): Elaborating entity "ascal" for hierarchy "ascal:ascal" File: C:/Temp/mistercore/lbmactwo_MiSTer/sys/sys_top.v Line: 815
Info (19000): Inferred 9 megafunctions from design logic
    Info (276029): Inferred altsyncram megafunction from the following design logic: "ascal:ascal|altsyncram:i_mem[0].r[7]__1" 
        Info (286033): Parameter OPERATION_MODE set to DUAL_PORT
        Info (286033): Parameter WIDTH_A set to 24
        Info (286033): Parameter WIDTHAD_A set to 11
        Info (286033): Parameter NUMWORDS_A set to 2048
        Info (286033): Parameter WIDTH_B set to 24
        Info (286033): Parameter WIDTHAD_B set to 11
        Info (286033): Parameter NUMWORDS_B set to 2048
        Info (286033): Parameter ADDRESS_ACLR_A set to NONE
        Info (286033): Parameter OUTDATA_REG_B set to UNREGISTERED
        Info (286033): Parameter ADDRESS_ACLR_B set to NONE
        Info (286033): Parameter OUTDATA_ACLR_B set to NONE
        Info (286033): Parameter ADDRESS_REG_B set to CLOCK0
        Info (286033): Parameter INDATA_ACLR_A set to NONE
        Info (286033): Parameter WRCONTROL_ACLR_A set to NONE
        Info (286033): Parameter READ_DURING_WRITE_MODE_MIXED_PORTS set to OLD_DATA
        Info (286033): Parameter RDCONTROL_REG_B set to CLOCK0
    Info (276029): Inferred altsyncram megafunction from the following design logic: "ascal:ascal|altsyncram:o_line0[0].r[7]__2" 
        Info (286033): Parameter OPERATION_MODE set to DUAL_PORT
        Info (286033): Parameter WIDTH_A set to 24
        Info (286033): Parameter WIDTHAD_A set to 11
        Info (286033): Parameter NUMWORDS_A set to 2048
        Info (286033): Parameter WIDTH_B set to 24
        Info (286033): Parameter WIDTHAD_B set to 11
        Info (286033): Parameter NUMWORDS_B set to 2048
        Info (286033): Parameter ADDRESS_ACLR_A set to NONE
        Info (286033): Parameter OUTDATA_REG_B set to UNREGISTERED
        Info (286033): Parameter ADDRESS_ACLR_B set to NONE
        Info (286033): Parameter OUTDATA_ACLR_B set to NONE
        Info (286033): Parameter ADDRESS_REG_B set to CLOCK0
        Info (286033): Parameter INDATA_ACLR_A set to NONE
        Info (286033): Parameter WRCONTROL_ACLR_A set to NONE
        Info (286033): Parameter READ_DURING_WRITE_MODE_MIXED_PORTS set to OLD_DATA
    Info (276029): Inferred altsyncram megafunction from the following design logic: "ascal:ascal|altsyncram:o_line1[0].r[7]__3" 
        Info (286033): Parameter OPERATION_MODE set to DUAL_PORT
        Info (286033): Parameter WIDTH_A set to 24
        Info (286033): Parameter WIDTHAD_A set to 11
        Info (286033): Parameter NUMWORDS_A set to 2048
        Info (286033): Parameter WIDTH_B set to 24
        Info (286033): Parameter WIDTHAD_B set to 11
        Info (286033): Parameter NUMWORDS_B set to 2048
        Info (286033): Parameter ADDRESS_ACLR_A set to NONE
        Info (286033): Parameter OUTDATA_REG_B set to UNREGISTERED
        Info (286033): Parameter ADDRESS_ACLR_B set to NONE
        Info (286033): Parameter OUTDATA_ACLR_B set to NONE
        Info (286033): Parameter ADDRESS_REG_B set to CLOCK0
        Info (286033): Parameter INDATA_ACLR_A set to NONE
        Info (286033): Parameter WRCONTROL_ACLR_A set to NONE
        Info (286033): Parameter READ_DURING_WRITE_MODE_MIXED_PORTS set to OLD_DATA
    Info (276029): Inferred altsyncram megafunction from the following design logic: "ascal:ascal|altsyncram:o_line2[0].r[7]__4" 
        Info (286033): Parameter OPERATION_MODE set to DUAL_PORT
        Info (286033): Parameter WIDTH_A set to 24
        Info (286033): Parameter WIDTHAD_A set to 11
        Info (286033): Parameter NUMWORDS_A set to 2048
        Info (286033): Parameter WIDTH_B set to 24
        Info (286033): Parameter WIDTHAD_B set to 11
        Info (286033): Parameter NUMWORDS_B set to 2048
        Info (286033): Parameter ADDRESS_ACLR_A set to NONE
        Info (286033): Parameter OUTDATA_REG_B set to UNREGISTERED
        Info (286033): Parameter ADDRESS_ACLR_B set to NONE
        Info (286033): Parameter OUTDATA_ACLR_B set to NONE
        Info (286033): Parameter ADDRESS_REG_B set to CLOCK0
        Info (286033): Parameter INDATA_ACLR_A set to NONE
        Info (286033): Parameter WRCONTROL_ACLR_A set to NONE
        Info (286033): Parameter READ_DURING_WRITE_MODE_MIXED_PORTS set to OLD_DATA
    Info (276029): Inferred altsyncram megafunction from the following design logic: "ascal:ascal|altsyncram:o_line3[0].r[7]__5" 
        Info (286033): Parameter OPERATION_MODE set to DUAL_PORT
        Info (286033): Parameter WIDTH_A set to 24
        Info (286033): Parameter WIDTHAD_A set to 11
        Info (286033): Parameter NUMWORDS_A set to 2048
        Info (286033): Parameter WIDTH_B set to 24
        Info (286033): Parameter WIDTHAD_B set to 11
        Info (286033): Parameter NUMWORDS_B set to 2048
        Info (286033): Parameter ADDRESS_ACLR_A set to NONE
        Info (286033): Parameter OUTDATA_REG_B set to UNREGISTERED
        Info (286033): Parameter ADDRESS_ACLR_B set to NONE
        Info (286033): Parameter OUTDATA_ACLR_B set to NONE
        Info (286033): Parameter ADDRESS_REG_B set to CLOCK0
        Info (286033): Parameter INDATA_ACLR_A set to NONE
        Info (286033): Parameter WRCONTROL_ACLR_A set to NONE
        Info (286033): Parameter READ_DURING_WRITE_MODE_MIXED_PORTS set to OLD_DATA
    Info (276029): Inferred altsyncram megafunction from the following design logic: "ascal:ascal|altsyncram:o_linf0[0].r[7]__6" 
        Info (286033): Parameter OPERATION_MODE set to DUAL_PORT
        Info (286033): Parameter WIDTH_A set to 24
        Info (286033): Parameter WIDTHAD_A set to 8
        Info (286033): Parameter NUMWORDS_A set to 256
        Info (286033): Parameter WIDTH_B set to 24
        Info (286033): Parameter WIDTHAD_B set to 8
        Info (286033): Parameter NUMWORDS_B set to 256
        Info (286033): Parameter ADDRESS_ACLR_A set to NONE
        Info (286033): Parameter OUTDATA_REG_B set to UNREGISTERED
        Info (286033): Parameter ADDRESS_ACLR_B set to NONE
        Info (286033): Parameter OUTDATA_ACLR_B set to NONE
        Info (286033): Parameter ADDRESS_REG_B set to CLOCK0
        Info (286033): Parameter INDATA_ACLR_A set to NONE
        Info (286033): Parameter WRCONTROL_ACLR_A set to NONE
        Info (286033): Parameter READ_DURING_WRITE_MODE_MIXED_PORTS set to OLD_DATA
    Info (276029): Inferred altsyncram megafunction from the following design logic: "ascal:ascal|altsyncram:o_linf1[0].r[7]__7" 
        Info (286033): Parameter OPERATION_MODE set to DUAL_PORT
        Info (286033): Parameter WIDTH_A set to 24
        Info (286033): Parameter WIDTHAD_A set to 8
        Info (286033): Parameter NUMWORDS_A set to 256
        Info (286033): Parameter WIDTH_B set to 24
        Info (286033): Parameter WIDTHAD_B set to 8
        Info (286033): Parameter NUMWORDS_B set to 256
        Info (286033): Parameter ADDRESS_ACLR_A set to NONE
        Info (286033): Parameter OUTDATA_REG_B set to UNREGISTERED
        Info (286033): Parameter ADDRESS_ACLR_B set to NONE
        Info (286033): Parameter OUTDATA_ACLR_B set to NONE
        Info (286033): Parameter ADDRESS_REG_B set to CLOCK0
        Info (286033): Parameter INDATA_ACLR_A set to NONE
        Info (286033): Parameter WRCONTROL_ACLR_A set to NONE
        Info (286033): Parameter READ_DURING_WRITE_MODE_MIXED_PORTS set to OLD_DATA
    Info (276029): Inferred altsyncram megafunction from the following design logic: "ascal:ascal|altsyncram:o_linf2[0].r[7]__8" 
        Info (286033): Parameter OPERATION_MODE set to DUAL_PORT
        Info (286033): Parameter WIDTH_A set to 24
        Info (286033): Parameter WIDTHAD_A set to 8
        Info (286033): Parameter NUMWORDS_A set to 256
        Info (286033): Parameter WIDTH_B set to 24
        Info (286033): Parameter WIDTHAD_B set to 8
        Info (286033): Parameter NUMWORDS_B set to 256
        Info (286033): Parameter ADDRESS_ACLR_A set to NONE
        Info (286033): Parameter OUTDATA_REG_B set to UNREGISTERED
        Info (286033): Parameter ADDRESS_ACLR_B set to NONE
        Info (286033): Parameter OUTDATA_ACLR_B set to NONE
        Info (286033): Parameter ADDRESS_REG_B set to CLOCK0
        Info (286033): Parameter INDATA_ACLR_A set to NONE
        Info (286033): Parameter WRCONTROL_ACLR_A set to NONE
        Info (286033): Parameter READ_DURING_WRITE_MODE_MIXED_PORTS set to OLD_DATA
    Info (276029): Inferred altsyncram megafunction from the following design logic: "ascal:ascal|altsyncram:o_linf3[0].r[7]__9" 
        Info (286033): Parameter OPERATION_MODE set to DUAL_PORT
        Info (286033): Parameter WIDTH_A set to 24
        Info (286033): Parameter WIDTHAD_A set to 8
        Info (286033): Parameter NUMWORDS_A set to 256
        Info (286033): Parameter WIDTH_B set to 24
        Info (286033): Parameter WIDTHAD_B set to 8
        Info (286033): Parameter NUMWORDS_B set to 256
        Info (286033): Parameter ADDRESS_ACLR_A set to NONE
        Info (286033): Parameter OUTDATA_REG_B set to UNREGISTERED
        Info (286033): Parameter ADDRESS_ACLR_B set to NONE
        Info (286033): Parameter OUTDATA_ACLR_B set to NONE
        Info (286033): Parameter ADDRESS_REG_B set to CLOCK0
        Info (286033): Parameter INDATA_ACLR_A set to NONE
        Info (286033): Parameter WRCONTROL_ACLR_A set to NONE
        Info (286033): Parameter READ_DURING_WRITE_MODE_MIXED_PORTS set to OLD_DATA
Info (12128): Elaborating entity "altsyncram" for hierarchy "ascal:ascal|altsyncram:i_mem[0].r[7]__1"
Info (12130): Elaborated megafunction instantiation "ascal:ascal|altsyncram:i_mem[0].r[7]__1"
Info (12133): Instantiated megafunction "ascal:ascal|altsyncram:i_mem[0].r[7]__1" with the following parameter:
    Info (12134): Parameter "OPERATION_MODE" = "DUAL_PORT"
    Info (12134): Parameter "WIDTH_A" = "24"
    Info (12134): Parameter "WIDTHAD_A" = "11"
    Info (12134): Parameter "NUMWORDS_A" = "2048"
    Info (12134): Parameter "WIDTH_B" = "24"
    Info (12134): Parameter "WIDTHAD_B" = "11"
    Info (12134): Parameter "NUMWORDS_B" = "2048"
    Info (12134): Parameter "ADDRESS_ACLR_A" = "NONE"
    Info (12134): Parameter "OUTDATA_REG_B" = "UNREGISTERED"
    Info (12134): Parameter "ADDRESS_ACLR_B" = "NONE"
    Info (12134): Parameter "OUTDATA_ACLR_B" = "NONE"
    Info (12134): Parameter "ADDRESS_REG_B" = "CLOCK0"
    Info (12134): Parameter "INDATA_ACLR_A" = "NONE"
    Info (12134): Parameter "WRCONTROL_ACLR_A" = "NONE"
    Info (12134): Parameter "READ_DURING_WRITE_MODE_MIXED_PORTS" = "OLD_DATA"
    Info (12134): Parameter "RDCONTROL_REG_B" = "CLOCK0"
Info (12021): Found 1 design units, including 1 entities, in source file db/altsyncram_89q1.tdf
    Info (12023): Found entity 1: altsyncram_89q1 File: C:/Temp/mistercore/lbmactwo_MiSTer/db/altsyncram_89q1.tdf Line: 28
Info (12128): Elaborating entity "altsyncram_89q1" for hierarchy "ascal:ascal|altsyncram:i_mem[0].r[7]__1|altsyncram_89q1:auto_generated" File: c:/intelfpga_lite/17.0/quartus/libraries/megafunctions/altsyncram.tdf Line: 792
Info (12128): Elaborating entity "altsyncram" for hierarchy "ascal:ascal|altsyncram:o_line0[0].r[7]__2"
Info (12130): Elaborated megafunction instantiation "ascal:ascal|altsyncram:o_line0[0].r[7]__2"
Info (12133): Instantiated megafunction "ascal:ascal|altsyncram:o_line0[0].r[7]__2" with the following parameter:
    Info (12134): Parameter "OPERATION_MODE" = "DUAL_PORT"
    Info (12134): Parameter "WIDTH_A" = "24"
    Info (12134): Parameter "WIDTHAD_A" = "11"
    Info (12134): Parameter "NUMWORDS_A" = "2048"
    Info (12134): Parameter "WIDTH_B" = "24"
    Info (12134): Parameter "WIDTHAD_B" = "11"
    Info (12134): Parameter "NUMWORDS_B" = "2048"
    Info (12134): Parameter "ADDRESS_ACLR_A" = "NONE"
    Info (12134): Parameter "OUTDATA_REG_B" = "UNREGISTERED"
    Info (12134): Parameter "ADDRESS_ACLR_B" = "NONE"
    Info (12134): Parameter "OUTDATA_ACLR_B" = "NONE"
    Info (12134): Parameter "ADDRESS_REG_B" = "CLOCK0"
    Info (12134): Parameter "INDATA_ACLR_A" = "NONE"
    Info (12134): Parameter "WRCONTROL_ACLR_A" = "NONE"
    Info (12134): Parameter "READ_DURING_WRITE_MODE_MIXED_PORTS" = "OLD_DATA"
Info (12021): Found 1 design units, including 1 entities, in source file db/altsyncram_ccn1.tdf
    Info (12023): Found entity 1: altsyncram_ccn1 File: C:/Temp/mistercore/lbmactwo_MiSTer/db/altsyncram_ccn1.tdf Line: 28
Info (12128): Elaborating entity "altsyncram_ccn1" for hierarchy "ascal:ascal|altsyncram:o_line0[0].r[7]__2|altsyncram_ccn1:auto_generated" File: c:/intelfpga_lite/17.0/quartus/libraries/megafunctions/altsyncram.tdf Line: 792
Info (12128): Elaborating entity "altsyncram" for hierarchy "ascal:ascal|altsyncram:o_linf0[0].r[7]__6"
Info (12130): Elaborated megafunction instantiation "ascal:ascal|altsyncram:o_linf0[0].r[7]__6"
Info (12133): Instantiated megafunction "ascal:ascal|altsyncram:o_linf0[0].r[7]__6" with the following parameter:
    Info (12134): Parameter "OPERATION_MODE" = "DUAL_PORT"
    Info (12134): Parameter "WIDTH_A" = "24"
    Info (12134): Parameter "WIDTHAD_A" = "8"
    Info (12134): Parameter "NUMWORDS_A" = "256"
    Info (12134): Parameter "WIDTH_B" = "24"
    Info (12134): Parameter "WIDTHAD_B" = "8"
    Info (12134): Parameter "NUMWORDS_B" = "256"
    Info (12134): Parameter "ADDRESS_ACLR_A" = "NONE"
    Info (12134): Parameter "OUTDATA_REG_B" = "UNREGISTERED"
    Info (12134): Parameter "ADDRESS_ACLR_B" = "NONE"
    Info (12134): Parameter "OUTDATA_ACLR_B" = "NONE"
    Info (12134): Parameter "ADDRESS_REG_B" = "CLOCK0"
    Info (12134): Parameter "INDATA_ACLR_A" = "NONE"
    Info (12134): Parameter "WRCONTROL_ACLR_A" = "NONE"
    Info (12134): Parameter "READ_DURING_WRITE_MODE_MIXED_PORTS" = "OLD_DATA"
Info (12021): Found 1 design units, including 1 entities, in source file db/altsyncram_m6n1.tdf
    Info (12023): Found entity 1: altsyncram_m6n1 File: C:/Temp/mistercore/lbmactwo_MiSTer/db/altsyncram_m6n1.tdf Line: 28
Info (12128): Elaborating entity "altsyncram_m6n1" for hierarchy "ascal:ascal|altsyncram:o_linf0[0].r[7]__6|altsyncram_m6n1:auto_generated" File: c:/intelfpga_lite/17.0/quartus/libraries/megafunctions/altsyncram.tdf Line: 792
Info (12128): Elaborating entity "sys_umuldiv" for hierarchy "sys_umuldiv:ar_muldiv" File: C:/Temp/mistercore/lbmactwo_MiSTer/sys/sys_top.v Line: 875
Info (12128): Elaborating entity "sys_umul" for hierarchy "sys_umuldiv:ar_muldiv|sys_umul:umul" File: C:/Temp/mistercore/lbmactwo_MiSTer/sys/math.sv Line: 105
Info (12128): Elaborating entity "sys_udiv" for hierarchy "sys_umuldiv:ar_muldiv|sys_udiv:udiv" File: C:/Temp/mistercore/lbmactwo_MiSTer/sys/math.sv Line: 107
Info (12128): Elaborating entity "pll_hdmi_adj" for hierarchy "pll_hdmi_adj:pll_hdmi_adj" File: C:/Temp/mistercore/lbmactwo_MiSTer/sys/sys_top.v Line: 1000
Info (12128): Elaborating entity "pll_hdmi" for hierarchy "pll_hdmi:pll_hdmi" File: C:/Temp/mistercore/lbmactwo_MiSTer/sys/sys_top.v Line: 1034
Info (12128): Elaborating entity "pll_hdmi_0002" for hierarchy "pll_hdmi:pll_hdmi|pll_hdmi_0002:pll_hdmi_inst" File: C:/Temp/mistercore/lbmactwo_MiSTer/sys/pll_hdmi.v Line: 23
Info (12128): Elaborating entity "altera_pll" for hierarchy "pll_hdmi:pll_hdmi|pll_hdmi_0002:pll_hdmi_inst|altera_pll:altera_pll_i" File: C:/Temp/mistercore/lbmactwo_MiSTer/sys/pll_hdmi/pll_hdmi_0002.v Line: 239
Info (10008): Verilog HDL or VHDL information: EDA Netlist Writer cannot regroup multidimensional array "wire_to_nowhere_64" into its bus
Info (12130): Elaborated megafunction instantiation "pll_hdmi:pll_hdmi|pll_hdmi_0002:pll_hdmi_inst|altera_pll:altera_pll_i" File: C:/Temp/mistercore/lbmactwo_MiSTer/sys/pll_hdmi/pll_hdmi_0002.v Line: 239
Info (12133): Instantiated megafunction "pll_hdmi:pll_hdmi|pll_hdmi_0002:pll_hdmi_inst|altera_pll:altera_pll_i" with the following parameter: File: C:/Temp/mistercore/lbmactwo_MiSTer/sys/pll_hdmi/pll_hdmi_0002.v Line: 239
    Info (12134): Parameter "fractional_vco_multiplier" = "true"
    Info (12134): Parameter "reference_clock_frequency" = "50.0 MHz"
    Info (12134): Parameter "pll_fractional_cout" = "32"
    Info (12134): Parameter "pll_dsm_out_sel" = "1st_order"
    Info (12134): Parameter "operation_mode" = "direct"
    Info (12134): Parameter "number_of_clocks" = "1"
    Info (12134): Parameter "output_clock_frequency0" = "148.500000 MHz"
    Info (12134): Parameter "phase_shift0" = "0 ps"
    Info (12134): Parameter "duty_cycle0" = "50"
    Info (12134): Parameter "output_clock_frequency1" = "0 MHz"
    Info (12134): Parameter "phase_shift1" = "0 ps"
    Info (12134): Parameter "duty_cycle1" = "50"
    Info (12134): Parameter "output_clock_frequency2" = "0 MHz"
    Info (12134): Parameter "phase_shift2" = "0 ps"
    Info (12134): Parameter "duty_cycle2" = "50"
    Info (12134): Parameter "output_clock_frequency3" = "0 MHz"
    Info (12134): Parameter "phase_shift3" = "0 ps"
    Info (12134): Parameter "duty_cycle3" = "50"
    Info (12134): Parameter "output_clock_frequency4" = "0 MHz"
    Info (12134): Parameter "phase_shift4" = "0 ps"
    Info (12134): Parameter "duty_cycle4" = "50"
    Info (12134): Parameter "output_clock_frequency5" = "0 MHz"
    Info (12134): Parameter "phase_shift5" = "0 ps"
    Info (12134): Parameter "duty_cycle5" = "50"
    Info (12134): Parameter "output_clock_frequency6" = "0 MHz"
    Info (12134): Parameter "phase_shift6" = "0 ps"
    Info (12134): Parameter "duty_cycle6" = "50"
    Info (12134): Parameter "output_clock_frequency7" = "0 MHz"
    Info (12134): Parameter "phase_shift7" = "0 ps"
    Info (12134): Parameter "duty_cycle7" = "50"
    Info (12134): Parameter "output_clock_frequency8" = "0 MHz"
    Info (12134): Parameter "phase_shift8" = "0 ps"
    Info (12134): Parameter "duty_cycle8" = "50"
    Info (12134): Parameter "output_clock_frequency9" = "0 MHz"
    Info (12134): Parameter "phase_shift9" = "0 ps"
    Info (12134): Parameter "duty_cycle9" = "50"
    Info (12134): Parameter "output_clock_frequency10" = "0 MHz"
    Info (12134): Parameter "phase_shift10" = "0 ps"
    Info (12134): Parameter "duty_cycle10" = "50"
    Info (12134): Parameter "output_clock_frequency11" = "0 MHz"
    Info (12134): Parameter "phase_shift11" = "0 ps"
    Info (12134): Parameter "duty_cycle11" = "50"
    Info (12134): Parameter "output_clock_frequency12" = "0 MHz"
    Info (12134): Parameter "phase_shift12" = "0 ps"
    Info (12134): Parameter "duty_cycle12" = "50"
    Info (12134): Parameter "output_clock_frequency13" = "0 MHz"
    Info (12134): Parameter "phase_shift13" = "0 ps"
    Info (12134): Parameter "duty_cycle13" = "50"
    Info (12134): Parameter "output_clock_frequency14" = "0 MHz"
    Info (12134): Parameter "phase_shift14" = "0 ps"
    Info (12134): Parameter "duty_cycle14" = "50"
    Info (12134): Parameter "output_clock_frequency15" = "0 MHz"
    Info (12134): Parameter "phase_shift15" = "0 ps"
    Info (12134): Parameter "duty_cycle15" = "50"
    Info (12134): Parameter "output_clock_frequency16" = "0 MHz"
    Info (12134): Parameter "phase_shift16" = "0 ps"
    Info (12134): Parameter "duty_cycle16" = "50"
    Info (12134): Parameter "output_clock_frequency17" = "0 MHz"
    Info (12134): Parameter "phase_shift17" = "0 ps"
    Info (12134): Parameter "duty_cycle17" = "50"
    Info (12134): Parameter "pll_type" = "Cyclone V"
    Info (12134): Parameter "pll_subtype" = "Reconfigurable"
    Info (12134): Parameter "m_cnt_hi_div" = "4"
    Info (12134): Parameter "m_cnt_lo_div" = "4"
    Info (12134): Parameter "n_cnt_hi_div" = "256"
    Info (12134): Parameter "n_cnt_lo_div" = "256"
    Info (12134): Parameter "m_cnt_bypass_en" = "false"
    Info (12134): Parameter "n_cnt_bypass_en" = "true"
    Info (12134): Parameter "m_cnt_odd_div_duty_en" = "false"
    Info (12134): Parameter "n_cnt_odd_div_duty_en" = "false"
    Info (12134): Parameter "c_cnt_hi_div0" = "2"
    Info (12134): Parameter "c_cnt_lo_div0" = "1"
    Info (12134): Parameter "c_cnt_prst0" = "1"
    Info (12134): Parameter "c_cnt_ph_mux_prst0" = "0"
    Info (12134): Parameter "c_cnt_in_src0" = "ph_mux_clk"
    Info (12134): Parameter "c_cnt_bypass_en0" = "false"
    Info (12134): Parameter "c_cnt_odd_div_duty_en0" = "true"
    Info (12134): Parameter "c_cnt_hi_div1" = "1"
    Info (12134): Parameter "c_cnt_lo_div1" = "1"
    Info (12134): Parameter "c_cnt_prst1" = "1"
    Info (12134): Parameter "c_cnt_ph_mux_prst1" = "0"
    Info (12134): Parameter "c_cnt_in_src1" = "ph_mux_clk"
    Info (12134): Parameter "c_cnt_bypass_en1" = "true"
    Info (12134): Parameter "c_cnt_odd_div_duty_en1" = "false"
    Info (12134): Parameter "c_cnt_hi_div2" = "1"
    Info (12134): Parameter "c_cnt_lo_div2" = "1"
    Info (12134): Parameter "c_cnt_prst2" = "1"
    Info (12134): Parameter "c_cnt_ph_mux_prst2" = "0"
    Info (12134): Parameter "c_cnt_in_src2" = "ph_mux_clk"
    Info (12134): Parameter "c_cnt_bypass_en2" = "true"
    Info (12134): Parameter "c_cnt_odd_div_duty_en2" = "false"
    Info (12134): Parameter "c_cnt_hi_div3" = "1"
    Info (12134): Parameter "c_cnt_lo_div3" = "1"
    Info (12134): Parameter "c_cnt_prst3" = "1"
    Info (12134): Parameter "c_cnt_ph_mux_prst3" = "0"
    Info (12134): Parameter "c_cnt_in_src3" = "ph_mux_clk"
    Info (12134): Parameter "c_cnt_bypass_en3" = "true"
    Info (12134): Parameter "c_cnt_odd_div_duty_en3" = "false"
    Info (12134): Parameter "c_cnt_hi_div4" = "1"
    Info (12134): Parameter "c_cnt_lo_div4" = "1"
    Info (12134): Parameter "c_cnt_prst4" = "1"
    Info (12134): Parameter "c_cnt_ph_mux_prst4" = "0"
    Info (12134): Parameter "c_cnt_in_src4" = "ph_mux_clk"
    Info (12134): Parameter "c_cnt_bypass_en4" = "true"
    Info (12134): Parameter "c_cnt_odd_div_duty_en4" = "false"
    Info (12134): Parameter "c_cnt_hi_div5" = "1"
    Info (12134): Parameter "c_cnt_lo_div5" = "1"
    Info (12134): Parameter "c_cnt_prst5" = "1"
    Info (12134): Parameter "c_cnt_ph_mux_prst5" = "0"
    Info (12134): Parameter "c_cnt_in_src5" = "ph_mux_clk"
    Info (12134): Parameter "c_cnt_bypass_en5" = "true"
    Info (12134): Parameter "c_cnt_odd_div_duty_en5" = "false"
    Info (12134): Parameter "c_cnt_hi_div6" = "1"
    Info (12134): Parameter "c_cnt_lo_div6" = "1"
    Info (12134): Parameter "c_cnt_prst6" = "1"
    Info (12134): Parameter "c_cnt_ph_mux_prst6" = "0"
    Info (12134): Parameter "c_cnt_in_src6" = "ph_mux_clk"
    Info (12134): Parameter "c_cnt_bypass_en6" = "true"
    Info (12134): Parameter "c_cnt_odd_div_duty_en6" = "false"
    Info (12134): Parameter "c_cnt_hi_div7" = "1"
    Info (12134): Parameter "c_cnt_lo_div7" = "1"
    Info (12134): Parameter "c_cnt_prst7" = "1"
    Info (12134): Parameter "c_cnt_ph_mux_prst7" = "0"
    Info (12134): Parameter "c_cnt_in_src7" = "ph_mux_clk"
    Info (12134): Parameter "c_cnt_bypass_en7" = "true"
    Info (12134): Parameter "c_cnt_odd_div_duty_en7" = "false"
    Info (12134): Parameter "c_cnt_hi_div8" = "1"
    Info (12134): Parameter "c_cnt_lo_div8" = "1"
    Info (12134): Parameter "c_cnt_prst8" = "1"
    Info (12134): Parameter "c_cnt_ph_mux_prst8" = "0"
    Info (12134): Parameter "c_cnt_in_src8" = "ph_mux_clk"
    Info (12134): Parameter "c_cnt_bypass_en8" = "true"
    Info (12134): Parameter "c_cnt_odd_div_duty_en8" = "false"
    Info (12134): Parameter "c_cnt_hi_div9" = "1"
    Info (12134): Parameter "c_cnt_lo_div9" = "1"
    Info (12134): Parameter "c_cnt_prst9" = "1"
    Info (12134): Parameter "c_cnt_ph_mux_prst9" = "0"
    Info (12134): Parameter "c_cnt_in_src9" = "ph_mux_clk"
    Info (12134): Parameter "c_cnt_bypass_en9" = "true"
    Info (12134): Parameter "c_cnt_odd_div_duty_en9" = "false"
    Info (12134): Parameter "c_cnt_hi_div10" = "1"
    Info (12134): Parameter "c_cnt_lo_div10" = "1"
    Info (12134): Parameter "c_cnt_prst10" = "1"
    Info (12134): Parameter "c_cnt_ph_mux_prst10" = "0"
    Info (12134): Parameter "c_cnt_in_src10" = "ph_mux_clk"
    Info (12134): Parameter "c_cnt_bypass_en10" = "true"
    Info (12134): Parameter "c_cnt_odd_div_duty_en10" = "false"
    Info (12134): Parameter "c_cnt_hi_div11" = "1"
    Info (12134): Parameter "c_cnt_lo_div11" = "1"
    Info (12134): Parameter "c_cnt_prst11" = "1"
    Info (12134): Parameter "c_cnt_ph_mux_prst11" = "0"
    Info (12134): Parameter "c_cnt_in_src11" = "ph_mux_clk"
    Info (12134): Parameter "c_cnt_bypass_en11" = "true"
    Info (12134): Parameter "c_cnt_odd_div_duty_en11" = "false"
    Info (12134): Parameter "c_cnt_hi_div12" = "1"
    Info (12134): Parameter "c_cnt_lo_div12" = "1"
    Info (12134): Parameter "c_cnt_prst12" = "1"
    Info (12134): Parameter "c_cnt_ph_mux_prst12" = "0"
    Info (12134): Parameter "c_cnt_in_src12" = "ph_mux_clk"
    Info (12134): Parameter "c_cnt_bypass_en12" = "true"
    Info (12134): Parameter "c_cnt_odd_div_duty_en12" = "false"
    Info (12134): Parameter "c_cnt_hi_div13" = "1"
    Info (12134): Parameter "c_cnt_lo_div13" = "1"
    Info (12134): Parameter "c_cnt_prst13" = "1"
    Info (12134): Parameter "c_cnt_ph_mux_prst13" = "0"
    Info (12134): Parameter "c_cnt_in_src13" = "ph_mux_clk"
    Info (12134): Parameter "c_cnt_bypass_en13" = "true"
    Info (12134): Parameter "c_cnt_odd_div_duty_en13" = "false"
    Info (12134): Parameter "c_cnt_hi_div14" = "1"
    Info (12134): Parameter "c_cnt_lo_div14" = "1"
    Info (12134): Parameter "c_cnt_prst14" = "1"
    Info (12134): Parameter "c_cnt_ph_mux_prst14" = "0"
    Info (12134): Parameter "c_cnt_in_src14" = "ph_mux_clk"
    Info (12134): Parameter "c_cnt_bypass_en14" = "true"
    Info (12134): Parameter "c_cnt_odd_div_duty_en14" = "false"
    Info (12134): Parameter "c_cnt_hi_div15" = "1"
    Info (12134): Parameter "c_cnt_lo_div15" = "1"
    Info (12134): Parameter "c_cnt_prst15" = "1"
    Info (12134): Parameter "c_cnt_ph_mux_prst15" = "0"
    Info (12134): Parameter "c_cnt_in_src15" = "ph_mux_clk"
    Info (12134): Parameter "c_cnt_bypass_en15" = "true"
    Info (12134): Parameter "c_cnt_odd_div_duty_en15" = "false"
    Info (12134): Parameter "c_cnt_hi_div16" = "1"
    Info (12134): Parameter "c_cnt_lo_div16" = "1"
    Info (12134): Parameter "c_cnt_prst16" = "1"
    Info (12134): Parameter "c_cnt_ph_mux_prst16" = "0"
    Info (12134): Parameter "c_cnt_in_src16" = "ph_mux_clk"
    Info (12134): Parameter "c_cnt_bypass_en16" = "true"
    Info (12134): Parameter "c_cnt_odd_div_duty_en16" = "false"
    Info (12134): Parameter "c_cnt_hi_div17" = "1"
    Info (12134): Parameter "c_cnt_lo_div17" = "1"
    Info (12134): Parameter "c_cnt_prst17" = "1"
    Info (12134): Parameter "c_cnt_ph_mux_prst17" = "0"
    Info (12134): Parameter "c_cnt_in_src17" = "ph_mux_clk"
    Info (12134): Parameter "c_cnt_bypass_en17" = "true"
    Info (12134): Parameter "c_cnt_odd_div_duty_en17" = "false"
    Info (12134): Parameter "pll_vco_div" = "2"
    Info (12134): Parameter "pll_cp_current" = "20"
    Info (12134): Parameter "pll_bwctrl" = "4000"
    Info (12134): Parameter "pll_output_clk_frequency" = "445.499999 MHz"
    Info (12134): Parameter "pll_fractional_division" = "3908420153"
    Info (12134): Parameter "mimic_fbclk_type" = "none"
    Info (12134): Parameter "pll_fbclk_mux_1" = "glb"
    Info (12134): Parameter "pll_fbclk_mux_2" = "m_cnt"
    Info (12134): Parameter "pll_m_cnt_in_src" = "ph_mux_clk"
    Info (12134): Parameter "pll_slf_rst" = "true"
Info (12128): Elaborating entity "dps_extra_kick" for hierarchy "pll_hdmi:pll_hdmi|pll_hdmi_0002:pll_hdmi_inst|altera_pll:altera_pll_i|dps_extra_kick:dps_extra_inst" File: c:/intelfpga_lite/17.0/quartus/libraries/megafunctions/altera_pll.v Line: 769
Info (12131): Elaborated megafunction instantiation "pll_hdmi:pll_hdmi|pll_hdmi_0002:pll_hdmi_inst|altera_pll:altera_pll_i|dps_extra_kick:dps_extra_inst", which is child of megafunction instantiation "pll_hdmi:pll_hdmi|pll_hdmi_0002:pll_hdmi_inst|altera_pll:altera_pll_i" File: c:/intelfpga_lite/17.0/quartus/libraries/megafunctions/altera_pll.v Line: 769
Info (12128): Elaborating entity "dprio_init" for hierarchy "pll_hdmi:pll_hdmi|pll_hdmi_0002:pll_hdmi_inst|altera_pll:altera_pll_i|dprio_init:dprio_init_inst" File: c:/intelfpga_lite/17.0/quartus/libraries/megafunctions/altera_pll.v Line: 784
Info (12131): Elaborated megafunction instantiation "pll_hdmi:pll_hdmi|pll_hdmi_0002:pll_hdmi_inst|altera_pll:altera_pll_i|dprio_init:dprio_init_inst", which is child of megafunction instantiation "pll_hdmi:pll_hdmi|pll_hdmi_0002:pll_hdmi_inst|altera_pll:altera_pll_i" File: c:/intelfpga_lite/17.0/quartus/libraries/megafunctions/altera_pll.v Line: 784
Info (12128): Elaborating entity "altera_pll_dps_lcell_comb" for hierarchy "pll_hdmi:pll_hdmi|pll_hdmi_0002:pll_hdmi_inst|altera_pll:altera_pll_i|altera_pll_dps_lcell_comb:lcell_cntsel_int_0" File: c:/intelfpga_lite/17.0/quartus/libraries/megafunctions/altera_pll.v Line: 1961
Info (12131): Elaborated megafunction instantiation "pll_hdmi:pll_hdmi|pll_hdmi_0002:pll_hdmi_inst|altera_pll:altera_pll_i|altera_pll_dps_lcell_comb:lcell_cntsel_int_0", which is child of megafunction instantiation "pll_hdmi:pll_hdmi|pll_hdmi_0002:pll_hdmi_inst|altera_pll:altera_pll_i" File: c:/intelfpga_lite/17.0/quartus/libraries/megafunctions/altera_pll.v Line: 1961
Info (12128): Elaborating entity "altera_pll_dps_lcell_comb" for hierarchy "pll_hdmi:pll_hdmi|pll_hdmi_0002:pll_hdmi_inst|altera_pll:altera_pll_i|altera_pll_dps_lcell_comb:lcell_cntsel_int_1" File: c:/intelfpga_lite/17.0/quartus/libraries/megafunctions/altera_pll.v Line: 1972
Info (12131): Elaborated megafunction instantiation "pll_hdmi:pll_hdmi|pll_hdmi_0002:pll_hdmi_inst|altera_pll:altera_pll_i|altera_pll_dps_lcell_comb:lcell_cntsel_int_1", which is child of megafunction instantiation "pll_hdmi:pll_hdmi|pll_hdmi_0002:pll_hdmi_inst|altera_pll:altera_pll_i" File: c:/intelfpga_lite/17.0/quartus/libraries/megafunctions/altera_pll.v Line: 1972
Info (12128): Elaborating entity "altera_pll_dps_lcell_comb" for hierarchy "pll_hdmi:pll_hdmi|pll_hdmi_0002:pll_hdmi_inst|altera_pll:altera_pll_i|altera_pll_dps_lcell_comb:lcell_cntsel_int_2" File: c:/intelfpga_lite/17.0/quartus/libraries/megafunctions/altera_pll.v Line: 1983
Info (12131): Elaborated megafunction instantiation "pll_hdmi:pll_hdmi|pll_hdmi_0002:pll_hdmi_inst|altera_pll:altera_pll_i|altera_pll_dps_lcell_comb:lcell_cntsel_int_2", which is child of megafunction instantiation "pll_hdmi:pll_hdmi|pll_hdmi_0002:pll_hdmi_inst|altera_pll:altera_pll_i" File: c:/intelfpga_lite/17.0/quartus/libraries/megafunctions/altera_pll.v Line: 1983
Info (12128): Elaborating entity "altera_pll_dps_lcell_comb" for hierarchy "pll_hdmi:pll_hdmi|pll_hdmi_0002:pll_hdmi_inst|altera_pll:altera_pll_i|altera_pll_dps_lcell_comb:lcell_cntsel_int_3" File: c:/intelfpga_lite/17.0/quartus/libraries/megafunctions/altera_pll.v Line: 1994
Info (12131): Elaborated megafunction instantiation "pll_hdmi:pll_hdmi|pll_hdmi_0002:pll_hdmi_inst|altera_pll:altera_pll_i|altera_pll_dps_lcell_comb:lcell_cntsel_int_3", which is child of megafunction instantiation "pll_hdmi:pll_hdmi|pll_hdmi_0002:pll_hdmi_inst|altera_pll:altera_pll_i" File: c:/intelfpga_lite/17.0/quartus/libraries/megafunctions/altera_pll.v Line: 1994
Info (12128): Elaborating entity "altera_pll_dps_lcell_comb" for hierarchy "pll_hdmi:pll_hdmi|pll_hdmi_0002:pll_hdmi_inst|altera_pll:altera_pll_i|altera_pll_dps_lcell_comb:lcell_cntsel_int_4" File: c:/intelfpga_lite/17.0/quartus/libraries/megafunctions/altera_pll.v Line: 2005
Info (12131): Elaborated megafunction instantiation "pll_hdmi:pll_hdmi|pll_hdmi_0002:pll_hdmi_inst|altera_pll:altera_pll_i|altera_pll_dps_lcell_comb:lcell_cntsel_int_4", which is child of megafunction instantiation "pll_hdmi:pll_hdmi|pll_hdmi_0002:pll_hdmi_inst|altera_pll:altera_pll_i" File: c:/intelfpga_lite/17.0/quartus/libraries/megafunctions/altera_pll.v Line: 2005
Info (12128): Elaborating entity "altera_cyclonev_pll" for hierarchy "pll_hdmi:pll_hdmi|pll_hdmi_0002:pll_hdmi_inst|altera_pll:altera_pll_i|altera_cyclonev_pll:cyclonev_pll" File: c:/intelfpga_lite/17.0/quartus/libraries/megafunctions/altera_pll.v Line: 2224
Info (12131): Elaborated megafunction instantiation "pll_hdmi:pll_hdmi|pll_hdmi_0002:pll_hdmi_inst|altera_pll:altera_pll_i|altera_cyclonev_pll:cyclonev_pll", which is child of megafunction instantiation "pll_hdmi:pll_hdmi|pll_hdmi_0002:pll_hdmi_inst|altera_pll:altera_pll_i" File: c:/intelfpga_lite/17.0/quartus/libraries/megafunctions/altera_pll.v Line: 2224
Info (12128): Elaborating entity "altera_cyclonev_pll_base" for hierarchy "pll_hdmi:pll_hdmi|pll_hdmi_0002:pll_hdmi_inst|altera_pll:altera_pll_i|altera_cyclonev_pll:cyclonev_pll|altera_cyclonev_pll_base:fpll_0" File: c:/intelfpga_lite/17.0/quartus/libraries/megafunctions/altera_cyclonev_pll.v Line: 1153
Info (12131): Elaborated megafunction instantiation "pll_hdmi:pll_hdmi|pll_hdmi_0002:pll_hdmi_inst|altera_pll:altera_pll_i|altera_cyclonev_pll:cyclonev_pll|altera_cyclonev_pll_base:fpll_0", which is child of megafunction instantiation "pll_hdmi:pll_hdmi|pll_hdmi_0002:pll_hdmi_inst|altera_pll:altera_pll_i" File: c:/intelfpga_lite/17.0/quartus/libraries/megafunctions/altera_cyclonev_pll.v Line: 1153
Info (12128): Elaborating entity "pll_cfg_hdmi" for hierarchy "pll_cfg_hdmi:pll_cfg_hdmi" File: C:/Temp/mistercore/lbmactwo_MiSTer/sys/sys_top.v Line: 1069
Info (12128): Elaborating entity "altera_std_synchronizer" for hierarchy "pll_cfg_hdmi:pll_cfg_hdmi|altera_std_synchronizer:altera_std_synchronizer_inst" File: C:/Temp/mistercore/lbmactwo_MiSTer/sys/pll_cfg/pll_cfg_hdmi.v Line: 271
Info (12130): Elaborated megafunction instantiation "pll_cfg_hdmi:pll_cfg_hdmi|altera_std_synchronizer:altera_std_synchronizer_inst" File: C:/Temp/mistercore/lbmactwo_MiSTer/sys/pll_cfg/pll_cfg_hdmi.v Line: 271
Info (12133): Instantiated megafunction "pll_cfg_hdmi:pll_cfg_hdmi|altera_std_synchronizer:altera_std_synchronizer_inst" with the following parameter: File: C:/Temp/mistercore/lbmactwo_MiSTer/sys/pll_cfg/pll_cfg_hdmi.v Line: 271
    Info (12134): Parameter "depth" = "3"
Info (12128): Elaborating entity "dyn_phase_shift" for hierarchy "pll_cfg_hdmi:pll_cfg_hdmi|dyn_phase_shift:dyn_phase_shift_inst" File: C:/Temp/mistercore/lbmactwo_MiSTer/sys/pll_cfg/pll_cfg_hdmi.v Line: 1169
Info (12128): Elaborating entity "generic_lcell_comb" for hierarchy "pll_cfg_hdmi:pll_cfg_hdmi|dyn_phase_shift:dyn_phase_shift_inst|generic_lcell_comb:lcell_cnt_sel_0" File: C:/Temp/mistercore/lbmactwo_MiSTer/sys/pll_cfg/altera_pll_reconfig_core.v Line: 2060
Info (12128): Elaborating entity "generic_lcell_comb" for hierarchy "pll_cfg_hdmi:pll_cfg_hdmi|dyn_phase_shift:dyn_phase_shift_inst|generic_lcell_comb:lcell_cnt_sel_1" File: C:/Temp/mistercore/lbmactwo_MiSTer/sys/pll_cfg/altera_pll_reconfig_core.v Line: 2071
Info (12128): Elaborating entity "generic_lcell_comb" for hierarchy "pll_cfg_hdmi:pll_cfg_hdmi|dyn_phase_shift:dyn_phase_shift_inst|generic_lcell_comb:lcell_cnt_sel_2" File: C:/Temp/mistercore/lbmactwo_MiSTer/sys/pll_cfg/altera_pll_reconfig_core.v Line: 2082
Info (12128): Elaborating entity "generic_lcell_comb" for hierarchy "pll_cfg_hdmi:pll_cfg_hdmi|dyn_phase_shift:dyn_phase_shift_inst|generic_lcell_comb:lcell_cnt_sel_3" File: C:/Temp/mistercore/lbmactwo_MiSTer/sys/pll_cfg/altera_pll_reconfig_core.v Line: 2093
Info (12128): Elaborating entity "generic_lcell_comb" for hierarchy "pll_cfg_hdmi:pll_cfg_hdmi|dyn_phase_shift:dyn_phase_shift_inst|generic_lcell_comb:lcell_cnt_sel_4" File: C:/Temp/mistercore/lbmactwo_MiSTer/sys/pll_cfg/altera_pll_reconfig_core.v Line: 2104
Info (12128): Elaborating entity "self_reset" for hierarchy "pll_cfg_hdmi:pll_cfg_hdmi|self_reset:self_reset_inst" File: C:/Temp/mistercore/lbmactwo_MiSTer/sys/pll_cfg/pll_cfg_hdmi.v Line: 1173
Info (12128): Elaborating entity "dprio_mux" for hierarchy "pll_cfg_hdmi:pll_cfg_hdmi|dprio_mux:dprio_mux_inst" File: C:/Temp/mistercore/lbmactwo_MiSTer/sys/pll_cfg/pll_cfg_hdmi.v Line: 1211
Info (12128): Elaborating entity "fpll_dprio_init" for hierarchy "pll_cfg_hdmi:pll_cfg_hdmi|fpll_dprio_init:fpll_dprio_init_inst" File: C:/Temp/mistercore/lbmactwo_MiSTer/sys/pll_cfg/pll_cfg_hdmi.v Line: 1230
Info (12128): Elaborating entity "shadowmask" for hierarchy "shadowmask:HDMI_shadowmask" File: C:/Temp/mistercore/lbmactwo_MiSTer/sys/sys_top.v Line: 1163
Info (12128): Elaborating entity "osd" for hierarchy "osd:hdmi_osd" File: C:/Temp/mistercore/lbmactwo_MiSTer/sys/sys_top.v Line: 1186
Info (12128): Elaborating entity "csync" for hierarchy "csync:csync_hdmi" File: C:/Temp/mistercore/lbmactwo_MiSTer/sys/sys_top.v Line: 1189
Info (12128): Elaborating entity "altddio_out" for hierarchy "altddio_out:hdmiclk_ddr" File: C:/Temp/mistercore/lbmactwo_MiSTer/sys/sys_top.v Line: 1282
Info (12130): Elaborated megafunction instantiation "altddio_out:hdmiclk_ddr" File: C:/Temp/mistercore/lbmactwo_MiSTer/sys/sys_top.v Line: 1282
Info (12133): Instantiated megafunction "altddio_out:hdmiclk_ddr" with the following parameter: File: C:/Temp/mistercore/lbmactwo_MiSTer/sys/sys_top.v Line: 1282
    Info (12134): Parameter "extend_oe_disable" = "OFF"
    Info (12134): Parameter "intended_device_family" = "Cyclone V"
    Info (12134): Parameter "invert_output" = "OFF"
    Info (12134): Parameter "lpm_hint" = "UNUSED"
    Info (12134): Parameter "lpm_type" = "altddio_out"
    Info (12134): Parameter "oe_reg" = "UNREGISTERED"
    Info (12134): Parameter "power_up_high" = "OFF"
    Info (12134): Parameter "width" = "1"
Info (12021): Found 1 design units, including 1 entities, in source file db/ddio_out_b2j.tdf
    Info (12023): Found entity 1: ddio_out_b2j File: C:/Temp/mistercore/lbmactwo_MiSTer/db/ddio_out_b2j.tdf Line: 28
Info (12128): Elaborating entity "ddio_out_b2j" for hierarchy "altddio_out:hdmiclk_ddr|ddio_out_b2j:auto_generated" File: c:/intelfpga_lite/17.0/quartus/libraries/megafunctions/altddio_out.tdf Line: 101
Info (12128): Elaborating entity "altddio_out" for hierarchy "altddio_out:vgaclk_ddr" File: C:/Temp/mistercore/lbmactwo_MiSTer/sys/sys_top.v Line: 1363
Info (12130): Elaborated megafunction instantiation "altddio_out:vgaclk_ddr" File: C:/Temp/mistercore/lbmactwo_MiSTer/sys/sys_top.v Line: 1363
Info (12133): Instantiated megafunction "altddio_out:vgaclk_ddr" with the following parameter: File: C:/Temp/mistercore/lbmactwo_MiSTer/sys/sys_top.v Line: 1363
    Info (12134): Parameter "extend_oe_disable" = "OFF"
    Info (12134): Parameter "intended_device_family" = "Cyclone V"
    Info (12134): Parameter "invert_output" = "OFF"
    Info (12134): Parameter "lpm_hint" = "UNUSED"
    Info (12134): Parameter "lpm_type" = "altddio_out"
    Info (12134): Parameter "oe_reg" = "UNREGISTERED"
    Info (12134): Parameter "power_up_high" = "OFF"
    Info (12134): Parameter "width" = "1"
Info (12021): Found 1 design units, including 1 entities, in source file db/ddio_out_1oj.tdf
    Info (12023): Found entity 1: ddio_out_1oj File: C:/Temp/mistercore/lbmactwo_MiSTer/db/ddio_out_1oj.tdf Line: 30
Info (12128): Elaborating entity "ddio_out_1oj" for hierarchy "altddio_out:vgaclk_ddr|ddio_out_1oj:auto_generated" File: c:/intelfpga_lite/17.0/quartus/libraries/megafunctions/altddio_out.tdf Line: 101
Info (12128): Elaborating entity "scanlines" for hierarchy "scanlines:VGA_scanlines" File: C:/Temp/mistercore/lbmactwo_MiSTer/sys/sys_top.v Line: 1384
Info (12128): Elaborating entity "yc_out" for hierarchy "yc_out:yc_out" File: C:/Temp/mistercore/lbmactwo_MiSTer/sys/sys_top.v Line: 1437
Info (12128): Elaborating entity "vga_out" for hierarchy "vga_out:vga_scaler_out" File: C:/Temp/mistercore/lbmactwo_MiSTer/sys/sys_top.v Line: 1472
Info (12128): Elaborating entity "pll_audio" for hierarchy "pll_audio:pll_audio" File: C:/Temp/mistercore/lbmactwo_MiSTer/sys/sys_top.v Line: 1562
Info (12128): Elaborating entity "pll_audio_0002" for hierarchy "pll_audio:pll_audio|pll_audio_0002:pll_audio_inst" File: C:/Temp/mistercore/lbmactwo_MiSTer/sys/pll_audio.v Line: 19
Info (12128): Elaborating entity "altera_pll" for hierarchy "pll_audio:pll_audio|pll_audio_0002:pll_audio_inst|altera_pll:altera_pll_i" File: C:/Temp/mistercore/lbmactwo_MiSTer/sys/pll_audio/pll_audio_0002.v Line: 85
Info (10008): Verilog HDL or VHDL information: EDA Netlist Writer cannot regroup multidimensional array "wire_to_nowhere_64" into its bus
Info (12130): Elaborated megafunction instantiation "pll_audio:pll_audio|pll_audio_0002:pll_audio_inst|altera_pll:altera_pll_i" File: C:/Temp/mistercore/lbmactwo_MiSTer/sys/pll_audio/pll_audio_0002.v Line: 85
Info (12133): Instantiated megafunction "pll_audio:pll_audio|pll_audio_0002:pll_audio_inst|altera_pll:altera_pll_i" with the following parameter: File: C:/Temp/mistercore/lbmactwo_MiSTer/sys/pll_audio/pll_audio_0002.v Line: 85
    Info (12134): Parameter "fractional_vco_multiplier" = "true"
    Info (12134): Parameter "reference_clock_frequency" = "50.0 MHz"
    Info (12134): Parameter "operation_mode" = "direct"
    Info (12134): Parameter "number_of_clocks" = "1"
    Info (12134): Parameter "output_clock_frequency0" = "24.576000 MHz"
    Info (12134): Parameter "phase_shift0" = "0 ps"
    Info (12134): Parameter "duty_cycle0" = "50"
    Info (12134): Parameter "output_clock_frequency1" = "0 MHz"
    Info (12134): Parameter "phase_shift1" = "0 ps"
    Info (12134): Parameter "duty_cycle1" = "50"
    Info (12134): Parameter "output_clock_frequency2" = "0 MHz"
    Info (12134): Parameter "phase_shift2" = "0 ps"
    Info (12134): Parameter "duty_cycle2" = "50"
    Info (12134): Parameter "output_clock_frequency3" = "0 MHz"
    Info (12134): Parameter "phase_shift3" = "0 ps"
    Info (12134): Parameter "duty_cycle3" = "50"
    Info (12134): Parameter "output_clock_frequency4" = "0 MHz"
    Info (12134): Parameter "phase_shift4" = "0 ps"
    Info (12134): Parameter "duty_cycle4" = "50"
    Info (12134): Parameter "output_clock_frequency5" = "0 MHz"
    Info (12134): Parameter "phase_shift5" = "0 ps"
    Info (12134): Parameter "duty_cycle5" = "50"
    Info (12134): Parameter "output_clock_frequency6" = "0 MHz"
    Info (12134): Parameter "phase_shift6" = "0 ps"
    Info (12134): Parameter "duty_cycle6" = "50"
    Info (12134): Parameter "output_clock_frequency7" = "0 MHz"
    Info (12134): Parameter "phase_shift7" = "0 ps"
    Info (12134): Parameter "duty_cycle7" = "50"
    Info (12134): Parameter "output_clock_frequency8" = "0 MHz"
    Info (12134): Parameter "phase_shift8" = "0 ps"
    Info (12134): Parameter "duty_cycle8" = "50"
    Info (12134): Parameter "output_clock_frequency9" = "0 MHz"
    Info (12134): Parameter "phase_shift9" = "0 ps"
    Info (12134): Parameter "duty_cycle9" = "50"
    Info (12134): Parameter "output_clock_frequency10" = "0 MHz"
    Info (12134): Parameter "phase_shift10" = "0 ps"
    Info (12134): Parameter "duty_cycle10" = "50"
    Info (12134): Parameter "output_clock_frequency11" = "0 MHz"
    Info (12134): Parameter "phase_shift11" = "0 ps"
    Info (12134): Parameter "duty_cycle11" = "50"
    Info (12134): Parameter "output_clock_frequency12" = "0 MHz"
    Info (12134): Parameter "phase_shift12" = "0 ps"
    Info (12134): Parameter "duty_cycle12" = "50"
    Info (12134): Parameter "output_clock_frequency13" = "0 MHz"
    Info (12134): Parameter "phase_shift13" = "0 ps"
    Info (12134): Parameter "duty_cycle13" = "50"
    Info (12134): Parameter "output_clock_frequency14" = "0 MHz"
    Info (12134): Parameter "phase_shift14" = "0 ps"
    Info (12134): Parameter "duty_cycle14" = "50"
    Info (12134): Parameter "output_clock_frequency15" = "0 MHz"
    Info (12134): Parameter "phase_shift15" = "0 ps"
    Info (12134): Parameter "duty_cycle15" = "50"
    Info (12134): Parameter "output_clock_frequency16" = "0 MHz"
    Info (12134): Parameter "phase_shift16" = "0 ps"
    Info (12134): Parameter "duty_cycle16" = "50"
    Info (12134): Parameter "output_clock_frequency17" = "0 MHz"
    Info (12134): Parameter "phase_shift17" = "0 ps"
    Info (12134): Parameter "duty_cycle17" = "50"
    Info (12134): Parameter "pll_type" = "General"
    Info (12134): Parameter "pll_subtype" = "General"
Info (12128): Elaborating entity "audio_out" for hierarchy "audio_out:audio_out" File: C:/Temp/mistercore/lbmactwo_MiSTer/sys/sys_top.v Line: 1600
Info (12128): Elaborating entity "i2s" for hierarchy "audio_out:audio_out|i2s:i2s" File: C:/Temp/mistercore/lbmactwo_MiSTer/sys/audio_out.v Line: 88
Info (12128): Elaborating entity "spdif" for hierarchy "audio_out:audio_out|spdif:toslink" File: C:/Temp/mistercore/lbmactwo_MiSTer/sys/audio_out.v Line: 99
Info (12128): Elaborating entity "sigma_delta_dac" for hierarchy "audio_out:audio_out|sigma_delta_dac:sd_l" File: C:/Temp/mistercore/lbmactwo_MiSTer/sys/audio_out.v Line: 107
Info (12128): Elaborating entity "IIR_filter" for hierarchy "audio_out:audio_out|IIR_filter:IIR_filter" File: C:/Temp/mistercore/lbmactwo_MiSTer/sys/audio_out.v Line: 200
Info (12128): Elaborating entity "iir_filter_tap" for hierarchy "audio_out:audio_out|IIR_filter:IIR_filter|iir_filter_tap:iir_tap_0" File: C:/Temp/mistercore/lbmactwo_MiSTer/sys/iir_filter.v Line: 82
Info (12128): Elaborating entity "DC_blocker" for hierarchy "audio_out:audio_out|DC_blocker:dcb_l" File: C:/Temp/mistercore/lbmactwo_MiSTer/sys/audio_out.v Line: 211
Info (12128): Elaborating entity "aud_mix_top" for hierarchy "audio_out:audio_out|aud_mix_top:audmix_l" File: C:/Temp/mistercore/lbmactwo_MiSTer/sys/audio_out.v Line: 238
Info (12128): Elaborating entity "alsa" for hierarchy "alsa:alsa" File: C:/Temp/mistercore/lbmactwo_MiSTer/sys/sys_top.v Line: 1640
Info (12128): Elaborating entity "sync_fix" for hierarchy "sync_fix:sync_v" File: C:/Temp/mistercore/lbmactwo_MiSTer/sys/sys_top.v Line: 1691
Info (12128): Elaborating entity "emu" for hierarchy "emu:emu" File: C:/Temp/mistercore/lbmactwo_MiSTer/sys/sys_top.v Line: 1864
Warning (10036): Verilog HDL or VHDL warning at LBMacTwo.sv(257): object "status_mod" assigned a value but never read File: C:/Temp/mistercore/lbmactwo_MiSTer/LBMacTwo.sv Line: 257
Warning (10036): Verilog HDL or VHDL warning at LBMacTwo.sv(443): object "_cpuReset_o" assigned a value but never read File: C:/Temp/mistercore/lbmactwo_MiSTer/LBMacTwo.sv Line: 443
Info (12128): Elaborating entity "video_freak" for hierarchy "emu:emu|video_freak:video_freak" File: C:/Temp/mistercore/lbmactwo_MiSTer/LBMacTwo.sv Line: 211
Info (12128): Elaborating entity "video_scale_int" for hierarchy "emu:emu|video_freak:video_freak|video_scale_int:scale" File: C:/Temp/mistercore/lbmactwo_MiSTer/sys/video_freak.sv Line: 136
Info (12128): Elaborating entity "pll" for hierarchy "emu:emu|pll:pll" File: C:/Temp/mistercore/lbmactwo_MiSTer/LBMacTwo.sv Line: 254
Info (12128): Elaborating entity "pll_0002" for hierarchy "emu:emu|pll:pll|pll_0002:pll_inst" File: C:/Temp/mistercore/lbmactwo_MiSTer/rtl/pll.v Line: 22
Info (12128): Elaborating entity "altera_pll" for hierarchy "emu:emu|pll:pll|pll_0002:pll_inst|altera_pll:altera_pll_i" File: C:/Temp/mistercore/lbmactwo_MiSTer/rtl/pll/pll_0002.v Line: 88
Info (10008): Verilog HDL or VHDL information: EDA Netlist Writer cannot regroup multidimensional array "wire_to_nowhere_64" into its bus
Info (12130): Elaborated megafunction instantiation "emu:emu|pll:pll|pll_0002:pll_inst|altera_pll:altera_pll_i" File: C:/Temp/mistercore/lbmactwo_MiSTer/rtl/pll/pll_0002.v Line: 88
Info (12133): Instantiated megafunction "emu:emu|pll:pll|pll_0002:pll_inst|altera_pll:altera_pll_i" with the following parameter: File: C:/Temp/mistercore/lbmactwo_MiSTer/rtl/pll/pll_0002.v Line: 88
    Info (12134): Parameter "fractional_vco_multiplier" = "true"
    Info (12134): Parameter "reference_clock_frequency" = "50.0 MHz"
    Info (12134): Parameter "operation_mode" = "direct"
    Info (12134): Parameter "number_of_clocks" = "2"
    Info (12134): Parameter "output_clock_frequency0" = "62.668800 MHz"
    Info (12134): Parameter "phase_shift0" = "0 ps"
    Info (12134): Parameter "duty_cycle0" = "50"
    Info (12134): Parameter "output_clock_frequency1" = "31.334400 MHz"
    Info (12134): Parameter "phase_shift1" = "0 ps"
    Info (12134): Parameter "duty_cycle1" = "50"
    Info (12134): Parameter "output_clock_frequency2" = "0 MHz"
    Info (12134): Parameter "phase_shift2" = "0 ps"
    Info (12134): Parameter "duty_cycle2" = "50"
    Info (12134): Parameter "output_clock_frequency3" = "0 MHz"
    Info (12134): Parameter "phase_shift3" = "0 ps"
    Info (12134): Parameter "duty_cycle3" = "50"
    Info (12134): Parameter "output_clock_frequency4" = "0 MHz"
    Info (12134): Parameter "phase_shift4" = "0 ps"
    Info (12134): Parameter "duty_cycle4" = "50"
    Info (12134): Parameter "output_clock_frequency5" = "0 MHz"
    Info (12134): Parameter "phase_shift5" = "0 ps"
    Info (12134): Parameter "duty_cycle5" = "50"
    Info (12134): Parameter "output_clock_frequency6" = "0 MHz"
    Info (12134): Parameter "phase_shift6" = "0 ps"
    Info (12134): Parameter "duty_cycle6" = "50"
    Info (12134): Parameter "output_clock_frequency7" = "0 MHz"
    Info (12134): Parameter "phase_shift7" = "0 ps"
    Info (12134): Parameter "duty_cycle7" = "50"
    Info (12134): Parameter "output_clock_frequency8" = "0 MHz"
    Info (12134): Parameter "phase_shift8" = "0 ps"
    Info (12134): Parameter "duty_cycle8" = "50"
    Info (12134): Parameter "output_clock_frequency9" = "0 MHz"
    Info (12134): Parameter "phase_shift9" = "0 ps"
    Info (12134): Parameter "duty_cycle9" = "50"
    Info (12134): Parameter "output_clock_frequency10" = "0 MHz"
    Info (12134): Parameter "phase_shift10" = "0 ps"
    Info (12134): Parameter "duty_cycle10" = "50"
    Info (12134): Parameter "output_clock_frequency11" = "0 MHz"
    Info (12134): Parameter "phase_shift11" = "0 ps"
    Info (12134): Parameter "duty_cycle11" = "50"
    Info (12134): Parameter "output_clock_frequency12" = "0 MHz"
    Info (12134): Parameter "phase_shift12" = "0 ps"
    Info (12134): Parameter "duty_cycle12" = "50"
    Info (12134): Parameter "output_clock_frequency13" = "0 MHz"
    Info (12134): Parameter "phase_shift13" = "0 ps"
    Info (12134): Parameter "duty_cycle13" = "50"
    Info (12134): Parameter "output_clock_frequency14" = "0 MHz"
    Info (12134): Parameter "phase_shift14" = "0 ps"
    Info (12134): Parameter "duty_cycle14" = "50"
    Info (12134): Parameter "output_clock_frequency15" = "0 MHz"
    Info (12134): Parameter "phase_shift15" = "0 ps"
    Info (12134): Parameter "duty_cycle15" = "50"
    Info (12134): Parameter "output_clock_frequency16" = "0 MHz"
    Info (12134): Parameter "phase_shift16" = "0 ps"
    Info (12134): Parameter "duty_cycle16" = "50"
    Info (12134): Parameter "output_clock_frequency17" = "0 MHz"
    Info (12134): Parameter "phase_shift17" = "0 ps"
    Info (12134): Parameter "duty_cycle17" = "50"
    Info (12134): Parameter "pll_type" = "General"
    Info (12134): Parameter "pll_subtype" = "General"
Info (12128): Elaborating entity "hps_io" for hierarchy "emu:emu|hps_io:hps_io" File: C:/Temp/mistercore/lbmactwo_MiSTer/LBMacTwo.sv Line: 365
Info (10264): Verilog HDL Case Statement information at hps_io.sv(419): all case item expressions in this case statement are onehot File: C:/Temp/mistercore/lbmactwo_MiSTer/sys/hps_io.sv Line: 419
Info (10264): Verilog HDL Case Statement information at hps_io.sv(448): all case item expressions in this case statement are onehot File: C:/Temp/mistercore/lbmactwo_MiSTer/sys/hps_io.sv Line: 448
Info (12128): Elaborating entity "video_calc" for hierarchy "emu:emu|hps_io:hps_io|video_calc:video_calc" File: C:/Temp/mistercore/lbmactwo_MiSTer/sys/hps_io.sv Line: 231
Info (12128): Elaborating entity "hmmu" for hierarchy "emu:emu|hmmu:u_hmmu" File: C:/Temp/mistercore/lbmactwo_MiSTer/LBMacTwo.sv Line: 576
Info (12128): Elaborating entity "tg68k" for hierarchy "emu:emu|tg68k:tg68k_inst" File: C:/Temp/mistercore/lbmactwo_MiSTer/LBMacTwo.sv Line: 692
Info (12128): Elaborating entity "TG68KdotC_Kernel" for hierarchy "emu:emu|tg68k:tg68k_inst|TG68KdotC_Kernel:tg68k" File: C:/Temp/mistercore/lbmactwo_MiSTer/rtl/tg68k/tg68k.v Line: 240
Warning (10036): Verilog HDL or VHDL warning at TG68KdotC_Kernel.vhd(379): object "cp_xfer_cnt" assigned a value but never read File: C:/Temp/mistercore/lbmactwo_MiSTer/rtl/tg68k/TG68KdotC_Kernel.vhd Line: 379
Warning (10492): VHDL Process Statement warning at TG68KdotC_Kernel.vhd(4467): signal "exe_opcode" is read inside the Process Statement but isn't in the Process Statement's sensitivity list File: C:/Temp/mistercore/lbmactwo_MiSTer/rtl/tg68k/TG68KdotC_Kernel.vhd Line: 4467
Warning (10492): VHDL Process Statement warning at TG68KdotC_Kernel.vhd(4471): signal "exe_opcode" is read inside the Process Statement but isn't in the Process Statement's sensitivity list File: C:/Temp/mistercore/lbmactwo_MiSTer/rtl/tg68k/TG68KdotC_Kernel.vhd Line: 4471
Warning (10492): VHDL Process Statement warning at TG68KdotC_Kernel.vhd(4474): signal "exe_opcode" is read inside the Process Statement but isn't in the Process Statement's sensitivity list File: C:/Temp/mistercore/lbmactwo_MiSTer/rtl/tg68k/TG68KdotC_Kernel.vhd Line: 4474
Warning (10492): VHDL Process Statement warning at TG68KdotC_Kernel.vhd(4477): signal "exe_opcode" is read inside the Process Statement but isn't in the Process Statement's sensitivity list File: C:/Temp/mistercore/lbmactwo_MiSTer/rtl/tg68k/TG68KdotC_Kernel.vhd Line: 4477
Warning (10492): VHDL Process Statement warning at TG68KdotC_Kernel.vhd(4514): signal "data_in" is read inside the Process Statement but isn't in the Process Statement's sensitivity list File: C:/Temp/mistercore/lbmactwo_MiSTer/rtl/tg68k/TG68KdotC_Kernel.vhd Line: 4514
Warning (10492): VHDL Process Statement warning at TG68KdotC_Kernel.vhd(4516): signal "data_in" is read inside the Process Statement but isn't in the Process Statement's sensitivity list File: C:/Temp/mistercore/lbmactwo_MiSTer/rtl/tg68k/TG68KdotC_Kernel.vhd Line: 4516
Warning (10492): VHDL Process Statement warning at TG68KdotC_Kernel.vhd(4521): signal "data_in" is read inside the Process Statement but isn't in the Process Statement's sensitivity list File: C:/Temp/mistercore/lbmactwo_MiSTer/rtl/tg68k/TG68KdotC_Kernel.vhd Line: 4521
Warning (10492): VHDL Process Statement warning at TG68KdotC_Kernel.vhd(4528): signal "data_in" is read inside the Process Statement but isn't in the Process Statement's sensitivity list File: C:/Temp/mistercore/lbmactwo_MiSTer/rtl/tg68k/TG68KdotC_Kernel.vhd Line: 4528
Warning (10492): VHDL Process Statement warning at TG68KdotC_Kernel.vhd(4533): signal "data_in" is read inside the Process Statement but isn't in the Process Statement's sensitivity list File: C:/Temp/mistercore/lbmactwo_MiSTer/rtl/tg68k/TG68KdotC_Kernel.vhd Line: 4533
Warning (10492): VHDL Process Statement warning at TG68KdotC_Kernel.vhd(4534): signal "data_in" is read inside the Process Statement but isn't in the Process Statement's sensitivity list File: C:/Temp/mistercore/lbmactwo_MiSTer/rtl/tg68k/TG68KdotC_Kernel.vhd Line: 4534
Warning (10492): VHDL Process Statement warning at TG68KdotC_Kernel.vhd(4712): signal "data_in" is read inside the Process Statement but isn't in the Process Statement's sensitivity list File: C:/Temp/mistercore/lbmactwo_MiSTer/rtl/tg68k/TG68KdotC_Kernel.vhd Line: 4712
Warning (10492): VHDL Process Statement warning at TG68KdotC_Kernel.vhd(4726): signal "cp_frame_cnt" is read inside the Process Statement but isn't in the Process Statement's sensitivity list File: C:/Temp/mistercore/lbmactwo_MiSTer/rtl/tg68k/TG68KdotC_Kernel.vhd Line: 4726
Warning (10492): VHDL Process Statement warning at TG68KdotC_Kernel.vhd(4729): signal "cp_frame_cnt" is read inside the Process Statement but isn't in the Process Statement's sensitivity list File: C:/Temp/mistercore/lbmactwo_MiSTer/rtl/tg68k/TG68KdotC_Kernel.vhd Line: 4729
Warning (10492): VHDL Process Statement warning at TG68KdotC_Kernel.vhd(4762): signal "cp_frame_cnt" is read inside the Process Statement but isn't in the Process Statement's sensitivity list File: C:/Temp/mistercore/lbmactwo_MiSTer/rtl/tg68k/TG68KdotC_Kernel.vhd Line: 4762
Warning (10492): VHDL Process Statement warning at TG68KdotC_Kernel.vhd(4799): signal "cp_frame_cnt" is read inside the Process Statement but isn't in the Process Statement's sensitivity list File: C:/Temp/mistercore/lbmactwo_MiSTer/rtl/tg68k/TG68KdotC_Kernel.vhd Line: 4799
Warning (10492): VHDL Process Statement warning at TG68KdotC_Kernel.vhd(4838): signal "data_in" is read inside the Process Statement but isn't in the Process Statement's sensitivity list File: C:/Temp/mistercore/lbmactwo_MiSTer/rtl/tg68k/TG68KdotC_Kernel.vhd Line: 4838
Warning (10492): VHDL Process Statement warning at TG68KdotC_Kernel.vhd(4839): signal "data_in" is read inside the Process Statement but isn't in the Process Statement's sensitivity list File: C:/Temp/mistercore/lbmactwo_MiSTer/rtl/tg68k/TG68KdotC_Kernel.vhd Line: 4839
Warning (10492): VHDL Process Statement warning at TG68KdotC_Kernel.vhd(4846): signal "data_in" is read inside the Process Statement but isn't in the Process Statement's sensitivity list File: C:/Temp/mistercore/lbmactwo_MiSTer/rtl/tg68k/TG68KdotC_Kernel.vhd Line: 4846
Warning (10492): VHDL Process Statement warning at TG68KdotC_Kernel.vhd(4847): signal "data_in" is read inside the Process Statement but isn't in the Process Statement's sensitivity list File: C:/Temp/mistercore/lbmactwo_MiSTer/rtl/tg68k/TG68KdotC_Kernel.vhd Line: 4847
Warning (10492): VHDL Process Statement warning at TG68KdotC_Kernel.vhd(4854): signal "exe_opcode" is read inside the Process Statement but isn't in the Process Statement's sensitivity list File: C:/Temp/mistercore/lbmactwo_MiSTer/rtl/tg68k/TG68KdotC_Kernel.vhd Line: 4854
Warning (10492): VHDL Process Statement warning at TG68KdotC_Kernel.vhd(4862): signal "exe_opcode" is read inside the Process Statement but isn't in the Process Statement's sensitivity list File: C:/Temp/mistercore/lbmactwo_MiSTer/rtl/tg68k/TG68KdotC_Kernel.vhd Line: 4862
Warning (10492): VHDL Process Statement warning at TG68KdotC_Kernel.vhd(4863): signal "exe_opcode" is read inside the Process Statement but isn't in the Process Statement's sensitivity list File: C:/Temp/mistercore/lbmactwo_MiSTer/rtl/tg68k/TG68KdotC_Kernel.vhd Line: 4863
Warning (10492): VHDL Process Statement warning at TG68KdotC_Kernel.vhd(4865): signal "data_in" is read inside the Process Statement but isn't in the Process Statement's sensitivity list File: C:/Temp/mistercore/lbmactwo_MiSTer/rtl/tg68k/TG68KdotC_Kernel.vhd Line: 4865
Warning (10492): VHDL Process Statement warning at TG68KdotC_Kernel.vhd(4869): signal "exe_opcode" is read inside the Process Statement but isn't in the Process Statement's sensitivity list File: C:/Temp/mistercore/lbmactwo_MiSTer/rtl/tg68k/TG68KdotC_Kernel.vhd Line: 4869
Warning (10492): VHDL Process Statement warning at TG68KdotC_Kernel.vhd(4871): signal "data_in" is read inside the Process Statement but isn't in the Process Statement's sensitivity list File: C:/Temp/mistercore/lbmactwo_MiSTer/rtl/tg68k/TG68KdotC_Kernel.vhd Line: 4871
Warning (10492): VHDL Process Statement warning at TG68KdotC_Kernel.vhd(4877): signal "exe_opcode" is read inside the Process Statement but isn't in the Process Statement's sensitivity list File: C:/Temp/mistercore/lbmactwo_MiSTer/rtl/tg68k/TG68KdotC_Kernel.vhd Line: 4877
Warning (10492): VHDL Process Statement warning at TG68KdotC_Kernel.vhd(4904): signal "cp_cond_true" is read inside the Process Statement but isn't in the Process Statement's sensitivity list File: C:/Temp/mistercore/lbmactwo_MiSTer/rtl/tg68k/TG68KdotC_Kernel.vhd Line: 4904
Info (12128): Elaborating entity "TG68K_ALU" for hierarchy "emu:emu|tg68k:tg68k_inst|TG68KdotC_Kernel:tg68k|TG68K_ALU:ALU" File: C:/Temp/mistercore/lbmactwo_MiSTer/rtl/tg68k/TG68KdotC_Kernel.vhd Line: 420
Info (12128): Elaborating entity "mc68881_fpu_lite" for hierarchy "emu:emu|mc68881_fpu_lite:fpu_inst" File: C:/Temp/mistercore/lbmactwo_MiSTer/LBMacTwo.sv Line: 719
Info (12128): Elaborating entity "mc68881_top" for hierarchy "emu:emu|mc68881_fpu_lite:fpu_inst|mc68881_top:u_fpu" File: C:/Temp/mistercore/lbmactwo_MiSTer/rtl/mc68881/vhdl/mc68881_fpu_lite.vhd Line: 32
Warning (10036): Verilog HDL or VHDL warning at mc68881_top.vhd(182): object "was_pending_launch_reg" assigned a value but never read File: C:/Temp/mistercore/lbmactwo_MiSTer/rtl/mc68881/vhdl/mc68881_top.vhd Line: 182
Warning (10036): Verilog HDL or VHDL warning at mc68881_top.vhd(306): object "cir_save_req" assigned a value but never read File: C:/Temp/mistercore/lbmactwo_MiSTer/rtl/mc68881/vhdl/mc68881_top.vhd Line: 306
Warning (10036): Verilog HDL or VHDL warning at mc68881_top.vhd(329): object "packed_save_addr" assigned a value but never read File: C:/Temp/mistercore/lbmactwo_MiSTer/rtl/mc68881/vhdl/mc68881_top.vhd Line: 329
Warning (10036): Verilog HDL or VHDL warning at mc68881_top.vhd(330): object "packed_restore_addr" assigned a value but never read File: C:/Temp/mistercore/lbmactwo_MiSTer/rtl/mc68881/vhdl/mc68881_top.vhd Line: 330
Warning (10036): Verilog HDL or VHDL warning at mc68881_top.vhd(331): object "packed_restore_wr" assigned a value but never read File: C:/Temp/mistercore/lbmactwo_MiSTer/rtl/mc68881/vhdl/mc68881_top.vhd Line: 331
Warning (10036): Verilog HDL or VHDL warning at mc68881_top.vhd(349): object "packed_req_start_reg" assigned a value but never read File: C:/Temp/mistercore/lbmactwo_MiSTer/rtl/mc68881/vhdl/mc68881_top.vhd Line: 349
Warning (10036): Verilog HDL or VHDL warning at mc68881_top.vhd(356): object "packed_req_is_encode" assigned a value but never read File: C:/Temp/mistercore/lbmactwo_MiSTer/rtl/mc68881/vhdl/mc68881_top.vhd Line: 356
Warning (10036): Verilog HDL or VHDL warning at mc68881_top.vhd(357): object "packed_unit_busy" assigned a value but never read File: C:/Temp/mistercore/lbmactwo_MiSTer/rtl/mc68881/vhdl/mc68881_top.vhd Line: 357
Warning (10036): Verilog HDL or VHDL warning at mc68881_top.vhd(369): object "packed_fp_mul_done" assigned a value but never read File: C:/Temp/mistercore/lbmactwo_MiSTer/rtl/mc68881/vhdl/mc68881_top.vhd Line: 369
Warning (10036): Verilog HDL or VHDL warning at mc68881_top.vhd(370): object "packed_fp_mul_result" assigned a value but never read File: C:/Temp/mistercore/lbmactwo_MiSTer/rtl/mc68881/vhdl/mc68881_top.vhd Line: 370
Warning (10036): Verilog HDL or VHDL warning at mc68881_top.vhd(375): object "packed_fp_add_done" assigned a value but never read File: C:/Temp/mistercore/lbmactwo_MiSTer/rtl/mc68881/vhdl/mc68881_top.vhd Line: 375
Warning (10036): Verilog HDL or VHDL warning at mc68881_top.vhd(376): object "packed_fp_add_result" assigned a value but never read File: C:/Temp/mistercore/lbmactwo_MiSTer/rtl/mc68881/vhdl/mc68881_top.vhd Line: 376
Warning (10542): VHDL Variable Declaration warning at mc68881_top.vhd(1345): used initial value expression for variable "exp80_u" because variable was never assigned a value File: C:/Temp/mistercore/lbmactwo_MiSTer/rtl/mc68881/vhdl/mc68881_top.vhd Line: 1345
Warning (10542): VHDL Variable Declaration warning at mc68881_top.vhd(1346): used initial value expression for variable "frac80" because variable was never assigned a value File: C:/Temp/mistercore/lbmactwo_MiSTer/rtl/mc68881/vhdl/mc68881_top.vhd Line: 1346
Warning (10542): VHDL Variable Declaration warning at mc68881_top.vhd(1347): used initial value expression for variable "mant80" because variable was never assigned a value File: C:/Temp/mistercore/lbmactwo_MiSTer/rtl/mc68881/vhdl/mc68881_top.vhd Line: 1347
Warning (10542): VHDL Variable Declaration warning at mc68881_top.vhd(1479): used initial value expression for variable "exp80_u" because variable was never assigned a value File: C:/Temp/mistercore/lbmactwo_MiSTer/rtl/mc68881/vhdl/mc68881_top.vhd Line: 1479
Warning (10542): VHDL Variable Declaration warning at mc68881_top.vhd(1480): used initial value expression for variable "frac80" because variable was never assigned a value File: C:/Temp/mistercore/lbmactwo_MiSTer/rtl/mc68881/vhdl/mc68881_top.vhd Line: 1480
Warning (10542): VHDL Variable Declaration warning at mc68881_top.vhd(1481): used initial value expression for variable "mant80" because variable was never assigned a value File: C:/Temp/mistercore/lbmactwo_MiSTer/rtl/mc68881/vhdl/mc68881_top.vhd Line: 1481
Warning (10325): VHDL Choice warning at std_1164_vhdl1993.vhd(1103): ignored choice containing meta-value "'U'" File: c:/intelfpga_lite/17.0/quartus/libraries/vhdl/ieee/1993/std_1164_vhdl1993.vhd Line: 1103
Warning (10325): VHDL Choice warning at std_1164_vhdl1993.vhd(1103): ignored choice containing meta-value "'X'" File: c:/intelfpga_lite/17.0/quartus/libraries/vhdl/ieee/1993/std_1164_vhdl1993.vhd Line: 1103
Warning (10325): VHDL Choice warning at std_1164_vhdl1993.vhd(1103): ignored choice containing meta-value "'Z'" File: c:/intelfpga_lite/17.0/quartus/libraries/vhdl/ieee/1993/std_1164_vhdl1993.vhd Line: 1103
Warning (10325): VHDL Choice warning at std_1164_vhdl1993.vhd(1103): ignored choice containing meta-value "'W'" File: c:/intelfpga_lite/17.0/quartus/libraries/vhdl/ieee/1993/std_1164_vhdl1993.vhd Line: 1103
Warning (10325): VHDL Choice warning at std_1164_vhdl1993.vhd(1103): ignored choice containing meta-value "'-'" File: c:/intelfpga_lite/17.0/quartus/libraries/vhdl/ieee/1993/std_1164_vhdl1993.vhd Line: 1103
Warning (10542): VHDL Variable Declaration warning at mc68881_top.vhd(1234): used initial value expression for variable "exp_s" because variable was never assigned a value File: C:/Temp/mistercore/lbmactwo_MiSTer/rtl/mc68881/vhdl/mc68881_top.vhd Line: 1234
Warning (10542): VHDL Variable Declaration warning at mc68881_top.vhd(1235): used initial value expression for variable "frac_s" because variable was never assigned a value File: C:/Temp/mistercore/lbmactwo_MiSTer/rtl/mc68881/vhdl/mc68881_top.vhd Line: 1235
Warning (10542): VHDL Variable Declaration warning at mc68881_top.vhd(1275): used initial value expression for variable "exp_d" because variable was never assigned a value File: C:/Temp/mistercore/lbmactwo_MiSTer/rtl/mc68881/vhdl/mc68881_top.vhd Line: 1275
Warning (10542): VHDL Variable Declaration warning at mc68881_top.vhd(1276): used initial value expression for variable "frac_d" because variable was never assigned a value File: C:/Temp/mistercore/lbmactwo_MiSTer/rtl/mc68881/vhdl/mc68881_top.vhd Line: 1276
Warning (10542): VHDL Variable Declaration warning at mc68881_pkg.vhd(2152): used initial value expression for variable "value_u" because variable was never assigned a value File: C:/Temp/mistercore/lbmactwo_MiSTer/rtl/mc68881/vhdl/mc68881_pkg.vhd Line: 2152
Warning (10542): VHDL Variable Declaration warning at mc68881_pkg.vhd(2158): used initial value expression for variable "value_u" because variable was never assigned a value File: C:/Temp/mistercore/lbmactwo_MiSTer/rtl/mc68881/vhdl/mc68881_pkg.vhd Line: 2158
Warning (10542): VHDL Variable Declaration warning at mc68881_pkg.vhd(2167): used initial value expression for variable "value_u" because variable was never assigned a value File: C:/Temp/mistercore/lbmactwo_MiSTer/rtl/mc68881/vhdl/mc68881_pkg.vhd Line: 2167
Warning (10542): VHDL Variable Declaration warning at mc68881_pkg.vhd(2174): used initial value expression for variable "value_u" because variable was never assigned a value File: C:/Temp/mistercore/lbmactwo_MiSTer/rtl/mc68881/vhdl/mc68881_pkg.vhd Line: 2174
Warning (10542): VHDL Variable Declaration warning at mc68881_top.vhd(1660): used initial value expression for variable "a_sign" because variable was never assigned a value File: C:/Temp/mistercore/lbmactwo_MiSTer/rtl/mc68881/vhdl/mc68881_top.vhd Line: 1660
Warning (10542): VHDL Variable Declaration warning at mc68881_top.vhd(1661): used initial value expression for variable "b_sign" because variable was never assigned a value File: C:/Temp/mistercore/lbmactwo_MiSTer/rtl/mc68881/vhdl/mc68881_top.vhd Line: 1661
Warning (10542): VHDL Variable Declaration warning at mc68881_pkg.vhd(2289): used initial value expression for variable "value_u" because variable was never assigned a value File: C:/Temp/mistercore/lbmactwo_MiSTer/rtl/mc68881/vhdl/mc68881_pkg.vhd Line: 2289
Warning (10036): Verilog HDL or VHDL warning at mc68881_top.vhd(1772): object "inf_set" assigned a value but never read File: C:/Temp/mistercore/lbmactwo_MiSTer/rtl/mc68881/vhdl/mc68881_top.vhd Line: 1772
Warning (10631): VHDL Process Statement warning at mc68881_top.vhd(2586): inferring latch(es) for signal or variable "packed_req_mode_reg", which holds its previous value in one or more paths through the process File: C:/Temp/mistercore/lbmactwo_MiSTer/rtl/mc68881/vhdl/mc68881_top.vhd Line: 2586
Warning (10631): VHDL Process Statement warning at mc68881_top.vhd(2586): inferring latch(es) for signal or variable "packed_req_fp_reg", which holds its previous value in one or more paths through the process File: C:/Temp/mistercore/lbmactwo_MiSTer/rtl/mc68881/vhdl/mc68881_top.vhd Line: 2586
Warning (10631): VHDL Process Statement warning at mc68881_top.vhd(2586): inferring latch(es) for signal or variable "packed_req_word_reg", which holds its previous value in one or more paths through the process File: C:/Temp/mistercore/lbmactwo_MiSTer/rtl/mc68881/vhdl/mc68881_top.vhd Line: 2586
Warning (10631): VHDL Process Statement warning at mc68881_top.vhd(2586): inferring latch(es) for signal or variable "packed_req_fallback_reg", which holds its previous value in one or more paths through the process File: C:/Temp/mistercore/lbmactwo_MiSTer/rtl/mc68881/vhdl/mc68881_top.vhd Line: 2586
Warning (10631): VHDL Process Statement warning at mc68881_top.vhd(2586): inferring latch(es) for signal or variable "packed_req_k_reg", which holds its previous value in one or more paths through the process File: C:/Temp/mistercore/lbmactwo_MiSTer/rtl/mc68881/vhdl/mc68881_top.vhd Line: 2586
Warning (10631): VHDL Process Statement warning at mc68881_top.vhd(2586): inferring latch(es) for signal or variable "packed_req_dst_idx_reg", which holds its previous value in one or more paths through the process File: C:/Temp/mistercore/lbmactwo_MiSTer/rtl/mc68881/vhdl/mc68881_top.vhd Line: 2586
Warning (10492): VHDL Process Statement warning at mc68881_top.vhd(4465): signal "cir_state_reg" is read inside the Process Statement but isn't in the Process Statement's sensitivity list File: C:/Temp/mistercore/lbmactwo_MiSTer/rtl/mc68881/vhdl/mc68881_top.vhd Line: 4465
Warning (10492): VHDL Process Statement warning at mc68881_top.vhd(4481): signal "cir_xfer_word_count" is read inside the Process Statement but isn't in the Process Statement's sensitivity list File: C:/Temp/mistercore/lbmactwo_MiSTer/rtl/mc68881/vhdl/mc68881_top.vhd Line: 4481
Warning (10492): VHDL Process Statement warning at mc68881_top.vhd(4489): signal "cir_xfer_word_count" is read inside the Process Statement but isn't in the Process Statement's sensitivity list File: C:/Temp/mistercore/lbmactwo_MiSTer/rtl/mc68881/vhdl/mc68881_top.vhd Line: 4489
Warning (10492): VHDL Process Statement warning at mc68881_top.vhd(4499): signal "cir_exc_vector" is read inside the Process Statement but isn't in the Process Statement's sensitivity list File: C:/Temp/mistercore/lbmactwo_MiSTer/rtl/mc68881/vhdl/mc68881_top.vhd Line: 4499
Warning (10492): VHDL Process Statement warning at mc68881_top.vhd(4501): signal "cir_exc_vector" is read inside the Process Statement but isn't in the Process Statement's sensitivity list File: C:/Temp/mistercore/lbmactwo_MiSTer/rtl/mc68881/vhdl/mc68881_top.vhd Line: 4501
Warning (10492): VHDL Process Statement warning at mc68881_top.vhd(4503): signal "cir_exc_vector" is read inside the Process Statement but isn't in the Process Statement's sensitivity list File: C:/Temp/mistercore/lbmactwo_MiSTer/rtl/mc68881/vhdl/mc68881_top.vhd Line: 4503
Warning (10492): VHDL Process Statement warning at mc68881_top.vhd(4516): signal "pending_xfer_word_count" is read inside the Process Statement but isn't in the Process Statement's sensitivity list File: C:/Temp/mistercore/lbmactwo_MiSTer/rtl/mc68881/vhdl/mc68881_top.vhd Line: 4516
Info (10041): Inferred latch for "packed_req_dst_idx_reg[0]" at mc68881_top.vhd(2586) File: C:/Temp/mistercore/lbmactwo_MiSTer/rtl/mc68881/vhdl/mc68881_top.vhd Line: 2586
Info (10041): Inferred latch for "packed_req_dst_idx_reg[1]" at mc68881_top.vhd(2586) File: C:/Temp/mistercore/lbmactwo_MiSTer/rtl/mc68881/vhdl/mc68881_top.vhd Line: 2586
Info (10041): Inferred latch for "packed_req_dst_idx_reg[2]" at mc68881_top.vhd(2586) File: C:/Temp/mistercore/lbmactwo_MiSTer/rtl/mc68881/vhdl/mc68881_top.vhd Line: 2586
Info (10041): Inferred latch for "packed_req_fp_reg[0]" at mc68881_top.vhd(2586) File: C:/Temp/mistercore/lbmactwo_MiSTer/rtl/mc68881/vhdl/mc68881_top.vhd Line: 2586
Info (10041): Inferred latch for "packed_req_fp_reg[1]" at mc68881_top.vhd(2586) File: C:/Temp/mistercore/lbmactwo_MiSTer/rtl/mc68881/vhdl/mc68881_top.vhd Line: 2586
Info (10041): Inferred latch for "packed_req_fp_reg[2]" at mc68881_top.vhd(2586) File: C:/Temp/mistercore/lbmactwo_MiSTer/rtl/mc68881/vhdl/mc68881_top.vhd Line: 2586
Info (10041): Inferred latch for "packed_req_fp_reg[3]" at mc68881_top.vhd(2586) File: C:/Temp/mistercore/lbmactwo_MiSTer/rtl/mc68881/vhdl/mc68881_top.vhd Line: 2586
Info (10041): Inferred latch for "packed_req_fp_reg[4]" at mc68881_top.vhd(2586) File: C:/Temp/mistercore/lbmactwo_MiSTer/rtl/mc68881/vhdl/mc68881_top.vhd Line: 2586
Info (10041): Inferred latch for "packed_req_fp_reg[5]" at mc68881_top.vhd(2586) File: C:/Temp/mistercore/lbmactwo_MiSTer/rtl/mc68881/vhdl/mc68881_top.vhd Line: 2586
Info (10041): Inferred latch for "packed_req_fp_reg[6]" at mc68881_top.vhd(2586) File: C:/Temp/mistercore/lbmactwo_MiSTer/rtl/mc68881/vhdl/mc68881_top.vhd Line: 2586
Info (10041): Inferred latch for "packed_req_fp_reg[7]" at mc68881_top.vhd(2586) File: C:/Temp/mistercore/lbmactwo_MiSTer/rtl/mc68881/vhdl/mc68881_top.vhd Line: 2586
Info (10041): Inferred latch for "packed_req_fp_reg[8]" at mc68881_top.vhd(2586) File: C:/Temp/mistercore/lbmactwo_MiSTer/rtl/mc68881/vhdl/mc68881_top.vhd Line: 2586
Info (10041): Inferred latch for "packed_req_fp_reg[9]" at mc68881_top.vhd(2586) File: C:/Temp/mistercore/lbmactwo_MiSTer/rtl/mc68881/vhdl/mc68881_top.vhd Line: 2586
Info (10041): Inferred latch for "packed_req_fp_reg[10]" at mc68881_top.vhd(2586) File: C:/Temp/mistercore/lbmactwo_MiSTer/rtl/mc68881/vhdl/mc68881_top.vhd Line: 2586
Info (10041): Inferred latch for "packed_req_fp_reg[11]" at mc68881_top.vhd(2586) File: C:/Temp/mistercore/lbmactwo_MiSTer/rtl/mc68881/vhdl/mc68881_top.vhd Line: 2586
Info (10041): Inferred latch for "packed_req_fp_reg[12]" at mc68881_top.vhd(2586) File: C:/Temp/mistercore/lbmactwo_MiSTer/rtl/mc68881/vhdl/mc68881_top.vhd Line: 2586
Info (10041): Inferred latch for "packed_req_fp_reg[13]" at mc68881_top.vhd(2586) File: C:/Temp/mistercore/lbmactwo_MiSTer/rtl/mc68881/vhdl/mc68881_top.vhd Line: 2586
Info (10041): Inferred latch for "packed_req_fp_reg[14]" at mc68881_top.vhd(2586) File: C:/Temp/mistercore/lbmactwo_MiSTer/rtl/mc68881/vhdl/mc68881_top.vhd Line: 2586
Info (10041): Inferred latch for "packed_req_fp_reg[15]" at mc68881_top.vhd(2586) File: C:/Temp/mistercore/lbmactwo_MiSTer/rtl/mc68881/vhdl/mc68881_top.vhd Line: 2586
Info (10041): Inferred latch for "packed_req_fp_reg[16]" at mc68881_top.vhd(2586) File: C:/Temp/mistercore/lbmactwo_MiSTer/rtl/mc68881/vhdl/mc68881_top.vhd Line: 2586
Info (10041): Inferred latch for "packed_req_fp_reg[17]" at mc68881_top.vhd(2586) File: C:/Temp/mistercore/lbmactwo_MiSTer/rtl/mc68881/vhdl/mc68881_top.vhd Line: 2586
Info (10041): Inferred latch for "packed_req_fp_reg[18]" at mc68881_top.vhd(2586) File: C:/Temp/mistercore/lbmactwo_MiSTer/rtl/mc68881/vhdl/mc68881_top.vhd Line: 2586
Info (10041): Inferred latch for "packed_req_fp_reg[19]" at mc68881_top.vhd(2586) File: C:/Temp/mistercore/lbmactwo_MiSTer/rtl/mc68881/vhdl/mc68881_top.vhd Line: 2586
Info (10041): Inferred latch for "packed_req_fp_reg[20]" at mc68881_top.vhd(2586) File: C:/Temp/mistercore/lbmactwo_MiSTer/rtl/mc68881/vhdl/mc68881_top.vhd Line: 2586
Info (10041): Inferred latch for "packed_req_fp_reg[21]" at mc68881_top.vhd(2586) File: C:/Temp/mistercore/lbmactwo_MiSTer/rtl/mc68881/vhdl/mc68881_top.vhd Line: 2586
Info (10041): Inferred latch for "packed_req_fp_reg[22]" at mc68881_top.vhd(2586) File: C:/Temp/mistercore/lbmactwo_MiSTer/rtl/mc68881/vhdl/mc68881_top.vhd Line: 2586
Info (10041): Inferred latch for "packed_req_fp_reg[23]" at mc68881_top.vhd(2586) File: C:/Temp/mistercore/lbmactwo_MiSTer/rtl/mc68881/vhdl/mc68881_top.vhd Line: 2586
Info (10041): Inferred latch for "packed_req_fp_reg[24]" at mc68881_top.vhd(2586) File: C:/Temp/mistercore/lbmactwo_MiSTer/rtl/mc68881/vhdl/mc68881_top.vhd Line: 2586
Info (10041): Inferred latch for "packed_req_fp_reg[25]" at mc68881_top.vhd(2586) File: C:/Temp/mistercore/lbmactwo_MiSTer/rtl/mc68881/vhdl/mc68881_top.vhd Line: 2586
Info (10041): Inferred latch for "packed_req_fp_reg[26]" at mc68881_top.vhd(2586) File: C:/Temp/mistercore/lbmactwo_MiSTer/rtl/mc68881/vhdl/mc68881_top.vhd Line: 2586
Info (10041): Inferred latch for "packed_req_fp_reg[27]" at mc68881_top.vhd(2586) File: C:/Temp/mistercore/lbmactwo_MiSTer/rtl/mc68881/vhdl/mc68881_top.vhd Line: 2586
Info (10041): Inferred latch for "packed_req_fp_reg[28]" at mc68881_top.vhd(2586) File: C:/Temp/mistercore/lbmactwo_MiSTer/rtl/mc68881/vhdl/mc68881_top.vhd Line: 2586
Info (10041): Inferred latch for "packed_req_fp_reg[29]" at mc68881_top.vhd(2586) File: C:/Temp/mistercore/lbmactwo_MiSTer/rtl/mc68881/vhdl/mc68881_top.vhd Line: 2586
Info (10041): Inferred latch for "packed_req_fp_reg[30]" at mc68881_top.vhd(2586) File: C:/Temp/mistercore/lbmactwo_MiSTer/rtl/mc68881/vhdl/mc68881_top.vhd Line: 2586
Info (10041): Inferred latch for "packed_req_fp_reg[31]" at mc68881_top.vhd(2586) File: C:/Temp/mistercore/lbmactwo_MiSTer/rtl/mc68881/vhdl/mc68881_top.vhd Line: 2586
Info (10041): Inferred latch for "packed_req_fp_reg[32]" at mc68881_top.vhd(2586) File: C:/Temp/mistercore/lbmactwo_MiSTer/rtl/mc68881/vhdl/mc68881_top.vhd Line: 2586
Info (10041): Inferred latch for "packed_req_fp_reg[33]" at mc68881_top.vhd(2586) File: C:/Temp/mistercore/lbmactwo_MiSTer/rtl/mc68881/vhdl/mc68881_top.vhd Line: 2586
Info (10041): Inferred latch for "packed_req_fp_reg[34]" at mc68881_top.vhd(2586) File: C:/Temp/mistercore/lbmactwo_MiSTer/rtl/mc68881/vhdl/mc68881_top.vhd Line: 2586
Info (10041): Inferred latch for "packed_req_fp_reg[35]" at mc68881_top.vhd(2586) File: C:/Temp/mistercore/lbmactwo_MiSTer/rtl/mc68881/vhdl/mc68881_top.vhd Line: 2586
Info (10041): Inferred latch for "packed_req_fp_reg[36]" at mc68881_top.vhd(2586) File: C:/Temp/mistercore/lbmactwo_MiSTer/rtl/mc68881/vhdl/mc68881_top.vhd Line: 2586
Info (10041): Inferred latch for "packed_req_fp_reg[37]" at mc68881_top.vhd(2586) File: C:/Temp/mistercore/lbmactwo_MiSTer/rtl/mc68881/vhdl/mc68881_top.vhd Line: 2586
Info (10041): Inferred latch for "packed_req_fp_reg[38]" at mc68881_top.vhd(2586) File: C:/Temp/mistercore/lbmactwo_MiSTer/rtl/mc68881/vhdl/mc68881_top.vhd Line: 2586
Info (10041): Inferred latch for "packed_req_fp_reg[39]" at mc68881_top.vhd(2586) File: C:/Temp/mistercore/lbmactwo_MiSTer/rtl/mc68881/vhdl/mc68881_top.vhd Line: 2586
Info (10041): Inferred latch for "packed_req_fp_reg[40]" at mc68881_top.vhd(2586) File: C:/Temp/mistercore/lbmactwo_MiSTer/rtl/mc68881/vhdl/mc68881_top.vhd Line: 2586
Info (10041): Inferred latch for "packed_req_fp_reg[41]" at mc68881_top.vhd(2586) File: C:/Temp/mistercore/lbmactwo_MiSTer/rtl/mc68881/vhdl/mc68881_top.vhd Line: 2586
Info (10041): Inferred latch for "packed_req_fp_reg[42]" at mc68881_top.vhd(2586) File: C:/Temp/mistercore/lbmactwo_MiSTer/rtl/mc68881/vhdl/mc68881_top.vhd Line: 2586
Info (10041): Inferred latch for "packed_req_fp_reg[43]" at mc68881_top.vhd(2586) File: C:/Temp/mistercore/lbmactwo_MiSTer/rtl/mc68881/vhdl/mc68881_top.vhd Line: 2586
Info (10041): Inferred latch for "packed_req_fp_reg[44]" at mc68881_top.vhd(2586) File: C:/Temp/mistercore/lbmactwo_MiSTer/rtl/mc68881/vhdl/mc68881_top.vhd Line: 2586
Info (10041): Inferred latch for "packed_req_fp_reg[45]" at mc68881_top.vhd(2586) File: C:/Temp/mistercore/lbmactwo_MiSTer/rtl/mc68881/vhdl/mc68881_top.vhd Line: 2586
Info (10041): Inferred latch for "packed_req_fp_reg[46]" at mc68881_top.vhd(2586) File: C:/Temp/mistercore/lbmactwo_MiSTer/rtl/mc68881/vhdl/mc68881_top.vhd Line: 2586
Info (10041): Inferred latch for "packed_req_fp_reg[47]" at mc68881_top.vhd(2586) File: C:/Temp/mistercore/lbmactwo_MiSTer/rtl/mc68881/vhdl/mc68881_top.vhd Line: 2586
Info (10041): Inferred latch for "packed_req_fp_reg[48]" at mc68881_top.vhd(2586) File: C:/Temp/mistercore/lbmactwo_MiSTer/rtl/mc68881/vhdl/mc68881_top.vhd Line: 2586
Info (10041): Inferred latch for "packed_req_fp_reg[49]" at mc68881_top.vhd(2586) File: C:/Temp/mistercore/lbmactwo_MiSTer/rtl/mc68881/vhdl/mc68881_top.vhd Line: 2586
Info (10041): Inferred latch for "packed_req_fp_reg[50]" at mc68881_top.vhd(2586) File: C:/Temp/mistercore/lbmactwo_MiSTer/rtl/mc68881/vhdl/mc68881_top.vhd Line: 2586
Info (10041): Inferred latch for "packed_req_fp_reg[51]" at mc68881_top.vhd(2586) File: C:/Temp/mistercore/lbmactwo_MiSTer/rtl/mc68881/vhdl/mc68881_top.vhd Line: 2586
Info (10041): Inferred latch for "packed_req_fp_reg[52]" at mc68881_top.vhd(2586) File: C:/Temp/mistercore/lbmactwo_MiSTer/rtl/mc68881/vhdl/mc68881_top.vhd Line: 2586
Info (10041): Inferred latch for "packed_req_fp_reg[53]" at mc68881_top.vhd(2586) File: C:/Temp/mistercore/lbmactwo_MiSTer/rtl/mc68881/vhdl/mc68881_top.vhd Line: 2586
Info (10041): Inferred latch for "packed_req_fp_reg[54]" at mc68881_top.vhd(2586) File: C:/Temp/mistercore/lbmactwo_MiSTer/rtl/mc68881/vhdl/mc68881_top.vhd Line: 2586
Info (10041): Inferred latch for "packed_req_fp_reg[55]" at mc68881_top.vhd(2586) File: C:/Temp/mistercore/lbmactwo_MiSTer/rtl/mc68881/vhdl/mc68881_top.vhd Line: 2586
Info (10041): Inferred latch for "packed_req_fp_reg[56]" at mc68881_top.vhd(2586) File: C:/Temp/mistercore/lbmactwo_MiSTer/rtl/mc68881/vhdl/mc68881_top.vhd Line: 2586
Info (10041): Inferred latch for "packed_req_fp_reg[57]" at mc68881_top.vhd(2586) File: C:/Temp/mistercore/lbmactwo_MiSTer/rtl/mc68881/vhdl/mc68881_top.vhd Line: 2586
Info (10041): Inferred latch for "packed_req_fp_reg[58]" at mc68881_top.vhd(2586) File: C:/Temp/mistercore/lbmactwo_MiSTer/rtl/mc68881/vhdl/mc68881_top.vhd Line: 2586
Info (10041): Inferred latch for "packed_req_fp_reg[59]" at mc68881_top.vhd(2586) File: C:/Temp/mistercore/lbmactwo_MiSTer/rtl/mc68881/vhdl/mc68881_top.vhd Line: 2586
Info (10041): Inferred latch for "packed_req_fp_reg[60]" at mc68881_top.vhd(2586) File: C:/Temp/mistercore/lbmactwo_MiSTer/rtl/mc68881/vhdl/mc68881_top.vhd Line: 2586
Info (10041): Inferred latch for "packed_req_fp_reg[61]" at mc68881_top.vhd(2586) File: C:/Temp/mistercore/lbmactwo_MiSTer/rtl/mc68881/vhdl/mc68881_top.vhd Line: 2586
Info (10041): Inferred latch for "packed_req_fp_reg[62]" at mc68881_top.vhd(2586) File: C:/Temp/mistercore/lbmactwo_MiSTer/rtl/mc68881/vhdl/mc68881_top.vhd Line: 2586
Info (10041): Inferred latch for "packed_req_fp_reg[63]" at mc68881_top.vhd(2586) File: C:/Temp/mistercore/lbmactwo_MiSTer/rtl/mc68881/vhdl/mc68881_top.vhd Line: 2586
Info (10041): Inferred latch for "packed_req_fp_reg[64]" at mc68881_top.vhd(2586) File: C:/Temp/mistercore/lbmactwo_MiSTer/rtl/mc68881/vhdl/mc68881_top.vhd Line: 2586
Info (10041): Inferred latch for "packed_req_fp_reg[65]" at mc68881_top.vhd(2586) File: C:/Temp/mistercore/lbmactwo_MiSTer/rtl/mc68881/vhdl/mc68881_top.vhd Line: 2586
Info (10041): Inferred latch for "packed_req_fp_reg[66]" at mc68881_top.vhd(2586) File: C:/Temp/mistercore/lbmactwo_MiSTer/rtl/mc68881/vhdl/mc68881_top.vhd Line: 2586
Info (10041): Inferred latch for "packed_req_fp_reg[67]" at mc68881_top.vhd(2586) File: C:/Temp/mistercore/lbmactwo_MiSTer/rtl/mc68881/vhdl/mc68881_top.vhd Line: 2586
Info (10041): Inferred latch for "packed_req_fp_reg[68]" at mc68881_top.vhd(2586) File: C:/Temp/mistercore/lbmactwo_MiSTer/rtl/mc68881/vhdl/mc68881_top.vhd Line: 2586
Info (10041): Inferred latch for "packed_req_fp_reg[69]" at mc68881_top.vhd(2586) File: C:/Temp/mistercore/lbmactwo_MiSTer/rtl/mc68881/vhdl/mc68881_top.vhd Line: 2586
Info (10041): Inferred latch for "packed_req_fp_reg[70]" at mc68881_top.vhd(2586) File: C:/Temp/mistercore/lbmactwo_MiSTer/rtl/mc68881/vhdl/mc68881_top.vhd Line: 2586
Info (10041): Inferred latch for "packed_req_fp_reg[71]" at mc68881_top.vhd(2586) File: C:/Temp/mistercore/lbmactwo_MiSTer/rtl/mc68881/vhdl/mc68881_top.vhd Line: 2586
Info (10041): Inferred latch for "packed_req_fp_reg[72]" at mc68881_top.vhd(2586) File: C:/Temp/mistercore/lbmactwo_MiSTer/rtl/mc68881/vhdl/mc68881_top.vhd Line: 2586
Info (10041): Inferred latch for "packed_req_fp_reg[73]" at mc68881_top.vhd(2586) File: C:/Temp/mistercore/lbmactwo_MiSTer/rtl/mc68881/vhdl/mc68881_top.vhd Line: 2586
Info (10041): Inferred latch for "packed_req_fp_reg[74]" at mc68881_top.vhd(2586) File: C:/Temp/mistercore/lbmactwo_MiSTer/rtl/mc68881/vhdl/mc68881_top.vhd Line: 2586
Info (10041): Inferred latch for "packed_req_fp_reg[75]" at mc68881_top.vhd(2586) File: C:/Temp/mistercore/lbmactwo_MiSTer/rtl/mc68881/vhdl/mc68881_top.vhd Line: 2586
Info (10041): Inferred latch for "packed_req_fp_reg[76]" at mc68881_top.vhd(2586) File: C:/Temp/mistercore/lbmactwo_MiSTer/rtl/mc68881/vhdl/mc68881_top.vhd Line: 2586
Info (10041): Inferred latch for "packed_req_fp_reg[77]" at mc68881_top.vhd(2586) File: C:/Temp/mistercore/lbmactwo_MiSTer/rtl/mc68881/vhdl/mc68881_top.vhd Line: 2586
Info (10041): Inferred latch for "packed_req_fp_reg[78]" at mc68881_top.vhd(2586) File: C:/Temp/mistercore/lbmactwo_MiSTer/rtl/mc68881/vhdl/mc68881_top.vhd Line: 2586
Info (10041): Inferred latch for "packed_req_fp_reg[79]" at mc68881_top.vhd(2586) File: C:/Temp/mistercore/lbmactwo_MiSTer/rtl/mc68881/vhdl/mc68881_top.vhd Line: 2586
Info (10041): Inferred latch for "packed_req_mode_reg.PACKED_REQ_DECODE" at mc68881_top.vhd(2586) File: C:/Temp/mistercore/lbmactwo_MiSTer/rtl/mc68881/vhdl/mc68881_top.vhd Line: 2586
Info (10041): Inferred latch for "packed_req_mode_reg.PACKED_REQ_ENCODE" at mc68881_top.vhd(2586) File: C:/Temp/mistercore/lbmactwo_MiSTer/rtl/mc68881/vhdl/mc68881_top.vhd Line: 2586
Info (10041): Inferred latch for "packed_req_mode_reg.PACKED_REQ_NONE" at mc68881_top.vhd(2586) File: C:/Temp/mistercore/lbmactwo_MiSTer/rtl/mc68881/vhdl/mc68881_top.vhd Line: 2586
Info (12128): Elaborating entity "mc68881_alu" for hierarchy "emu:emu|mc68881_fpu_lite:fpu_inst|mc68881_top:u_fpu|mc68881_alu:alu_inst" File: C:/Temp/mistercore/lbmactwo_MiSTer/rtl/mc68881/vhdl/mc68881_top.vhd Line: 1919
Warning (10036): Verilog HDL or VHDL warning at mc68881_alu.vhd(105): object "trig_start_reg" assigned a value but never read File: C:/Temp/mistercore/lbmactwo_MiSTer/rtl/mc68881/vhdl/mc68881_alu.vhd Line: 105
Warning (10036): Verilog HDL or VHDL warning at mc68881_alu.vhd(122): object "divrem_start_reg" assigned a value but never read File: C:/Temp/mistercore/lbmactwo_MiSTer/rtl/mc68881/vhdl/mc68881_alu.vhd Line: 122
Warning (10036): Verilog HDL or VHDL warning at mc68881_alu.vhd(123): object "divrem_op_reg" assigned a value but never read File: C:/Temp/mistercore/lbmactwo_MiSTer/rtl/mc68881/vhdl/mc68881_alu.vhd Line: 123
Warning (10036): Verilog HDL or VHDL warning at mc68881_alu.vhd(124): object "divrem_a_reg" assigned a value but never read File: C:/Temp/mistercore/lbmactwo_MiSTer/rtl/mc68881/vhdl/mc68881_alu.vhd Line: 124
Warning (10036): Verilog HDL or VHDL warning at mc68881_alu.vhd(125): object "divrem_b_reg" assigned a value but never read File: C:/Temp/mistercore/lbmactwo_MiSTer/rtl/mc68881/vhdl/mc68881_alu.vhd Line: 125
Warning (10036): Verilog HDL or VHDL warning at mc68881_alu.vhd(126): object "divrem_rm_reg" assigned a value but never read File: C:/Temp/mistercore/lbmactwo_MiSTer/rtl/mc68881/vhdl/mc68881_alu.vhd Line: 126
Warning (10036): Verilog HDL or VHDL warning at mc68881_alu.vhd(127): object "divrem_rp_reg" assigned a value but never read File: C:/Temp/mistercore/lbmactwo_MiSTer/rtl/mc68881/vhdl/mc68881_alu.vhd Line: 127
Warning (10036): Verilog HDL or VHDL warning at mc68881_alu.vhd(134): object "divrem_flag_overflow" assigned a value but never read File: C:/Temp/mistercore/lbmactwo_MiSTer/rtl/mc68881/vhdl/mc68881_alu.vhd Line: 134
Warning (10036): Verilog HDL or VHDL warning at mc68881_alu.vhd(135): object "divrem_flag_underflow" assigned a value but never read File: C:/Temp/mistercore/lbmactwo_MiSTer/rtl/mc68881/vhdl/mc68881_alu.vhd Line: 135
Warning (10036): Verilog HDL or VHDL warning at mc68881_alu.vhd(136): object "divrem_flag_inexact" assigned a value but never read File: C:/Temp/mistercore/lbmactwo_MiSTer/rtl/mc68881/vhdl/mc68881_alu.vhd Line: 136
Warning (10036): Verilog HDL or VHDL warning at mc68881_alu.vhd(143): object "sglops_start_reg" assigned a value but never read File: C:/Temp/mistercore/lbmactwo_MiSTer/rtl/mc68881/vhdl/mc68881_alu.vhd Line: 143
Warning (10036): Verilog HDL or VHDL warning at mc68881_alu.vhd(144): object "sglops_op_reg" assigned a value but never read File: C:/Temp/mistercore/lbmactwo_MiSTer/rtl/mc68881/vhdl/mc68881_alu.vhd Line: 144
Warning (10036): Verilog HDL or VHDL warning at mc68881_alu.vhd(145): object "sglops_a_reg" assigned a value but never read File: C:/Temp/mistercore/lbmactwo_MiSTer/rtl/mc68881/vhdl/mc68881_alu.vhd Line: 145
Warning (10036): Verilog HDL or VHDL warning at mc68881_alu.vhd(146): object "sglops_b_reg" assigned a value but never read File: C:/Temp/mistercore/lbmactwo_MiSTer/rtl/mc68881/vhdl/mc68881_alu.vhd Line: 146
Warning (10036): Verilog HDL or VHDL warning at mc68881_alu.vhd(147): object "sglops_rm_reg" assigned a value but never read File: C:/Temp/mistercore/lbmactwo_MiSTer/rtl/mc68881/vhdl/mc68881_alu.vhd Line: 147
Warning (10036): Verilog HDL or VHDL warning at mc68881_alu.vhd(200): object "trig_save_addr" assigned a value but never read File: C:/Temp/mistercore/lbmactwo_MiSTer/rtl/mc68881/vhdl/mc68881_alu.vhd Line: 200
Warning (10036): Verilog HDL or VHDL warning at mc68881_alu.vhd(202): object "divrem_save_addr" assigned a value but never read File: C:/Temp/mistercore/lbmactwo_MiSTer/rtl/mc68881/vhdl/mc68881_alu.vhd Line: 202
Warning (10036): Verilog HDL or VHDL warning at mc68881_alu.vhd(203): object "trig_restore_addr" assigned a value but never read File: C:/Temp/mistercore/lbmactwo_MiSTer/rtl/mc68881/vhdl/mc68881_alu.vhd Line: 203
Warning (10036): Verilog HDL or VHDL warning at mc68881_alu.vhd(204): object "divrem_restore_addr" assigned a value but never read File: C:/Temp/mistercore/lbmactwo_MiSTer/rtl/mc68881/vhdl/mc68881_alu.vhd Line: 204
Warning (10036): Verilog HDL or VHDL warning at mc68881_alu.vhd(205): object "trig_restore_wr" assigned a value but never read File: C:/Temp/mistercore/lbmactwo_MiSTer/rtl/mc68881/vhdl/mc68881_alu.vhd Line: 205
Warning (10036): Verilog HDL or VHDL warning at mc68881_alu.vhd(206): object "divrem_restore_wr" assigned a value but never read File: C:/Temp/mistercore/lbmactwo_MiSTer/rtl/mc68881/vhdl/mc68881_alu.vhd Line: 206
Warning (10542): VHDL Variable Declaration warning at mc68881_pkg.vhd(2401): used initial value expression for variable "value_u" because variable was never assigned a value File: C:/Temp/mistercore/lbmactwo_MiSTer/rtl/mc68881/vhdl/mc68881_pkg.vhd Line: 2401
Warning (10542): VHDL Variable Declaration warning at mc68881_pkg.vhd(2152): used initial value expression for variable "value_u" because variable was never assigned a value File: C:/Temp/mistercore/lbmactwo_MiSTer/rtl/mc68881/vhdl/mc68881_pkg.vhd Line: 2152
Warning (10542): VHDL Variable Declaration warning at mc68881_pkg.vhd(2158): used initial value expression for variable "value_u" because variable was never assigned a value File: C:/Temp/mistercore/lbmactwo_MiSTer/rtl/mc68881/vhdl/mc68881_pkg.vhd Line: 2158
Warning (10542): VHDL Variable Declaration warning at mc68881_pkg.vhd(2167): used initial value expression for variable "value_u" because variable was never assigned a value File: C:/Temp/mistercore/lbmactwo_MiSTer/rtl/mc68881/vhdl/mc68881_pkg.vhd Line: 2167
Warning (10542): VHDL Variable Declaration warning at mc68881_pkg.vhd(2267): used initial value expression for variable "a_abs" because variable was never assigned a value File: C:/Temp/mistercore/lbmactwo_MiSTer/rtl/mc68881/vhdl/mc68881_pkg.vhd Line: 2267
Warning (10542): VHDL Variable Declaration warning at mc68881_pkg.vhd(2268): used initial value expression for variable "b_abs" because variable was never assigned a value File: C:/Temp/mistercore/lbmactwo_MiSTer/rtl/mc68881/vhdl/mc68881_pkg.vhd Line: 2268
Warning (10542): VHDL Variable Declaration warning at mc68881_pkg.vhd(2249): used initial value expression for variable "a_u" because variable was never assigned a value File: C:/Temp/mistercore/lbmactwo_MiSTer/rtl/mc68881/vhdl/mc68881_pkg.vhd Line: 2249
Warning (10542): VHDL Variable Declaration warning at mc68881_pkg.vhd(2250): used initial value expression for variable "b_u" because variable was never assigned a value File: C:/Temp/mistercore/lbmactwo_MiSTer/rtl/mc68881/vhdl/mc68881_pkg.vhd Line: 2250
Warning (10542): VHDL Variable Declaration warning at mc68881_pkg.vhd(2330): used initial value expression for variable "value_u" because variable was never assigned a value File: C:/Temp/mistercore/lbmactwo_MiSTer/rtl/mc68881/vhdl/mc68881_pkg.vhd Line: 2330
Warning (10542): VHDL Variable Declaration warning at mc68881_pkg.vhd(2597): used initial value expression for variable "value_u" because variable was never assigned a value File: C:/Temp/mistercore/lbmactwo_MiSTer/rtl/mc68881/vhdl/mc68881_pkg.vhd Line: 2597
Info (10041): Inferred latch for "sglops_rm_reg.FP_RND_PLUS_INF" at mc68881_alu.vhd(449) File: C:/Temp/mistercore/lbmactwo_MiSTer/rtl/mc68881/vhdl/mc68881_alu.vhd Line: 449
Info (10041): Inferred latch for "sglops_rm_reg.FP_RND_MINUS_INF" at mc68881_alu.vhd(449) File: C:/Temp/mistercore/lbmactwo_MiSTer/rtl/mc68881/vhdl/mc68881_alu.vhd Line: 449
Info (10041): Inferred latch for "sglops_rm_reg.FP_RND_ZERO" at mc68881_alu.vhd(449) File: C:/Temp/mistercore/lbmactwo_MiSTer/rtl/mc68881/vhdl/mc68881_alu.vhd Line: 449
Info (10041): Inferred latch for "sglops_rm_reg.FP_RND_NEAREST" at mc68881_alu.vhd(449) File: C:/Temp/mistercore/lbmactwo_MiSTer/rtl/mc68881/vhdl/mc68881_alu.vhd Line: 449
Info (10041): Inferred latch for "sglops_op_reg.FPU_OP_FRESTORE" at mc68881_alu.vhd(449) File: C:/Temp/mistercore/lbmactwo_MiSTer/rtl/mc68881/vhdl/mc68881_alu.vhd Line: 449
Info (10041): Inferred latch for "sglops_op_reg.FPU_OP_FSAVE" at mc68881_alu.vhd(449) File: C:/Temp/mistercore/lbmactwo_MiSTer/rtl/mc68881/vhdl/mc68881_alu.vhd Line: 449
Info (10041): Inferred latch for "sglops_op_reg.FPU_OP_FTRAPCC" at mc68881_alu.vhd(449) File: C:/Temp/mistercore/lbmactwo_MiSTer/rtl/mc68881/vhdl/mc68881_alu.vhd Line: 449
Info (10041): Inferred latch for "sglops_op_reg.FPU_OP_FNOP" at mc68881_alu.vhd(449) File: C:/Temp/mistercore/lbmactwo_MiSTer/rtl/mc68881/vhdl/mc68881_alu.vhd Line: 449
Info (10041): Inferred latch for "sglops_op_reg.FPU_OP_FDBCC" at mc68881_alu.vhd(449) File: C:/Temp/mistercore/lbmactwo_MiSTer/rtl/mc68881/vhdl/mc68881_alu.vhd Line: 449
Info (10041): Inferred latch for "sglops_op_reg.FPU_OP_FBCC" at mc68881_alu.vhd(449) File: C:/Temp/mistercore/lbmactwo_MiSTer/rtl/mc68881/vhdl/mc68881_alu.vhd Line: 449
Info (10041): Inferred latch for "sglops_op_reg.FPU_OP_FSCC" at mc68881_alu.vhd(449) File: C:/Temp/mistercore/lbmactwo_MiSTer/rtl/mc68881/vhdl/mc68881_alu.vhd Line: 449
Info (10041): Inferred latch for "sglops_op_reg.FPU_OP_MOVEM" at mc68881_alu.vhd(449) File: C:/Temp/mistercore/lbmactwo_MiSTer/rtl/mc68881/vhdl/mc68881_alu.vhd Line: 449
Info (10041): Inferred latch for "sglops_op_reg.FPU_OP_MOVE" at mc68881_alu.vhd(449) File: C:/Temp/mistercore/lbmactwo_MiSTer/rtl/mc68881/vhdl/mc68881_alu.vhd Line: 449
Info (10041): Inferred latch for "sglops_op_reg.FPU_OP_TST" at mc68881_alu.vhd(449) File: C:/Temp/mistercore/lbmactwo_MiSTer/rtl/mc68881/vhdl/mc68881_alu.vhd Line: 449
Info (10041): Inferred latch for "sglops_op_reg.FPU_OP_GETMAN" at mc68881_alu.vhd(449) File: C:/Temp/mistercore/lbmactwo_MiSTer/rtl/mc68881/vhdl/mc68881_alu.vhd Line: 449
Info (10041): Inferred latch for "sglops_op_reg.FPU_OP_GETEXP" at mc68881_alu.vhd(449) File: C:/Temp/mistercore/lbmactwo_MiSTer/rtl/mc68881/vhdl/mc68881_alu.vhd Line: 449
Info (10041): Inferred latch for "sglops_op_reg.FPU_OP_INTRZ" at mc68881_alu.vhd(449) File: C:/Temp/mistercore/lbmactwo_MiSTer/rtl/mc68881/vhdl/mc68881_alu.vhd Line: 449
Info (10041): Inferred latch for "sglops_op_reg.FPU_OP_INT" at mc68881_alu.vhd(449) File: C:/Temp/mistercore/lbmactwo_MiSTer/rtl/mc68881/vhdl/mc68881_alu.vhd Line: 449
Info (10041): Inferred latch for "sglops_op_reg.FPU_OP_NEG" at mc68881_alu.vhd(449) File: C:/Temp/mistercore/lbmactwo_MiSTer/rtl/mc68881/vhdl/mc68881_alu.vhd Line: 449
Info (10041): Inferred latch for "sglops_op_reg.FPU_OP_ABS" at mc68881_alu.vhd(449) File: C:/Temp/mistercore/lbmactwo_MiSTer/rtl/mc68881/vhdl/mc68881_alu.vhd Line: 449
Info (10041): Inferred latch for "sglops_op_reg.FPU_OP_TWOTOX" at mc68881_alu.vhd(449) File: C:/Temp/mistercore/lbmactwo_MiSTer/rtl/mc68881/vhdl/mc68881_alu.vhd Line: 449
Info (10041): Inferred latch for "sglops_op_reg.FPU_OP_TENTOX" at mc68881_alu.vhd(449) File: C:/Temp/mistercore/lbmactwo_MiSTer/rtl/mc68881/vhdl/mc68881_alu.vhd Line: 449
Info (10041): Inferred latch for "sglops_op_reg.FPU_OP_TANH" at mc68881_alu.vhd(449) File: C:/Temp/mistercore/lbmactwo_MiSTer/rtl/mc68881/vhdl/mc68881_alu.vhd Line: 449
Info (10041): Inferred latch for "sglops_op_reg.FPU_OP_SINH" at mc68881_alu.vhd(449) File: C:/Temp/mistercore/lbmactwo_MiSTer/rtl/mc68881/vhdl/mc68881_alu.vhd Line: 449
Info (10041): Inferred latch for "sglops_op_reg.FPU_OP_LOG2" at mc68881_alu.vhd(449) File: C:/Temp/mistercore/lbmactwo_MiSTer/rtl/mc68881/vhdl/mc68881_alu.vhd Line: 449
Info (10041): Inferred latch for "sglops_op_reg.FPU_OP_LOG10" at mc68881_alu.vhd(449) File: C:/Temp/mistercore/lbmactwo_MiSTer/rtl/mc68881/vhdl/mc68881_alu.vhd Line: 449
Info (10041): Inferred latch for "sglops_op_reg.FPU_OP_LOGNP1" at mc68881_alu.vhd(449) File: C:/Temp/mistercore/lbmactwo_MiSTer/rtl/mc68881/vhdl/mc68881_alu.vhd Line: 449
Info (10041): Inferred latch for "sglops_op_reg.FPU_OP_LOGN" at mc68881_alu.vhd(449) File: C:/Temp/mistercore/lbmactwo_MiSTer/rtl/mc68881/vhdl/mc68881_alu.vhd Line: 449
Info (10041): Inferred latch for "sglops_op_reg.FPU_OP_ETOXM1" at mc68881_alu.vhd(449) File: C:/Temp/mistercore/lbmactwo_MiSTer/rtl/mc68881/vhdl/mc68881_alu.vhd Line: 449
Info (10041): Inferred latch for "sglops_op_reg.FPU_OP_ETOX" at mc68881_alu.vhd(449) File: C:/Temp/mistercore/lbmactwo_MiSTer/rtl/mc68881/vhdl/mc68881_alu.vhd Line: 449
Info (10041): Inferred latch for "sglops_op_reg.FPU_OP_COSH" at mc68881_alu.vhd(449) File: C:/Temp/mistercore/lbmactwo_MiSTer/rtl/mc68881/vhdl/mc68881_alu.vhd Line: 449
Info (10041): Inferred latch for "sglops_op_reg.FPU_OP_ATANH" at mc68881_alu.vhd(449) File: C:/Temp/mistercore/lbmactwo_MiSTer/rtl/mc68881/vhdl/mc68881_alu.vhd Line: 449
Info (10041): Inferred latch for "sglops_op_reg.FPU_OP_ATAN" at mc68881_alu.vhd(449) File: C:/Temp/mistercore/lbmactwo_MiSTer/rtl/mc68881/vhdl/mc68881_alu.vhd Line: 449
Info (10041): Inferred latch for "sglops_op_reg.FPU_OP_ASIN" at mc68881_alu.vhd(449) File: C:/Temp/mistercore/lbmactwo_MiSTer/rtl/mc68881/vhdl/mc68881_alu.vhd Line: 449
Info (10041): Inferred latch for "sglops_op_reg.FPU_OP_ACOS" at mc68881_alu.vhd(449) File: C:/Temp/mistercore/lbmactwo_MiSTer/rtl/mc68881/vhdl/mc68881_alu.vhd Line: 449
Info (10041): Inferred latch for "sglops_op_reg.FPU_OP_SINCOS" at mc68881_alu.vhd(449) File: C:/Temp/mistercore/lbmactwo_MiSTer/rtl/mc68881/vhdl/mc68881_alu.vhd Line: 449
Info (10041): Inferred latch for "sglops_op_reg.FPU_OP_TAN" at mc68881_alu.vhd(449) File: C:/Temp/mistercore/lbmactwo_MiSTer/rtl/mc68881/vhdl/mc68881_alu.vhd Line: 449
Info (10041): Inferred latch for "sglops_op_reg.FPU_OP_COS" at mc68881_alu.vhd(449) File: C:/Temp/mistercore/lbmactwo_MiSTer/rtl/mc68881/vhdl/mc68881_alu.vhd Line: 449
Info (10041): Inferred latch for "sglops_op_reg.FPU_OP_SIN" at mc68881_alu.vhd(449) File: C:/Temp/mistercore/lbmactwo_MiSTer/rtl/mc68881/vhdl/mc68881_alu.vhd Line: 449
Info (10041): Inferred latch for "sglops_op_reg.FPU_OP_SGLMUL" at mc68881_alu.vhd(449) File: C:/Temp/mistercore/lbmactwo_MiSTer/rtl/mc68881/vhdl/mc68881_alu.vhd Line: 449
Info (10041): Inferred latch for "sglops_op_reg.FPU_OP_SGLDIV" at mc68881_alu.vhd(449) File: C:/Temp/mistercore/lbmactwo_MiSTer/rtl/mc68881/vhdl/mc68881_alu.vhd Line: 449
Info (10041): Inferred latch for "sglops_op_reg.FPU_OP_SCALE" at mc68881_alu.vhd(449) File: C:/Temp/mistercore/lbmactwo_MiSTer/rtl/mc68881/vhdl/mc68881_alu.vhd Line: 449
Info (10041): Inferred latch for "sglops_op_reg.FPU_OP_REM" at mc68881_alu.vhd(449) File: C:/Temp/mistercore/lbmactwo_MiSTer/rtl/mc68881/vhdl/mc68881_alu.vhd Line: 449
Info (10041): Inferred latch for "sglops_op_reg.FPU_OP_MOD" at mc68881_alu.vhd(449) File: C:/Temp/mistercore/lbmactwo_MiSTer/rtl/mc68881/vhdl/mc68881_alu.vhd Line: 449
Info (10041): Inferred latch for "sglops_op_reg.FPU_OP_CMP" at mc68881_alu.vhd(449) File: C:/Temp/mistercore/lbmactwo_MiSTer/rtl/mc68881/vhdl/mc68881_alu.vhd Line: 449
Info (10041): Inferred latch for "sglops_op_reg.FPU_OP_SQRT" at mc68881_alu.vhd(449) File: C:/Temp/mistercore/lbmactwo_MiSTer/rtl/mc68881/vhdl/mc68881_alu.vhd Line: 449
Info (10041): Inferred latch for "sglops_op_reg.FPU_OP_DIV" at mc68881_alu.vhd(449) File: C:/Temp/mistercore/lbmactwo_MiSTer/rtl/mc68881/vhdl/mc68881_alu.vhd Line: 449
Info (10041): Inferred latch for "sglops_op_reg.FPU_OP_MUL" at mc68881_alu.vhd(449) File: C:/Temp/mistercore/lbmactwo_MiSTer/rtl/mc68881/vhdl/mc68881_alu.vhd Line: 449
Info (10041): Inferred latch for "sglops_op_reg.FPU_OP_SUB" at mc68881_alu.vhd(449) File: C:/Temp/mistercore/lbmactwo_MiSTer/rtl/mc68881/vhdl/mc68881_alu.vhd Line: 449
Info (10041): Inferred latch for "sglops_op_reg.FPU_OP_ADD" at mc68881_alu.vhd(449) File: C:/Temp/mistercore/lbmactwo_MiSTer/rtl/mc68881/vhdl/mc68881_alu.vhd Line: 449
Info (10041): Inferred latch for "sglops_op_reg.FPU_OP_NOP" at mc68881_alu.vhd(449) File: C:/Temp/mistercore/lbmactwo_MiSTer/rtl/mc68881/vhdl/mc68881_alu.vhd Line: 449
Info (10041): Inferred latch for "divrem_rp_reg.FP_PREC_RESERVED" at mc68881_alu.vhd(449) File: C:/Temp/mistercore/lbmactwo_MiSTer/rtl/mc68881/vhdl/mc68881_alu.vhd Line: 449
Info (10041): Inferred latch for "divrem_rp_reg.FP_PREC_DOUBLE" at mc68881_alu.vhd(449) File: C:/Temp/mistercore/lbmactwo_MiSTer/rtl/mc68881/vhdl/mc68881_alu.vhd Line: 449
Info (10041): Inferred latch for "divrem_rp_reg.FP_PREC_SINGLE" at mc68881_alu.vhd(449) File: C:/Temp/mistercore/lbmactwo_MiSTer/rtl/mc68881/vhdl/mc68881_alu.vhd Line: 449
Info (10041): Inferred latch for "divrem_rp_reg.FP_PREC_EXTENDED" at mc68881_alu.vhd(449) File: C:/Temp/mistercore/lbmactwo_MiSTer/rtl/mc68881/vhdl/mc68881_alu.vhd Line: 449
Info (10041): Inferred latch for "divrem_rm_reg.FP_RND_PLUS_INF" at mc68881_alu.vhd(449) File: C:/Temp/mistercore/lbmactwo_MiSTer/rtl/mc68881/vhdl/mc68881_alu.vhd Line: 449
Info (10041): Inferred latch for "divrem_rm_reg.FP_RND_MINUS_INF" at mc68881_alu.vhd(449) File: C:/Temp/mistercore/lbmactwo_MiSTer/rtl/mc68881/vhdl/mc68881_alu.vhd Line: 449
Info (10041): Inferred latch for "divrem_rm_reg.FP_RND_ZERO" at mc68881_alu.vhd(449) File: C:/Temp/mistercore/lbmactwo_MiSTer/rtl/mc68881/vhdl/mc68881_alu.vhd Line: 449
Info (10041): Inferred latch for "divrem_rm_reg.FP_RND_NEAREST" at mc68881_alu.vhd(449) File: C:/Temp/mistercore/lbmactwo_MiSTer/rtl/mc68881/vhdl/mc68881_alu.vhd Line: 449
Info (10041): Inferred latch for "divrem_op_reg.FPU_OP_FRESTORE" at mc68881_alu.vhd(449) File: C:/Temp/mistercore/lbmactwo_MiSTer/rtl/mc68881/vhdl/mc68881_alu.vhd Line: 449
Info (10041): Inferred latch for "divrem_op_reg.FPU_OP_FSAVE" at mc68881_alu.vhd(449) File: C:/Temp/mistercore/lbmactwo_MiSTer/rtl/mc68881/vhdl/mc68881_alu.vhd Line: 449
Info (10041): Inferred latch for "divrem_op_reg.FPU_OP_FTRAPCC" at mc68881_alu.vhd(449) File: C:/Temp/mistercore/lbmactwo_MiSTer/rtl/mc68881/vhdl/mc68881_alu.vhd Line: 449
Info (10041): Inferred latch for "divrem_op_reg.FPU_OP_FNOP" at mc68881_alu.vhd(449) File: C:/Temp/mistercore/lbmactwo_MiSTer/rtl/mc68881/vhdl/mc68881_alu.vhd Line: 449
Info (10041): Inferred latch for "divrem_op_reg.FPU_OP_FDBCC" at mc68881_alu.vhd(449) File: C:/Temp/mistercore/lbmactwo_MiSTer/rtl/mc68881/vhdl/mc68881_alu.vhd Line: 449
Info (10041): Inferred latch for "divrem_op_reg.FPU_OP_FBCC" at mc68881_alu.vhd(449) File: C:/Temp/mistercore/lbmactwo_MiSTer/rtl/mc68881/vhdl/mc68881_alu.vhd Line: 449
Info (10041): Inferred latch for "divrem_op_reg.FPU_OP_FSCC" at mc68881_alu.vhd(449) File: C:/Temp/mistercore/lbmactwo_MiSTer/rtl/mc68881/vhdl/mc68881_alu.vhd Line: 449
Info (10041): Inferred latch for "divrem_op_reg.FPU_OP_MOVEM" at mc68881_alu.vhd(449) File: C:/Temp/mistercore/lbmactwo_MiSTer/rtl/mc68881/vhdl/mc68881_alu.vhd Line: 449
Info (10041): Inferred latch for "divrem_op_reg.FPU_OP_MOVE" at mc68881_alu.vhd(449) File: C:/Temp/mistercore/lbmactwo_MiSTer/rtl/mc68881/vhdl/mc68881_alu.vhd Line: 449
Info (10041): Inferred latch for "divrem_op_reg.FPU_OP_TST" at mc68881_alu.vhd(449) File: C:/Temp/mistercore/lbmactwo_MiSTer/rtl/mc68881/vhdl/mc68881_alu.vhd Line: 449
Info (10041): Inferred latch for "divrem_op_reg.FPU_OP_GETMAN" at mc68881_alu.vhd(449) File: C:/Temp/mistercore/lbmactwo_MiSTer/rtl/mc68881/vhdl/mc68881_alu.vhd Line: 449
Info (10041): Inferred latch for "divrem_op_reg.FPU_OP_GETEXP" at mc68881_alu.vhd(449) File: C:/Temp/mistercore/lbmactwo_MiSTer/rtl/mc68881/vhdl/mc68881_alu.vhd Line: 449
Info (10041): Inferred latch for "divrem_op_reg.FPU_OP_INTRZ" at mc68881_alu.vhd(449) File: C:/Temp/mistercore/lbmactwo_MiSTer/rtl/mc68881/vhdl/mc68881_alu.vhd Line: 449
Info (10041): Inferred latch for "divrem_op_reg.FPU_OP_INT" at mc68881_alu.vhd(449) File: C:/Temp/mistercore/lbmactwo_MiSTer/rtl/mc68881/vhdl/mc68881_alu.vhd Line: 449
Info (10041): Inferred latch for "divrem_op_reg.FPU_OP_NEG" at mc68881_alu.vhd(449) File: C:/Temp/mistercore/lbmactwo_MiSTer/rtl/mc68881/vhdl/mc68881_alu.vhd Line: 449
Info (10041): Inferred latch for "divrem_op_reg.FPU_OP_ABS" at mc68881_alu.vhd(449) File: C:/Temp/mistercore/lbmactwo_MiSTer/rtl/mc68881/vhdl/mc68881_alu.vhd Line: 449
Info (10041): Inferred latch for "divrem_op_reg.FPU_OP_TWOTOX" at mc68881_alu.vhd(449) File: C:/Temp/mistercore/lbmactwo_MiSTer/rtl/mc68881/vhdl/mc68881_alu.vhd Line: 449
Info (10041): Inferred latch for "divrem_op_reg.FPU_OP_TENTOX" at mc68881_alu.vhd(449) File: C:/Temp/mistercore/lbmactwo_MiSTer/rtl/mc68881/vhdl/mc68881_alu.vhd Line: 449
Info (10041): Inferred latch for "divrem_op_reg.FPU_OP_TANH" at mc68881_alu.vhd(449) File: C:/Temp/mistercore/lbmactwo_MiSTer/rtl/mc68881/vhdl/mc68881_alu.vhd Line: 449
Info (10041): Inferred latch for "divrem_op_reg.FPU_OP_SINH" at mc68881_alu.vhd(449) File: C:/Temp/mistercore/lbmactwo_MiSTer/rtl/mc68881/vhdl/mc68881_alu.vhd Line: 449
Info (10041): Inferred latch for "divrem_op_reg.FPU_OP_LOG2" at mc68881_alu.vhd(449) File: C:/Temp/mistercore/lbmactwo_MiSTer/rtl/mc68881/vhdl/mc68881_alu.vhd Line: 449
Info (10041): Inferred latch for "divrem_op_reg.FPU_OP_LOG10" at mc68881_alu.vhd(449) File: C:/Temp/mistercore/lbmactwo_MiSTer/rtl/mc68881/vhdl/mc68881_alu.vhd Line: 449
Info (10041): Inferred latch for "divrem_op_reg.FPU_OP_LOGNP1" at mc68881_alu.vhd(449) File: C:/Temp/mistercore/lbmactwo_MiSTer/rtl/mc68881/vhdl/mc68881_alu.vhd Line: 449
Info (10041): Inferred latch for "divrem_op_reg.FPU_OP_LOGN" at mc68881_alu.vhd(449) File: C:/Temp/mistercore/lbmactwo_MiSTer/rtl/mc68881/vhdl/mc68881_alu.vhd Line: 449
Info (10041): Inferred latch for "divrem_op_reg.FPU_OP_ETOXM1" at mc68881_alu.vhd(449) File: C:/Temp/mistercore/lbmactwo_MiSTer/rtl/mc68881/vhdl/mc68881_alu.vhd Line: 449
Info (10041): Inferred latch for "divrem_op_reg.FPU_OP_ETOX" at mc68881_alu.vhd(449) File: C:/Temp/mistercore/lbmactwo_MiSTer/rtl/mc68881/vhdl/mc68881_alu.vhd Line: 449
Info (10041): Inferred latch for "divrem_op_reg.FPU_OP_COSH" at mc68881_alu.vhd(449) File: C:/Temp/mistercore/lbmactwo_MiSTer/rtl/mc68881/vhdl/mc68881_alu.vhd Line: 449
Info (10041): Inferred latch for "divrem_op_reg.FPU_OP_ATANH" at mc68881_alu.vhd(449) File: C:/Temp/mistercore/lbmactwo_MiSTer/rtl/mc68881/vhdl/mc68881_alu.vhd Line: 449
Info (10041): Inferred latch for "divrem_op_reg.FPU_OP_ATAN" at mc68881_alu.vhd(449) File: C:/Temp/mistercore/lbmactwo_MiSTer/rtl/mc68881/vhdl/mc68881_alu.vhd Line: 449
Info (10041): Inferred latch for "divrem_op_reg.FPU_OP_ASIN" at mc68881_alu.vhd(449) File: C:/Temp/mistercore/lbmactwo_MiSTer/rtl/mc68881/vhdl/mc68881_alu.vhd Line: 449
Info (10041): Inferred latch for "divrem_op_reg.FPU_OP_ACOS" at mc68881_alu.vhd(449) File: C:/Temp/mistercore/lbmactwo_MiSTer/rtl/mc68881/vhdl/mc68881_alu.vhd Line: 449
Info (10041): Inferred latch for "divrem_op_reg.FPU_OP_SINCOS" at mc68881_alu.vhd(449) File: C:/Temp/mistercore/lbmactwo_MiSTer/rtl/mc68881/vhdl/mc68881_alu.vhd Line: 449
Info (10041): Inferred latch for "divrem_op_reg.FPU_OP_TAN" at mc68881_alu.vhd(449) File: C:/Temp/mistercore/lbmactwo_MiSTer/rtl/mc68881/vhdl/mc68881_alu.vhd Line: 449
Info (10041): Inferred latch for "divrem_op_reg.FPU_OP_COS" at mc68881_alu.vhd(449) File: C:/Temp/mistercore/lbmactwo_MiSTer/rtl/mc68881/vhdl/mc68881_alu.vhd Line: 449
Info (10041): Inferred latch for "divrem_op_reg.FPU_OP_SIN" at mc68881_alu.vhd(449) File: C:/Temp/mistercore/lbmactwo_MiSTer/rtl/mc68881/vhdl/mc68881_alu.vhd Line: 449
Info (10041): Inferred latch for "divrem_op_reg.FPU_OP_SGLMUL" at mc68881_alu.vhd(449) File: C:/Temp/mistercore/lbmactwo_MiSTer/rtl/mc68881/vhdl/mc68881_alu.vhd Line: 449
Info (10041): Inferred latch for "divrem_op_reg.FPU_OP_SGLDIV" at mc68881_alu.vhd(449) File: C:/Temp/mistercore/lbmactwo_MiSTer/rtl/mc68881/vhdl/mc68881_alu.vhd Line: 449
Info (10041): Inferred latch for "divrem_op_reg.FPU_OP_SCALE" at mc68881_alu.vhd(449) File: C:/Temp/mistercore/lbmactwo_MiSTer/rtl/mc68881/vhdl/mc68881_alu.vhd Line: 449
Info (10041): Inferred latch for "divrem_op_reg.FPU_OP_REM" at mc68881_alu.vhd(449) File: C:/Temp/mistercore/lbmactwo_MiSTer/rtl/mc68881/vhdl/mc68881_alu.vhd Line: 449
Info (10041): Inferred latch for "divrem_op_reg.FPU_OP_MOD" at mc68881_alu.vhd(449) File: C:/Temp/mistercore/lbmactwo_MiSTer/rtl/mc68881/vhdl/mc68881_alu.vhd Line: 449
Info (10041): Inferred latch for "divrem_op_reg.FPU_OP_CMP" at mc68881_alu.vhd(449) File: C:/Temp/mistercore/lbmactwo_MiSTer/rtl/mc68881/vhdl/mc68881_alu.vhd Line: 449
Info (10041): Inferred latch for "divrem_op_reg.FPU_OP_SQRT" at mc68881_alu.vhd(449) File: C:/Temp/mistercore/lbmactwo_MiSTer/rtl/mc68881/vhdl/mc68881_alu.vhd Line: 449
Info (10041): Inferred latch for "divrem_op_reg.FPU_OP_DIV" at mc68881_alu.vhd(449) File: C:/Temp/mistercore/lbmactwo_MiSTer/rtl/mc68881/vhdl/mc68881_alu.vhd Line: 449
Info (10041): Inferred latch for "divrem_op_reg.FPU_OP_MUL" at mc68881_alu.vhd(449) File: C:/Temp/mistercore/lbmactwo_MiSTer/rtl/mc68881/vhdl/mc68881_alu.vhd Line: 449
Info (10041): Inferred latch for "divrem_op_reg.FPU_OP_SUB" at mc68881_alu.vhd(449) File: C:/Temp/mistercore/lbmactwo_MiSTer/rtl/mc68881/vhdl/mc68881_alu.vhd Line: 449
Info (10041): Inferred latch for "divrem_op_reg.FPU_OP_ADD" at mc68881_alu.vhd(449) File: C:/Temp/mistercore/lbmactwo_MiSTer/rtl/mc68881/vhdl/mc68881_alu.vhd Line: 449
Info (10041): Inferred latch for "divrem_op_reg.FPU_OP_NOP" at mc68881_alu.vhd(449) File: C:/Temp/mistercore/lbmactwo_MiSTer/rtl/mc68881/vhdl/mc68881_alu.vhd Line: 449
Info (12128): Elaborating entity "mc68881_fp80_mul_unit" for hierarchy "emu:emu|mc68881_fpu_lite:fpu_inst|mc68881_top:u_fpu|mc68881_alu:alu_inst|mc68881_fp80_mul_unit:alu_mul_inst" File: C:/Temp/mistercore/lbmactwo_MiSTer/rtl/mc68881/vhdl/mc68881_alu.vhd Line: 412
Warning (10542): VHDL Variable Declaration warning at mc68881_pkg.vhd(2167): used initial value expression for variable "value_u" because variable was never assigned a value File: C:/Temp/mistercore/lbmactwo_MiSTer/rtl/mc68881/vhdl/mc68881_pkg.vhd Line: 2167
Warning (10542): VHDL Variable Declaration warning at mc68881_pkg.vhd(2158): used initial value expression for variable "value_u" because variable was never assigned a value File: C:/Temp/mistercore/lbmactwo_MiSTer/rtl/mc68881/vhdl/mc68881_pkg.vhd Line: 2158
Warning (10542): VHDL Variable Declaration warning at mc68881_pkg.vhd(2211): used initial value expression for variable "a_is_snan" because variable was never assigned a value File: C:/Temp/mistercore/lbmactwo_MiSTer/rtl/mc68881/vhdl/mc68881_pkg.vhd Line: 2211
Warning (10542): VHDL Variable Declaration warning at mc68881_pkg.vhd(2174): used initial value expression for variable "value_u" because variable was never assigned a value File: C:/Temp/mistercore/lbmactwo_MiSTer/rtl/mc68881/vhdl/mc68881_pkg.vhd Line: 2174
Warning (10542): VHDL Variable Declaration warning at mc68881_pkg.vhd(2212): used initial value expression for variable "b_is_snan" because variable was never assigned a value File: C:/Temp/mistercore/lbmactwo_MiSTer/rtl/mc68881/vhdl/mc68881_pkg.vhd Line: 2212
Warning (10542): VHDL Variable Declaration warning at mc68881_pkg.vhd(2152): used initial value expression for variable "value_u" because variable was never assigned a value File: C:/Temp/mistercore/lbmactwo_MiSTer/rtl/mc68881/vhdl/mc68881_pkg.vhd Line: 2152
Info (12128): Elaborating entity "mc68881_fp80_addsub_unit" for hierarchy "emu:emu|mc68881_fpu_lite:fpu_inst|mc68881_top:u_fpu|mc68881_alu:alu_inst|mc68881_fp80_addsub_unit:alu_add_inst" File: C:/Temp/mistercore/lbmactwo_MiSTer/rtl/mc68881/vhdl/mc68881_alu.vhd Line: 422
Warning (10542): VHDL Variable Declaration warning at mc68881_pkg.vhd(2167): used initial value expression for variable "value_u" because variable was never assigned a value File: C:/Temp/mistercore/lbmactwo_MiSTer/rtl/mc68881/vhdl/mc68881_pkg.vhd Line: 2167
Warning (10542): VHDL Variable Declaration warning at mc68881_pkg.vhd(2158): used initial value expression for variable "value_u" because variable was never assigned a value File: C:/Temp/mistercore/lbmactwo_MiSTer/rtl/mc68881/vhdl/mc68881_pkg.vhd Line: 2158
Warning (10542): VHDL Variable Declaration warning at mc68881_pkg.vhd(2211): used initial value expression for variable "a_is_snan" because variable was never assigned a value File: C:/Temp/mistercore/lbmactwo_MiSTer/rtl/mc68881/vhdl/mc68881_pkg.vhd Line: 2211
Warning (10542): VHDL Variable Declaration warning at mc68881_pkg.vhd(2174): used initial value expression for variable "value_u" because variable was never assigned a value File: C:/Temp/mistercore/lbmactwo_MiSTer/rtl/mc68881/vhdl/mc68881_pkg.vhd Line: 2174
Warning (10542): VHDL Variable Declaration warning at mc68881_pkg.vhd(2212): used initial value expression for variable "b_is_snan" because variable was never assigned a value File: C:/Temp/mistercore/lbmactwo_MiSTer/rtl/mc68881/vhdl/mc68881_pkg.vhd Line: 2212
Info (12128): Elaborating entity "addrController_top" for hierarchy "emu:emu|addrController_top:ac0" File: C:/Temp/mistercore/lbmactwo_MiSTer/LBMacTwo.sv Line: 771
Warning (10036): Verilog HDL or VHDL warning at addrController_top.v(124): object "ram_access" assigned a value but never read File: C:/Temp/mistercore/lbmactwo_MiSTer/rtl/addrController_top.v Line: 124
Info (12128): Elaborating entity "addrDecoder" for hierarchy "emu:emu|addrController_top:ac0|addrDecoder:ad" File: C:/Temp/mistercore/lbmactwo_MiSTer/rtl/addrController_top.v Line: 180
Info (12128): Elaborating entity "videoTimer" for hierarchy "emu:emu|addrController_top:ac0|videoTimer:vt" File: C:/Temp/mistercore/lbmactwo_MiSTer/rtl/addrController_top.v Line: 193
Info (12128): Elaborating entity "nubus_video_mdc824" for hierarchy "emu:emu|nubus_video_mdc824:nubus_card" File: C:/Temp/mistercore/lbmactwo_MiSTer/LBMacTwo.sv Line: 830
Warning (10036): Verilog HDL or VHDL warning at nubus_video_mdc824.sv(184): object "ctrl_high_sense" assigned a value but never read File: C:/Temp/mistercore/lbmactwo_MiSTer/rtl/nubus/nubus_video_mdc824.sv Line: 184
Warning (10030): Net "rom.data_a" at nubus_video_mdc824.sv(141) has no driver or initial value, using a default initial value '0' File: C:/Temp/mistercore/lbmactwo_MiSTer/rtl/nubus/nubus_video_mdc824.sv Line: 141
Warning (10030): Net "rom.waddr_a" at nubus_video_mdc824.sv(141) has no driver or initial value, using a default initial value '0' File: C:/Temp/mistercore/lbmactwo_MiSTer/rtl/nubus/nubus_video_mdc824.sv Line: 141
Warning (10030): Net "rom.we_a" at nubus_video_mdc824.sv(141) has no driver or initial value, using a default initial value '0' File: C:/Temp/mistercore/lbmactwo_MiSTer/rtl/nubus/nubus_video_mdc824.sv Line: 141
Info (12128): Elaborating entity "dataController_top" for hierarchy "emu:emu|dataController_top:dc0" File: C:/Temp/mistercore/lbmactwo_MiSTer/LBMacTwo.sv Line: 960
Warning (10036): Verilog HDL or VHDL warning at dataController_top.sv(274): object "onesec" assigned a value but never read File: C:/Temp/mistercore/lbmactwo_MiSTer/rtl/dataController_top.sv Line: 274
Warning (10036): Verilog HDL or VHDL warning at dataController_top.sv(277): object "SEOverlay" assigned a value but never read File: C:/Temp/mistercore/lbmactwo_MiSTer/rtl/dataController_top.sv Line: 277
Warning (10036): Verilog HDL or VHDL warning at dataController_top.sv(782): object "adb_recv_pending" assigned a value but never read File: C:/Temp/mistercore/lbmactwo_MiSTer/rtl/dataController_top.sv Line: 782
Warning (10036): Verilog HDL or VHDL warning at dataController_top.sv(827): object "ADBListenD" assigned a value but never read File: C:/Temp/mistercore/lbmactwo_MiSTer/rtl/dataController_top.sv Line: 827
Warning (10036): Verilog HDL or VHDL warning at dataController_top.sv(828): object "via1_sr_active_d" assigned a value but never read File: C:/Temp/mistercore/lbmactwo_MiSTer/rtl/dataController_top.sv Line: 828
Info (12128): Elaborating entity "ncr5380" for hierarchy "emu:emu|dataController_top:dc0|ncr5380:scsi" File: C:/Temp/mistercore/lbmactwo_MiSTer/rtl/dataController_top.sv Line: 240
Warning (10036): Verilog HDL or VHDL warning at ncr5380.sv(123): object "dma_second_word_latched" assigned a value but never read File: C:/Temp/mistercore/lbmactwo_MiSTer/rtl/ncr5380.sv Line: 123
Warning (10230): Verilog HDL assignment warning at ncr5380.sv(248): truncated value with size 16 to match size of target (8) File: C:/Temp/mistercore/lbmactwo_MiSTer/rtl/ncr5380.sv Line: 248
Warning (10230): Verilog HDL assignment warning at ncr5380.sv(257): truncated value with size 16 to match size of target (8) File: C:/Temp/mistercore/lbmactwo_MiSTer/rtl/ncr5380.sv Line: 257
Info (12128): Elaborating entity "scsi_empty_cd" for hierarchy "emu:emu|dataController_top:dc0|ncr5380:scsi|scsi_empty_cd:empty_cd" File: C:/Temp/mistercore/lbmactwo_MiSTer/rtl/ncr5380.sv Line: 445
Info (12128): Elaborating entity "scsi" for hierarchy "emu:emu|dataController_top:dc0|ncr5380:scsi|scsi:target[0].target" File: C:/Temp/mistercore/lbmactwo_MiSTer/rtl/ncr5380.sv Line: 496
Info (12128): Elaborating entity "scsi_dpram" for hierarchy "emu:emu|dataController_top:dc0|ncr5380:scsi|scsi:target[0].target|scsi_dpram:buffer0" File: C:/Temp/mistercore/lbmactwo_MiSTer/rtl/scsi.v Line: 119
Info (12128): Elaborating entity "scsi" for hierarchy "emu:emu|dataController_top:dc0|ncr5380:scsi|scsi:target[1].target" File: C:/Temp/mistercore/lbmactwo_MiSTer/rtl/ncr5380.sv Line: 496
Info (12128): Elaborating entity "altsource_probe" for hierarchy "emu:emu|dataController_top:dc0|ncr5380:scsi|altsource_probe:cp_pwr" File: C:/Temp/mistercore/lbmactwo_MiSTer/rtl/ncr5380.sv Line: 535
Info (12130): Elaborated megafunction instantiation "emu:emu|dataController_top:dc0|ncr5380:scsi|altsource_probe:cp_pwr" File: C:/Temp/mistercore/lbmactwo_MiSTer/rtl/ncr5380.sv Line: 535
Info (12133): Instantiated megafunction "emu:emu|dataController_top:dc0|ncr5380:scsi|altsource_probe:cp_pwr" with the following parameter: File: C:/Temp/mistercore/lbmactwo_MiSTer/rtl/ncr5380.sv Line: 535
    Info (12134): Parameter "instance_id" = "PWR2"
    Info (12134): Parameter "probe_width" = "32"
    Info (12134): Parameter "source_width" = "1"
    Info (12134): Parameter "sld_auto_instance_index" = "YES"
Info (12128): Elaborating entity "sld_jtag_endpoint_adapter" for hierarchy "emu:emu|dataController_top:dc0|ncr5380:scsi|altsource_probe:cp_pwr|sld_jtag_endpoint_adapter:jtag_signal_adapter" File: c:/intelfpga_lite/17.0/quartus/libraries/megafunctions/altsource_probe.v Line: 169
Info (12128): Elaborating entity "sld_jtag_endpoint_adapter_impl" for hierarchy "emu:emu|dataController_top:dc0|ncr5380:scsi|altsource_probe:cp_pwr|sld_jtag_endpoint_adapter:jtag_signal_adapter|sld_jtag_endpoint_adapter_impl:sld_jtag_endpoint_adapter_impl_inst" File: c:/intelfpga_lite/17.0/quartus/libraries/megafunctions/sld_jtag_endpoint_adapter.vhd Line: 232
Info (12128): Elaborating entity "altsource_probe_body" for hierarchy "emu:emu|dataController_top:dc0|ncr5380:scsi|altsource_probe:cp_pwr|altsource_probe_body:altsource_probe_body_inst" File: c:/intelfpga_lite/17.0/quartus/libraries/megafunctions/altsource_probe.v Line: 205
Info (12128): Elaborating entity "altsource_probe_impl" for hierarchy "emu:emu|dataController_top:dc0|ncr5380:scsi|altsource_probe:cp_pwr|altsource_probe_body:altsource_probe_body_inst|altsource_probe_impl:\wider_probe_gen:wider_probe_inst" File: c:/intelfpga_lite/17.0/quartus/libraries/megafunctions/altsource_probe_body.vhd Line: 508
Info (12128): Elaborating entity "sld_rom_sr" for hierarchy "emu:emu|dataController_top:dc0|ncr5380:scsi|altsource_probe:cp_pwr|altsource_probe_body:altsource_probe_body_inst|altsource_probe_impl:\wider_probe_gen:wider_probe_inst|sld_rom_sr:\instance_id_gen:rom_info_inst" File: c:/intelfpga_lite/17.0/quartus/libraries/megafunctions/altsource_probe_body.vhd Line: 756
Info (12128): Elaborating entity "altsource_probe" for hierarchy "emu:emu|dataController_top:dc0|ncr5380:scsi|altsource_probe:cp_psel" File: C:/Temp/mistercore/lbmactwo_MiSTer/rtl/ncr5380.sv Line: 546
Info (12130): Elaborated megafunction instantiation "emu:emu|dataController_top:dc0|ncr5380:scsi|altsource_probe:cp_psel" File: C:/Temp/mistercore/lbmactwo_MiSTer/rtl/ncr5380.sv Line: 546
Info (12133): Instantiated megafunction "emu:emu|dataController_top:dc0|ncr5380:scsi|altsource_probe:cp_psel" with the following parameter: File: C:/Temp/mistercore/lbmactwo_MiSTer/rtl/ncr5380.sv Line: 546
    Info (12134): Parameter "instance_id" = "PSEL"
    Info (12134): Parameter "probe_width" = "32"
    Info (12134): Parameter "source_width" = "1"
    Info (12134): Parameter "sld_auto_instance_index" = "YES"
Info (12128): Elaborating entity "altsource_probe_body" for hierarchy "emu:emu|dataController_top:dc0|ncr5380:scsi|altsource_probe:cp_psel|altsource_probe_body:altsource_probe_body_inst" File: c:/intelfpga_lite/17.0/quartus/libraries/megafunctions/altsource_probe.v Line: 205
Info (12128): Elaborating entity "altsource_probe_impl" for hierarchy "emu:emu|dataController_top:dc0|ncr5380:scsi|altsource_probe:cp_psel|altsource_probe_body:altsource_probe_body_inst|altsource_probe_impl:\wider_probe_gen:wider_probe_inst" File: c:/intelfpga_lite/17.0/quartus/libraries/megafunctions/altsource_probe_body.vhd Line: 508
Info (12128): Elaborating entity "asc" for hierarchy "emu:emu|dataController_top:dc0|asc:asc_inst" File: C:/Temp/mistercore/lbmactwo_MiSTer/rtl/dataController_top.sv Line: 256
Warning (10036): Verilog HDL or VHDL warning at asc.sv(157): object "ch_num" assigned a value but never read File: C:/Temp/mistercore/lbmactwo_MiSTer/rtl/asc.sv Line: 157
Warning (10036): Verilog HDL or VHDL warning at asc.sv(158): object "ch_is_freq" assigned a value but never read File: C:/Temp/mistercore/lbmactwo_MiSTer/rtl/asc.sv Line: 158
Warning (10036): Verilog HDL or VHDL warning at asc.sv(159): object "ch_byte" assigned a value but never read File: C:/Temp/mistercore/lbmactwo_MiSTer/rtl/asc.sv Line: 159
Warning (10036): Verilog HDL or VHDL warning at asc.sv(164): object "cpu_read_d2" assigned a value but never read File: C:/Temp/mistercore/lbmactwo_MiSTer/rtl/asc.sv Line: 164
Info (12128): Elaborating entity "via6522" for hierarchy "emu:emu|dataController_top:dc0|via6522:via" File: C:/Temp/mistercore/lbmactwo_MiSTer/rtl/dataController_top.sv Line: 409
Warning (10036): Verilog HDL or VHDL warning at via6522.sv(100): object "ca2_event" assigned a value but never read File: C:/Temp/mistercore/lbmactwo_MiSTer/rtl/via6522.sv Line: 100
Warning (10036): Verilog HDL or VHDL warning at via6522.sv(105): object "cb2_event" assigned a value but never read File: C:/Temp/mistercore/lbmactwo_MiSTer/rtl/via6522.sv Line: 105
Warning (10036): Verilog HDL or VHDL warning at via6522.sv(111): object "ca2_flag" assigned a value but never read File: C:/Temp/mistercore/lbmactwo_MiSTer/rtl/via6522.sv Line: 111
Warning (10036): Verilog HDL or VHDL warning at via6522.sv(112): object "ca1_flag" assigned a value but never read File: C:/Temp/mistercore/lbmactwo_MiSTer/rtl/via6522.sv Line: 112
Warning (10036): Verilog HDL or VHDL warning at via6522.sv(113): object "serial_flag" assigned a value but never read File: C:/Temp/mistercore/lbmactwo_MiSTer/rtl/via6522.sv Line: 113
Warning (10036): Verilog HDL or VHDL warning at via6522.sv(114): object "cb2_flag" assigned a value but never read File: C:/Temp/mistercore/lbmactwo_MiSTer/rtl/via6522.sv Line: 114
Warning (10036): Verilog HDL or VHDL warning at via6522.sv(115): object "cb1_flag" assigned a value but never read File: C:/Temp/mistercore/lbmactwo_MiSTer/rtl/via6522.sv Line: 115
Warning (10036): Verilog HDL or VHDL warning at via6522.sv(116): object "timer_b_flag" assigned a value but never read File: C:/Temp/mistercore/lbmactwo_MiSTer/rtl/via6522.sv Line: 116
Warning (10036): Verilog HDL or VHDL warning at via6522.sv(117): object "timer_a_flag" assigned a value but never read File: C:/Temp/mistercore/lbmactwo_MiSTer/rtl/via6522.sv Line: 117
Info (12128): Elaborating entity "rtc" for hierarchy "emu:emu|dataController_top:dc0|rtc:pram" File: C:/Temp/mistercore/lbmactwo_MiSTer/rtl/dataController_top.sv Line: 563
Info (10264): Verilog HDL Case Statement information at rtc.v(169): all case item expressions in this case statement are onehot File: C:/Temp/mistercore/lbmactwo_MiSTer/rtl/rtc.v Line: 169
Info (12128): Elaborating entity "iwm" for hierarchy "emu:emu|dataController_top:dc0|iwm:i" File: C:/Temp/mistercore/lbmactwo_MiSTer/rtl/dataController_top.sv Line: 956
Warning (10036): Verilog HDL or VHDL warning at iwm.v(142): object "diskEnableIntNext" assigned a value but never read File: C:/Temp/mistercore/lbmactwo_MiSTer/rtl/iwm.v Line: 142
Warning (10036): Verilog HDL or VHDL warning at iwm.v(143): object "diskEnableExtNext" assigned a value but never read File: C:/Temp/mistercore/lbmactwo_MiSTer/rtl/iwm.v Line: 143
Info (12128): Elaborating entity "floppy" for hierarchy "emu:emu|dataController_top:dc0|iwm:i|floppy:floppyInt" File: C:/Temp/mistercore/lbmactwo_MiSTer/rtl/iwm.v Line: 187
Warning (10036): Verilog HDL or VHDL warning at floppy.v(148): object "driveRegsAsRead" assigned a value but never read File: C:/Temp/mistercore/lbmactwo_MiSTer/rtl/floppy.v Line: 148
Info (12128): Elaborating entity "floppy_track_encoder" for hierarchy "emu:emu|dataController_top:dc0|iwm:i|floppy:floppyInt|floppy_track_encoder:enc" File: C:/Temp/mistercore/lbmactwo_MiSTer/rtl/floppy.v Line: 178
Info (12128): Elaborating entity "scc" for hierarchy "emu:emu|dataController_top:dc0|scc:s" File: C:/Temp/mistercore/lbmactwo_MiSTer/rtl/dataController_top.sv Line: 977
Warning (10036): Verilog HDL or VHDL warning at scc.v(121): object "wr8_a" assigned a value but never read File: C:/Temp/mistercore/lbmactwo_MiSTer/rtl/scc.v Line: 121
Warning (10036): Verilog HDL or VHDL warning at scc.v(122): object "wr8_b" assigned a value but never read File: C:/Temp/mistercore/lbmactwo_MiSTer/rtl/scc.v Line: 122
Warning (10036): Verilog HDL or VHDL warning at scc.v(171): object "wr8_wr_a" assigned a value but never read File: C:/Temp/mistercore/lbmactwo_MiSTer/rtl/scc.v Line: 171
Warning (10036): Verilog HDL or VHDL warning at scc.v(172): object "wr8_wr_b" assigned a value but never read File: C:/Temp/mistercore/lbmactwo_MiSTer/rtl/scc.v Line: 172
Warning (10036): Verilog HDL or VHDL warning at scc.v(1059): object "cts_interrupt" assigned a value but never read File: C:/Temp/mistercore/lbmactwo_MiSTer/rtl/scc.v Line: 1059
Warning (10036): Verilog HDL or VHDL warning at scc.v(1287): object "stop_bits_a" assigned a value but never read File: C:/Temp/mistercore/lbmactwo_MiSTer/rtl/scc.v Line: 1287
Warning (10036): Verilog HDL or VHDL warning at scc.v(1293): object "stop_bits_b" assigned a value but never read File: C:/Temp/mistercore/lbmactwo_MiSTer/rtl/scc.v Line: 1293
Warning (10036): Verilog HDL or VHDL warning at scc.v(1429): object "auto_echo_a" assigned a value but never read File: C:/Temp/mistercore/lbmactwo_MiSTer/rtl/scc.v Line: 1429
Warning (10036): Verilog HDL or VHDL warning at scc.v(1463): object "auto_echo_b" assigned a value but never read File: C:/Temp/mistercore/lbmactwo_MiSTer/rtl/scc.v Line: 1463
Warning (10036): Verilog HDL or VHDL warning at scc.v(1574): object "uart_tx_data_a" assigned a value but never read File: C:/Temp/mistercore/lbmactwo_MiSTer/rtl/scc.v Line: 1574
Warning (10036): Verilog HDL or VHDL warning at scc.v(1575): object "uart_tx_data_b" assigned a value but never read File: C:/Temp/mistercore/lbmactwo_MiSTer/rtl/scc.v Line: 1575
Warning (10036): Verilog HDL or VHDL warning at scc.v(1719): object "cts_b" assigned a value but never read File: C:/Temp/mistercore/lbmactwo_MiSTer/rtl/scc.v Line: 1719
Warning (10230): Verilog HDL assignment warning at scc.v(222): truncated value with size 32 to match size of target (2) File: C:/Temp/mistercore/lbmactwo_MiSTer/rtl/scc.v Line: 222
Warning (10230): Verilog HDL assignment warning at scc.v(238): truncated value with size 32 to match size of target (2) File: C:/Temp/mistercore/lbmactwo_MiSTer/rtl/scc.v Line: 238
Warning (10230): Verilog HDL assignment warning at scc.v(416): truncated value with size 32 to match size of target (2) File: C:/Temp/mistercore/lbmactwo_MiSTer/rtl/scc.v Line: 416
Warning (10230): Verilog HDL assignment warning at scc.v(431): truncated value with size 32 to match size of target (2) File: C:/Temp/mistercore/lbmactwo_MiSTer/rtl/scc.v Line: 431
Info (12128): Elaborating entity "rxuart" for hierarchy "emu:emu|dataController_top:dc0|scc:s|rxuart:rxuart_a" File: C:/Temp/mistercore/lbmactwo_MiSTer/rtl/scc.v Line: 1656
Warning (10230): Verilog HDL assignment warning at rxuart.v(186): truncated value with size 32 to match size of target (28) File: C:/Temp/mistercore/lbmactwo_MiSTer/rtl/uart/rxuart.v Line: 186
Warning (10230): Verilog HDL assignment warning at rxuart.v(298): truncated value with size 32 to match size of target (4) File: C:/Temp/mistercore/lbmactwo_MiSTer/rtl/uart/rxuart.v Line: 298
Info (12128): Elaborating entity "txuart" for hierarchy "emu:emu|dataController_top:dc0|scc:s|txuart:txuart_a" File: C:/Temp/mistercore/lbmactwo_MiSTer/rtl/scc.v Line: 1679
Warning (10036): Verilog HDL or VHDL warning at txuart.v(405): object "unused" assigned a value but never read File: C:/Temp/mistercore/lbmactwo_MiSTer/rtl/uart/txuart.v Line: 405
Warning (10230): Verilog HDL assignment warning at txuart.v(220): truncated value with size 32 to match size of target (4) File: C:/Temp/mistercore/lbmactwo_MiSTer/rtl/uart/txuart.v Line: 220
Info (12128): Elaborating entity "videoShifter" for hierarchy "emu:emu|dataController_top:dc0|videoShifter:vs" File: C:/Temp/mistercore/lbmactwo_MiSTer/rtl/dataController_top.sv Line: 985
Info (12128): Elaborating entity "ps2_mouse" for hierarchy "emu:emu|dataController_top:dc0|ps2_mouse:mouse" File: C:/Temp/mistercore/lbmactwo_MiSTer/rtl/dataController_top.sv Line: 997
Info (12128): Elaborating entity "ps2_kbd" for hierarchy "emu:emu|dataController_top:dc0|ps2_kbd:kbd" File: C:/Temp/mistercore/lbmactwo_MiSTer/rtl/dataController_top.sv Line: 1015
Warning (10030): Net "code.data_a" at ps2_kbd.sv(130) has no driver or initial value, using a default initial value '0' File: C:/Temp/mistercore/lbmactwo_MiSTer/rtl/ps2_kbd.sv Line: 130
Warning (10030): Net "code.waddr_a" at ps2_kbd.sv(130) has no driver or initial value, using a default initial value '0' File: C:/Temp/mistercore/lbmactwo_MiSTer/rtl/ps2_kbd.sv Line: 130
Warning (10030): Net "code.we_a" at ps2_kbd.sv(130) has no driver or initial value, using a default initial value '0' File: C:/Temp/mistercore/lbmactwo_MiSTer/rtl/ps2_kbd.sv Line: 130
Info (12128): Elaborating entity "adb" for hierarchy "emu:emu|dataController_top:dc0|adb:adb" File: C:/Temp/mistercore/lbmactwo_MiSTer/rtl/dataController_top.sv Line: 1040
Warning (10036): Verilog HDL or VHDL warning at adb.sv(94): object "kbdReg0" assigned a value but never read File: C:/Temp/mistercore/lbmactwo_MiSTer/rtl/adb.sv Line: 94
Warning (10030): Net "response[2..7]" at adb.sv(68) has no driver or initial value, using a default initial value '0' File: C:/Temp/mistercore/lbmactwo_MiSTer/rtl/adb.sv Line: 68
Info (12128): Elaborating entity "vram_ram" for hierarchy "emu:emu|vram_ram:vram_inst" File: C:/Temp/mistercore/lbmactwo_MiSTer/LBMacTwo.sv Line: 1218
Info (12128): Elaborating entity "sdram" for hierarchy "emu:emu|sdram:sdram" File: C:/Temp/mistercore/lbmactwo_MiSTer/LBMacTwo.sv Line: 1251
Info (12128): Elaborating entity "sdram_arbiter" for hierarchy "emu:emu|sdram_arbiter:arbiter" File: C:/Temp/mistercore/lbmactwo_MiSTer/LBMacTwo.sv Line: 1294
Info (12128): Elaborating entity "dbg_min" for hierarchy "emu:emu|dbg_min:dbg_min_inst" File: C:/Temp/mistercore/lbmactwo_MiSTer/LBMacTwo.sv Line: 1369
Warning (10036): Verilog HDL or VHDL warning at dbg_min.sv(198): object "vid_r" assigned a value but never read File: C:/Temp/mistercore/lbmactwo_MiSTer/rtl/dbg_min.sv Line: 198
Warning (10036): Verilog HDL or VHDL warning at dbg_min.sv(201): object "vfetch_r" assigned a value but never read File: C:/Temp/mistercore/lbmactwo_MiSTer/rtl/dbg_min.sv Line: 201
Warning (10036): Verilog HDL or VHDL warning at dbg_min.sv(240): object "scsi_r" assigned a value but never read File: C:/Temp/mistercore/lbmactwo_MiSTer/rtl/dbg_min.sv Line: 240
Warning (10036): Verilog HDL or VHDL warning at dbg_min.sv(272): object "scsi2_r" assigned a value but never read File: C:/Temp/mistercore/lbmactwo_MiSTer/rtl/dbg_min.sv Line: 272
Warning (10036): Verilog HDL or VHDL warning at dbg_min.sv(302): object "scsi3_r" assigned a value but never read File: C:/Temp/mistercore/lbmactwo_MiSTer/rtl/dbg_min.sv Line: 302
Warning (10036): Verilog HDL or VHDL warning at dbg_min.sv(318): object "scsi4_r" assigned a value but never read File: C:/Temp/mistercore/lbmactwo_MiSTer/rtl/dbg_min.sv Line: 318
Warning (10036): Verilog HDL or VHDL warning at dbg_min.sv(331): object "scsi5_r" assigned a value but never read File: C:/Temp/mistercore/lbmactwo_MiSTer/rtl/dbg_min.sv Line: 331
Warning (10036): Verilog HDL or VHDL warning at dbg_min.sv(345): object "scsi7_r" assigned a value but never read File: C:/Temp/mistercore/lbmactwo_MiSTer/rtl/dbg_min.sv Line: 345
Warning (10036): Verilog HDL or VHDL warning at dbg_min.sv(358): object "scsi6_r" assigned a value but never read File: C:/Temp/mistercore/lbmactwo_MiSTer/rtl/dbg_min.sv Line: 358
Warning (10036): Verilog HDL or VHDL warning at dbg_min.sv(381): object "disk_r" assigned a value but never read File: C:/Temp/mistercore/lbmactwo_MiSTer/rtl/dbg_min.sv Line: 381
Warning (10036): Verilog HDL or VHDL warning at dbg_min.sv(410): object "idx1_r" assigned a value but never read File: C:/Temp/mistercore/lbmactwo_MiSTer/rtl/dbg_min.sv Line: 410
Warning (10036): Verilog HDL or VHDL warning at dbg_min.sv(410): object "idx0_r" assigned a value but never read File: C:/Temp/mistercore/lbmactwo_MiSTer/rtl/dbg_min.sv Line: 410
Warning (10036): Verilog HDL or VHDL warning at dbg_min.sv(454): object "rstsnap_r" assigned a value but never read File: C:/Temp/mistercore/lbmactwo_MiSTer/rtl/dbg_min.sv Line: 454
Warning (10036): Verilog HDL or VHDL warning at dbg_min.sv(507): object "pasc_r" assigned a value but never read File: C:/Temp/mistercore/lbmactwo_MiSTer/rtl/dbg_min.sv Line: 507
Warning (10036): Verilog HDL or VHDL warning at dbg_min.sv(532): object "paud_r" assigned a value but never read File: C:/Temp/mistercore/lbmactwo_MiSTer/rtl/dbg_min.sv Line: 532
Warning (10036): Verilog HDL or VHDL warning at dbg_min.sv(557): object "adb_r" assigned a value but never read File: C:/Temp/mistercore/lbmactwo_MiSTer/rtl/dbg_min.sv Line: 557
Warning (10036): Verilog HDL or VHDL warning at dbg_min.sv(585): object "adb2_r" assigned a value but never read File: C:/Temp/mistercore/lbmactwo_MiSTer/rtl/dbg_min.sv Line: 585
Warning (10036): Verilog HDL or VHDL warning at dbg_min.sv(610): object "adb3_r" assigned a value but never read File: C:/Temp/mistercore/lbmactwo_MiSTer/rtl/dbg_min.sv Line: 610
Warning (10036): Verilog HDL or VHDL warning at dbg_min.sv(633): object "mse_r" assigned a value but never read File: C:/Temp/mistercore/lbmactwo_MiSTer/rtl/dbg_min.sv Line: 633
Warning (10036): Verilog HDL or VHDL warning at dbg_min.sv(686): object "piwm_r" assigned a value but never read File: C:/Temp/mistercore/lbmactwo_MiSTer/rtl/dbg_min.sv Line: 686
Warning (10036): Verilog HDL or VHDL warning at dbg_min.sv(790): object "pir1_r" assigned a value but never read File: C:/Temp/mistercore/lbmactwo_MiSTer/rtl/dbg_min.sv Line: 790
Warning (10036): Verilog HDL or VHDL warning at dbg_min.sv(1113): object "psdi_r" assigned a value but never read File: C:/Temp/mistercore/lbmactwo_MiSTer/rtl/dbg_min.sv Line: 1113
Warning (10036): Verilog HDL or VHDL warning at dbg_min.sv(1193): object "pipl_r" assigned a value but never read File: C:/Temp/mistercore/lbmactwo_MiSTer/rtl/dbg_min.sv Line: 1193
Warning (10036): Verilog HDL or VHDL warning at dbg_min.sv(1242): object "pirq_r" assigned a value but never read File: C:/Temp/mistercore/lbmactwo_MiSTer/rtl/dbg_min.sv Line: 1242
Warning (10036): Verilog HDL or VHDL warning at dbg_min.sv(1298): object "pscc_r" assigned a value but never read File: C:/Temp/mistercore/lbmactwo_MiSTer/rtl/dbg_min.sv Line: 1298
Warning (10036): Verilog HDL or VHDL warning at dbg_min.sv(1403): object "pmem_r" assigned a value but never read File: C:/Temp/mistercore/lbmactwo_MiSTer/rtl/dbg_min.sv Line: 1403
Warning (10036): Verilog HDL or VHDL warning at dbg_min.sv(1403): object "pmem2_r" assigned a value but never read File: C:/Temp/mistercore/lbmactwo_MiSTer/rtl/dbg_min.sv Line: 1403
Warning (10036): Verilog HDL or VHDL warning at dbg_min.sv(1498): object "slt_r" assigned a value but never read File: C:/Temp/mistercore/lbmactwo_MiSTer/rtl/dbg_min.sv Line: 1498
Warning (10036): Verilog HDL or VHDL warning at dbg_min.sv(1559): object "padp_r" assigned a value but never read File: C:/Temp/mistercore/lbmactwo_MiSTer/rtl/dbg_min.sv Line: 1559
Warning (10036): Verilog HDL or VHDL warning at dbg_min.sv(1761): object "pfrr_r" assigned a value but never read File: C:/Temp/mistercore/lbmactwo_MiSTer/rtl/dbg_min.sv Line: 1761
Warning (10036): Verilog HDL or VHDL warning at dbg_min.sv(1781): object "pfrw_r" assigned a value but never read File: C:/Temp/mistercore/lbmactwo_MiSTer/rtl/dbg_min.sv Line: 1781
Warning (10036): Verilog HDL or VHDL warning at dbg_min.sv(1820): object "pfst_r" assigned a value but never read File: C:/Temp/mistercore/lbmactwo_MiSTer/rtl/dbg_min.sv Line: 1820
Warning (10036): Verilog HDL or VHDL warning at dbg_min.sv(1876): object "pcak_r" assigned a value but never read File: C:/Temp/mistercore/lbmactwo_MiSTer/rtl/dbg_min.sv Line: 1876
Warning (10036): Verilog HDL or VHDL warning at dbg_min.sv(1973): object "pfpd_r" assigned a value but never read File: C:/Temp/mistercore/lbmactwo_MiSTer/rtl/dbg_min.sv Line: 1973
Warning (10036): Verilog HDL or VHDL warning at dbg_min.sv(2016): object "pfoq_r" assigned a value but never read File: C:/Temp/mistercore/lbmactwo_MiSTer/rtl/dbg_min.sv Line: 2016
Warning (10036): Verilog HDL or VHDL warning at dbg_min.sv(2063): object "pfov_r" assigned a value but never read File: C:/Temp/mistercore/lbmactwo_MiSTer/rtl/dbg_min.sv Line: 2063
Warning (10036): Verilog HDL or VHDL warning at dbg_min.sv(2111): object "phwc_last_val" assigned a value but never read File: C:/Temp/mistercore/lbmactwo_MiSTer/rtl/dbg_min.sv Line: 2111
Warning (10036): Verilog HDL or VHDL warning at dbg_min.sv(2140): object "phwc_r" assigned a value but never read File: C:/Temp/mistercore/lbmactwo_MiSTer/rtl/dbg_min.sv Line: 2140
Warning (10036): Verilog HDL or VHDL warning at dbg_min.sv(2194): object "psfw_r" assigned a value but never read File: C:/Temp/mistercore/lbmactwo_MiSTer/rtl/dbg_min.sv Line: 2194
Warning (10036): Verilog HDL or VHDL warning at dbg_min.sv(2251): object "psfm_r" assigned a value but never read File: C:/Temp/mistercore/lbmactwo_MiSTer/rtl/dbg_min.sv Line: 2251
Warning (10036): Verilog HDL or VHDL warning at dbg_min.sv(2296): object "pmty_r" assigned a value but never read File: C:/Temp/mistercore/lbmactwo_MiSTer/rtl/dbg_min.sv Line: 2296
Warning (10036): Verilog HDL or VHDL warning at dbg_min.sv(2411): object "pd28_r" assigned a value but never read File: C:/Temp/mistercore/lbmactwo_MiSTer/rtl/dbg_min.sv Line: 2411
Warning (10036): Verilog HDL or VHDL warning at dbg_min.sv(2438): object "pd24_r" assigned a value but never read File: C:/Temp/mistercore/lbmactwo_MiSTer/rtl/dbg_min.sv Line: 2438
Warning (10036): Verilog HDL or VHDL warning at dbg_min.sv(2510): object "pfcs_r" assigned a value but never read File: C:/Temp/mistercore/lbmactwo_MiSTer/rtl/dbg_min.sv Line: 2510
Warning (10036): Verilog HDL or VHDL warning at dbg_min.sv(2575): object "pbcp_r" assigned a value but never read File: C:/Temp/mistercore/lbmactwo_MiSTer/rtl/dbg_min.sv Line: 2575
Warning (10036): Verilog HDL or VHDL warning at dbg_min.sv(2620): object "pvcf_r" assigned a value but never read File: C:/Temp/mistercore/lbmactwo_MiSTer/rtl/dbg_min.sv Line: 2620
Warning (10036): Verilog HDL or VHDL warning at dbg_min.sv(2667): object "pfln_r" assigned a value but never read File: C:/Temp/mistercore/lbmactwo_MiSTer/rtl/dbg_min.sv Line: 2667
Warning (10036): Verilog HDL or VHDL warning at dbg_min.sv(2718): object "pfts_r" assigned a value but never read File: C:/Temp/mistercore/lbmactwo_MiSTer/rtl/dbg_min.sv Line: 2718
Warning (10230): Verilog HDL assignment warning at dbg_min.sv(1195): truncated value with size 36 to match size of target (32) File: C:/Temp/mistercore/lbmactwo_MiSTer/rtl/dbg_min.sv Line: 1195
Info (12128): Elaborating entity "altsource_probe" for hierarchy "emu:emu|dbg_min:dbg_min_inst|altsource_probe:cp_padr" File: C:/Temp/mistercore/lbmactwo_MiSTer/rtl/dbg_min.sv Line: 178
Info (12130): Elaborated megafunction instantiation "emu:emu|dbg_min:dbg_min_inst|altsource_probe:cp_padr" File: C:/Temp/mistercore/lbmactwo_MiSTer/rtl/dbg_min.sv Line: 178
Info (12133): Instantiated megafunction "emu:emu|dbg_min:dbg_min_inst|altsource_probe:cp_padr" with the following parameter: File: C:/Temp/mistercore/lbmactwo_MiSTer/rtl/dbg_min.sv Line: 178
    Info (12134): Parameter "instance_id" = "PADR"
    Info (12134): Parameter "probe_width" = "32"
    Info (12134): Parameter "source_width" = "1"
    Info (12134): Parameter "sld_auto_instance_index" = "YES"
Info (12128): Elaborating entity "altsource_probe_body" for hierarchy "emu:emu|dbg_min:dbg_min_inst|altsource_probe:cp_padr|altsource_probe_body:altsource_probe_body_inst" File: c:/intelfpga_lite/17.0/quartus/libraries/megafunctions/altsource_probe.v Line: 205
Info (12128): Elaborating entity "altsource_probe_impl" for hierarchy "emu:emu|dbg_min:dbg_min_inst|altsource_probe:cp_padr|altsource_probe_body:altsource_probe_body_inst|altsource_probe_impl:\wider_probe_gen:wider_probe_inst" File: c:/intelfpga_lite/17.0/quartus/libraries/megafunctions/altsource_probe_body.vhd Line: 508
Info (12128): Elaborating entity "altsource_probe" for hierarchy "emu:emu|dbg_min:dbg_min_inst|altsource_probe:cp_psta" File: C:/Temp/mistercore/lbmactwo_MiSTer/rtl/dbg_min.sv Line: 185
Info (12130): Elaborated megafunction instantiation "emu:emu|dbg_min:dbg_min_inst|altsource_probe:cp_psta" File: C:/Temp/mistercore/lbmactwo_MiSTer/rtl/dbg_min.sv Line: 185
Info (12133): Instantiated megafunction "emu:emu|dbg_min:dbg_min_inst|altsource_probe:cp_psta" with the following parameter: File: C:/Temp/mistercore/lbmactwo_MiSTer/rtl/dbg_min.sv Line: 185
    Info (12134): Parameter "instance_id" = "PSTA"
    Info (12134): Parameter "probe_width" = "32"
    Info (12134): Parameter "source_width" = "1"
    Info (12134): Parameter "sld_auto_instance_index" = "YES"
Info (12128): Elaborating entity "altsource_probe_body" for hierarchy "emu:emu|dbg_min:dbg_min_inst|altsource_probe:cp_psta|altsource_probe_body:altsource_probe_body_inst" File: c:/intelfpga_lite/17.0/quartus/libraries/megafunctions/altsource_probe.v Line: 205
Info (12128): Elaborating entity "altsource_probe_impl" for hierarchy "emu:emu|dbg_min:dbg_min_inst|altsource_probe:cp_psta|altsource_probe_body:altsource_probe_body_inst|altsource_probe_impl:\wider_probe_gen:wider_probe_inst" File: c:/intelfpga_lite/17.0/quartus/libraries/megafunctions/altsource_probe_body.vhd Line: 508
Info (12128): Elaborating entity "altsource_probe" for hierarchy "emu:emu|dbg_min:dbg_min_inst|altsource_probe:cp_pact" File: C:/Temp/mistercore/lbmactwo_MiSTer/rtl/dbg_min.sv Line: 192
Info (12130): Elaborated megafunction instantiation "emu:emu|dbg_min:dbg_min_inst|altsource_probe:cp_pact" File: C:/Temp/mistercore/lbmactwo_MiSTer/rtl/dbg_min.sv Line: 192
Info (12133): Instantiated megafunction "emu:emu|dbg_min:dbg_min_inst|altsource_probe:cp_pact" with the following parameter: File: C:/Temp/mistercore/lbmactwo_MiSTer/rtl/dbg_min.sv Line: 192
    Info (12134): Parameter "instance_id" = "PACT"
    Info (12134): Parameter "probe_width" = "32"
    Info (12134): Parameter "source_width" = "1"
    Info (12134): Parameter "sld_auto_instance_index" = "YES"
Info (12128): Elaborating entity "altsource_probe_body" for hierarchy "emu:emu|dbg_min:dbg_min_inst|altsource_probe:cp_pact|altsource_probe_body:altsource_probe_body_inst" File: c:/intelfpga_lite/17.0/quartus/libraries/megafunctions/altsource_probe.v Line: 205
Info (12128): Elaborating entity "altsource_probe_impl" for hierarchy "emu:emu|dbg_min:dbg_min_inst|altsource_probe:cp_pact|altsource_probe_body:altsource_probe_body_inst|altsource_probe_impl:\wider_probe_gen:wider_probe_inst" File: c:/intelfpga_lite/17.0/quartus/libraries/megafunctions/altsource_probe_body.vhd Line: 508
Info (12128): Elaborating entity "altsource_probe" for hierarchy "emu:emu|dbg_min:dbg_min_inst|altsource_probe:cp_pvbl" File: C:/Temp/mistercore/lbmactwo_MiSTer/rtl/dbg_min.sv Line: 490
Info (12130): Elaborated megafunction instantiation "emu:emu|dbg_min:dbg_min_inst|altsource_probe:cp_pvbl" File: C:/Temp/mistercore/lbmactwo_MiSTer/rtl/dbg_min.sv Line: 490
Info (12133): Instantiated megafunction "emu:emu|dbg_min:dbg_min_inst|altsource_probe:cp_pvbl" with the following parameter: File: C:/Temp/mistercore/lbmactwo_MiSTer/rtl/dbg_min.sv Line: 490
    Info (12134): Parameter "instance_id" = "PVBL"
    Info (12134): Parameter "probe_width" = "32"
    Info (12134): Parameter "source_width" = "1"
    Info (12134): Parameter "sld_auto_instance_index" = "YES"
Info (12128): Elaborating entity "altsource_probe_body" for hierarchy "emu:emu|dbg_min:dbg_min_inst|altsource_probe:cp_pvbl|altsource_probe_body:altsource_probe_body_inst" File: c:/intelfpga_lite/17.0/quartus/libraries/megafunctions/altsource_probe.v Line: 205
Info (12128): Elaborating entity "altsource_probe_impl" for hierarchy "emu:emu|dbg_min:dbg_min_inst|altsource_probe:cp_pvbl|altsource_probe_body:altsource_probe_body_inst|altsource_probe_impl:\wider_probe_gen:wider_probe_inst" File: c:/intelfpga_lite/17.0/quartus/libraries/megafunctions/altsource_probe_body.vhd Line: 508
Info (12128): Elaborating entity "altsource_probe" for hierarchy "emu:emu|dbg_min:dbg_min_inst|altsource_probe:cp_pflp" File: C:/Temp/mistercore/lbmactwo_MiSTer/rtl/dbg_min.sv Line: 672
Info (12130): Elaborated megafunction instantiation "emu:emu|dbg_min:dbg_min_inst|altsource_probe:cp_pflp" File: C:/Temp/mistercore/lbmactwo_MiSTer/rtl/dbg_min.sv Line: 672
Info (12133): Instantiated megafunction "emu:emu|dbg_min:dbg_min_inst|altsource_probe:cp_pflp" with the following parameter: File: C:/Temp/mistercore/lbmactwo_MiSTer/rtl/dbg_min.sv Line: 672
    Info (12134): Parameter "instance_id" = "PFLP"
    Info (12134): Parameter "probe_width" = "32"
    Info (12134): Parameter "source_width" = "1"
    Info (12134): Parameter "sld_auto_instance_index" = "YES"
Info (12128): Elaborating entity "altsource_probe_body" for hierarchy "emu:emu|dbg_min:dbg_min_inst|altsource_probe:cp_pflp|altsource_probe_body:altsource_probe_body_inst" File: c:/intelfpga_lite/17.0/quartus/libraries/megafunctions/altsource_probe.v Line: 205
Info (12128): Elaborating entity "altsource_probe_impl" for hierarchy "emu:emu|dbg_min:dbg_min_inst|altsource_probe:cp_pflp|altsource_probe_body:altsource_probe_body_inst|altsource_probe_impl:\wider_probe_gen:wider_probe_inst" File: c:/intelfpga_lite/17.0/quartus/libraries/megafunctions/altsource_probe_body.vhd Line: 508
Info (12128): Elaborating entity "altsource_probe" for hierarchy "emu:emu|dbg_min:dbg_min_inst|altsource_probe:cp_pioa" File: C:/Temp/mistercore/lbmactwo_MiSTer/rtl/dbg_min.sv Line: 758
Info (12130): Elaborated megafunction instantiation "emu:emu|dbg_min:dbg_min_inst|altsource_probe:cp_pioa" File: C:/Temp/mistercore/lbmactwo_MiSTer/rtl/dbg_min.sv Line: 758
Info (12133): Instantiated megafunction "emu:emu|dbg_min:dbg_min_inst|altsource_probe:cp_pioa" with the following parameter: File: C:/Temp/mistercore/lbmactwo_MiSTer/rtl/dbg_min.sv Line: 758
    Info (12134): Parameter "instance_id" = "PIOA"
    Info (12134): Parameter "probe_width" = "32"
    Info (12134): Parameter "source_width" = "1"
    Info (12134): Parameter "sld_auto_instance_index" = "YES"
Info (12128): Elaborating entity "altsource_probe_body" for hierarchy "emu:emu|dbg_min:dbg_min_inst|altsource_probe:cp_pioa|altsource_probe_body:altsource_probe_body_inst" File: c:/intelfpga_lite/17.0/quartus/libraries/megafunctions/altsource_probe.v Line: 205
Info (12128): Elaborating entity "altsource_probe_impl" for hierarchy "emu:emu|dbg_min:dbg_min_inst|altsource_probe:cp_pioa|altsource_probe_body:altsource_probe_body_inst|altsource_probe_impl:\wider_probe_gen:wider_probe_inst" File: c:/intelfpga_lite/17.0/quartus/libraries/megafunctions/altsource_probe_body.vhd Line: 508
Info (12128): Elaborating entity "altsource_probe" for hierarchy "emu:emu|dbg_min:dbg_min_inst|altsource_probe:cp_pioc" File: C:/Temp/mistercore/lbmactwo_MiSTer/rtl/dbg_min.sv Line: 770
Info (12130): Elaborated megafunction instantiation "emu:emu|dbg_min:dbg_min_inst|altsource_probe:cp_pioc" File: C:/Temp/mistercore/lbmactwo_MiSTer/rtl/dbg_min.sv Line: 770
Info (12133): Instantiated megafunction "emu:emu|dbg_min:dbg_min_inst|altsource_probe:cp_pioc" with the following parameter: File: C:/Temp/mistercore/lbmactwo_MiSTer/rtl/dbg_min.sv Line: 770
    Info (12134): Parameter "instance_id" = "PIOC"
    Info (12134): Parameter "probe_width" = "32"
    Info (12134): Parameter "source_width" = "1"
    Info (12134): Parameter "sld_auto_instance_index" = "YES"
Info (12128): Elaborating entity "altsource_probe_body" for hierarchy "emu:emu|dbg_min:dbg_min_inst|altsource_probe:cp_pioc|altsource_probe_body:altsource_probe_body_inst" File: c:/intelfpga_lite/17.0/quartus/libraries/megafunctions/altsource_probe.v Line: 205
Info (12128): Elaborating entity "altsource_probe_impl" for hierarchy "emu:emu|dbg_min:dbg_min_inst|altsource_probe:cp_pioc|altsource_probe_body:altsource_probe_body_inst|altsource_probe_impl:\wider_probe_gen:wider_probe_inst" File: c:/intelfpga_lite/17.0/quartus/libraries/megafunctions/altsource_probe_body.vhd Line: 508
Info (12128): Elaborating entity "altsource_probe" for hierarchy "emu:emu|dbg_min:dbg_min_inst|altsource_probe:cp_pir2" File: C:/Temp/mistercore/lbmactwo_MiSTer/rtl/dbg_min.sv Line: 845
Info (12130): Elaborated megafunction instantiation "emu:emu|dbg_min:dbg_min_inst|altsource_probe:cp_pir2" File: C:/Temp/mistercore/lbmactwo_MiSTer/rtl/dbg_min.sv Line: 845
Info (12133): Instantiated megafunction "emu:emu|dbg_min:dbg_min_inst|altsource_probe:cp_pir2" with the following parameter: File: C:/Temp/mistercore/lbmactwo_MiSTer/rtl/dbg_min.sv Line: 845
    Info (12134): Parameter "instance_id" = "PIR2"
    Info (12134): Parameter "probe_width" = "32"
    Info (12134): Parameter "source_width" = "1"
    Info (12134): Parameter "sld_auto_instance_index" = "YES"
Info (12128): Elaborating entity "altsource_probe_body" for hierarchy "emu:emu|dbg_min:dbg_min_inst|altsource_probe:cp_pir2|altsource_probe_body:altsource_probe_body_inst" File: c:/intelfpga_lite/17.0/quartus/libraries/megafunctions/altsource_probe.v Line: 205
Info (12128): Elaborating entity "altsource_probe_impl" for hierarchy "emu:emu|dbg_min:dbg_min_inst|altsource_probe:cp_pir2|altsource_probe_body:altsource_probe_body_inst|altsource_probe_impl:\wider_probe_gen:wider_probe_inst" File: c:/intelfpga_lite/17.0/quartus/libraries/megafunctions/altsource_probe_body.vhd Line: 508
Info (12128): Elaborating entity "altsource_probe" for hierarchy "emu:emu|dbg_min:dbg_min_inst|altsource_probe:cp_pir3" File: C:/Temp/mistercore/lbmactwo_MiSTer/rtl/dbg_min.sv Line: 915
Info (12130): Elaborated megafunction instantiation "emu:emu|dbg_min:dbg_min_inst|altsource_probe:cp_pir3" File: C:/Temp/mistercore/lbmactwo_MiSTer/rtl/dbg_min.sv Line: 915
Info (12133): Instantiated megafunction "emu:emu|dbg_min:dbg_min_inst|altsource_probe:cp_pir3" with the following parameter: File: C:/Temp/mistercore/lbmactwo_MiSTer/rtl/dbg_min.sv Line: 915
    Info (12134): Parameter "instance_id" = "PIR3"
    Info (12134): Parameter "probe_width" = "32"
    Info (12134): Parameter "source_width" = "1"
    Info (12134): Parameter "sld_auto_instance_index" = "YES"
Info (12128): Elaborating entity "altsource_probe_body" for hierarchy "emu:emu|dbg_min:dbg_min_inst|altsource_probe:cp_pir3|altsource_probe_body:altsource_probe_body_inst" File: c:/intelfpga_lite/17.0/quartus/libraries/megafunctions/altsource_probe.v Line: 205
Info (12128): Elaborating entity "altsource_probe_impl" for hierarchy "emu:emu|dbg_min:dbg_min_inst|altsource_probe:cp_pir3|altsource_probe_body:altsource_probe_body_inst|altsource_probe_impl:\wider_probe_gen:wider_probe_inst" File: c:/intelfpga_lite/17.0/quartus/libraries/megafunctions/altsource_probe_body.vhd Line: 508
Info (12128): Elaborating entity "altsource_probe" for hierarchy "emu:emu|dbg_min:dbg_min_inst|altsource_probe:cp_pirh" File: C:/Temp/mistercore/lbmactwo_MiSTer/rtl/dbg_min.sv Line: 969
Info (12130): Elaborated megafunction instantiation "emu:emu|dbg_min:dbg_min_inst|altsource_probe:cp_pirh" File: C:/Temp/mistercore/lbmactwo_MiSTer/rtl/dbg_min.sv Line: 969
Info (12133): Instantiated megafunction "emu:emu|dbg_min:dbg_min_inst|altsource_probe:cp_pirh" with the following parameter: File: C:/Temp/mistercore/lbmactwo_MiSTer/rtl/dbg_min.sv Line: 969
    Info (12134): Parameter "instance_id" = "PIRH"
    Info (12134): Parameter "probe_width" = "32"
    Info (12134): Parameter "source_width" = "1"
    Info (12134): Parameter "sld_auto_instance_index" = "YES"
Info (12128): Elaborating entity "altsource_probe_body" for hierarchy "emu:emu|dbg_min:dbg_min_inst|altsource_probe:cp_pirh|altsource_probe_body:altsource_probe_body_inst" File: c:/intelfpga_lite/17.0/quartus/libraries/megafunctions/altsource_probe.v Line: 205
Info (12128): Elaborating entity "altsource_probe_impl" for hierarchy "emu:emu|dbg_min:dbg_min_inst|altsource_probe:cp_pirh|altsource_probe_body:altsource_probe_body_inst|altsource_probe_impl:\wider_probe_gen:wider_probe_inst" File: c:/intelfpga_lite/17.0/quartus/libraries/megafunctions/altsource_probe_body.vhd Line: 508
Info (12128): Elaborating entity "altsource_probe" for hierarchy "emu:emu|dbg_min:dbg_min_inst|altsource_probe:cp_pirb" File: C:/Temp/mistercore/lbmactwo_MiSTer/rtl/dbg_min.sv Line: 987
Info (12130): Elaborated megafunction instantiation "emu:emu|dbg_min:dbg_min_inst|altsource_probe:cp_pirb" File: C:/Temp/mistercore/lbmactwo_MiSTer/rtl/dbg_min.sv Line: 987
Info (12133): Instantiated megafunction "emu:emu|dbg_min:dbg_min_inst|altsource_probe:cp_pirb" with the following parameter: File: C:/Temp/mistercore/lbmactwo_MiSTer/rtl/dbg_min.sv Line: 987
    Info (12134): Parameter "instance_id" = "PIRB"
    Info (12134): Parameter "probe_width" = "32"
    Info (12134): Parameter "source_width" = "1"
    Info (12134): Parameter "sld_auto_instance_index" = "YES"
Info (12128): Elaborating entity "altsource_probe_body" for hierarchy "emu:emu|dbg_min:dbg_min_inst|altsource_probe:cp_pirb|altsource_probe_body:altsource_probe_body_inst" File: c:/intelfpga_lite/17.0/quartus/libraries/megafunctions/altsource_probe.v Line: 205
Info (12128): Elaborating entity "altsource_probe_impl" for hierarchy "emu:emu|dbg_min:dbg_min_inst|altsource_probe:cp_pirb|altsource_probe_body:altsource_probe_body_inst|altsource_probe_impl:\wider_probe_gen:wider_probe_inst" File: c:/intelfpga_lite/17.0/quartus/libraries/megafunctions/altsource_probe_body.vhd Line: 508
Info (12128): Elaborating entity "altsource_probe" for hierarchy "emu:emu|dbg_min:dbg_min_inst|altsource_probe:cp_pirr" File: C:/Temp/mistercore/lbmactwo_MiSTer/rtl/dbg_min.sv Line: 1005
Info (12130): Elaborated megafunction instantiation "emu:emu|dbg_min:dbg_min_inst|altsource_probe:cp_pirr" File: C:/Temp/mistercore/lbmactwo_MiSTer/rtl/dbg_min.sv Line: 1005
Info (12133): Instantiated megafunction "emu:emu|dbg_min:dbg_min_inst|altsource_probe:cp_pirr" with the following parameter: File: C:/Temp/mistercore/lbmactwo_MiSTer/rtl/dbg_min.sv Line: 1005
    Info (12134): Parameter "instance_id" = "PIRR"
    Info (12134): Parameter "probe_width" = "32"
    Info (12134): Parameter "source_width" = "1"
    Info (12134): Parameter "sld_auto_instance_index" = "YES"
Info (12128): Elaborating entity "altsource_probe_body" for hierarchy "emu:emu|dbg_min:dbg_min_inst|altsource_probe:cp_pirr|altsource_probe_body:altsource_probe_body_inst" File: c:/intelfpga_lite/17.0/quartus/libraries/megafunctions/altsource_probe.v Line: 205
Info (12128): Elaborating entity "altsource_probe_impl" for hierarchy "emu:emu|dbg_min:dbg_min_inst|altsource_probe:cp_pirr|altsource_probe_body:altsource_probe_body_inst|altsource_probe_impl:\wider_probe_gen:wider_probe_inst" File: c:/intelfpga_lite/17.0/quartus/libraries/megafunctions/altsource_probe_body.vhd Line: 508
Info (12128): Elaborating entity "altsource_probe" for hierarchy "emu:emu|dbg_min:dbg_min_inst|altsource_probe:cp_pirp" File: C:/Temp/mistercore/lbmactwo_MiSTer/rtl/dbg_min.sv Line: 1023
Info (12130): Elaborated megafunction instantiation "emu:emu|dbg_min:dbg_min_inst|altsource_probe:cp_pirp" File: C:/Temp/mistercore/lbmactwo_MiSTer/rtl/dbg_min.sv Line: 1023
Info (12133): Instantiated megafunction "emu:emu|dbg_min:dbg_min_inst|altsource_probe:cp_pirp" with the following parameter: File: C:/Temp/mistercore/lbmactwo_MiSTer/rtl/dbg_min.sv Line: 1023
    Info (12134): Parameter "instance_id" = "PIRP"
    Info (12134): Parameter "probe_width" = "32"
    Info (12134): Parameter "source_width" = "1"
    Info (12134): Parameter "sld_auto_instance_index" = "YES"
Info (12128): Elaborating entity "altsource_probe_body" for hierarchy "emu:emu|dbg_min:dbg_min_inst|altsource_probe:cp_pirp|altsource_probe_body:altsource_probe_body_inst" File: c:/intelfpga_lite/17.0/quartus/libraries/megafunctions/altsource_probe.v Line: 205
Info (12128): Elaborating entity "altsource_probe_impl" for hierarchy "emu:emu|dbg_min:dbg_min_inst|altsource_probe:cp_pirp|altsource_probe_body:altsource_probe_body_inst|altsource_probe_impl:\wider_probe_gen:wider_probe_inst" File: c:/intelfpga_lite/17.0/quartus/libraries/megafunctions/altsource_probe_body.vhd Line: 508
Info (12128): Elaborating entity "altsource_probe" for hierarchy "emu:emu|dbg_min:dbg_min_inst|altsource_probe:cp_pire" File: C:/Temp/mistercore/lbmactwo_MiSTer/rtl/dbg_min.sv Line: 1066
Info (12130): Elaborated megafunction instantiation "emu:emu|dbg_min:dbg_min_inst|altsource_probe:cp_pire" File: C:/Temp/mistercore/lbmactwo_MiSTer/rtl/dbg_min.sv Line: 1066
Info (12133): Instantiated megafunction "emu:emu|dbg_min:dbg_min_inst|altsource_probe:cp_pire" with the following parameter: File: C:/Temp/mistercore/lbmactwo_MiSTer/rtl/dbg_min.sv Line: 1066
    Info (12134): Parameter "instance_id" = "PIRE"
    Info (12134): Parameter "probe_width" = "32"
    Info (12134): Parameter "source_width" = "1"
    Info (12134): Parameter "sld_auto_instance_index" = "YES"
Info (12128): Elaborating entity "altsource_probe_body" for hierarchy "emu:emu|dbg_min:dbg_min_inst|altsource_probe:cp_pire|altsource_probe_body:altsource_probe_body_inst" File: c:/intelfpga_lite/17.0/quartus/libraries/megafunctions/altsource_probe.v Line: 205
Info (12128): Elaborating entity "altsource_probe_impl" for hierarchy "emu:emu|dbg_min:dbg_min_inst|altsource_probe:cp_pire|altsource_probe_body:altsource_probe_body_inst|altsource_probe_impl:\wider_probe_gen:wider_probe_inst" File: c:/intelfpga_lite/17.0/quartus/libraries/megafunctions/altsource_probe_body.vhd Line: 508
Info (12128): Elaborating entity "altsource_probe" for hierarchy "emu:emu|dbg_min:dbg_min_inst|altsource_probe:cp_psdh" File: C:/Temp/mistercore/lbmactwo_MiSTer/rtl/dbg_min.sv Line: 1124
Info (12130): Elaborated megafunction instantiation "emu:emu|dbg_min:dbg_min_inst|altsource_probe:cp_psdh" File: C:/Temp/mistercore/lbmactwo_MiSTer/rtl/dbg_min.sv Line: 1124
Info (12133): Instantiated megafunction "emu:emu|dbg_min:dbg_min_inst|altsource_probe:cp_psdh" with the following parameter: File: C:/Temp/mistercore/lbmactwo_MiSTer/rtl/dbg_min.sv Line: 1124
    Info (12134): Parameter "instance_id" = "PSDH"
    Info (12134): Parameter "probe_width" = "32"
    Info (12134): Parameter "source_width" = "1"
    Info (12134): Parameter "sld_auto_instance_index" = "YES"
Info (12128): Elaborating entity "altsource_probe_body" for hierarchy "emu:emu|dbg_min:dbg_min_inst|altsource_probe:cp_psdh|altsource_probe_body:altsource_probe_body_inst" File: c:/intelfpga_lite/17.0/quartus/libraries/megafunctions/altsource_probe.v Line: 205
Info (12128): Elaborating entity "altsource_probe_impl" for hierarchy "emu:emu|dbg_min:dbg_min_inst|altsource_probe:cp_psdh|altsource_probe_body:altsource_probe_body_inst|altsource_probe_impl:\wider_probe_gen:wider_probe_inst" File: c:/intelfpga_lite/17.0/quartus/libraries/megafunctions/altsource_probe_body.vhd Line: 508
Info (12128): Elaborating entity "altsource_probe" for hierarchy "emu:emu|dbg_min:dbg_min_inst|altsource_probe:cp_pioh" File: C:/Temp/mistercore/lbmactwo_MiSTer/rtl/dbg_min.sv Line: 1350
Info (12130): Elaborated megafunction instantiation "emu:emu|dbg_min:dbg_min_inst|altsource_probe:cp_pioh" File: C:/Temp/mistercore/lbmactwo_MiSTer/rtl/dbg_min.sv Line: 1350
Info (12133): Instantiated megafunction "emu:emu|dbg_min:dbg_min_inst|altsource_probe:cp_pioh" with the following parameter: File: C:/Temp/mistercore/lbmactwo_MiSTer/rtl/dbg_min.sv Line: 1350
    Info (12134): Parameter "instance_id" = "PIOH"
    Info (12134): Parameter "probe_width" = "32"
    Info (12134): Parameter "source_width" = "1"
    Info (12134): Parameter "sld_auto_instance_index" = "YES"
Info (12128): Elaborating entity "altsource_probe_body" for hierarchy "emu:emu|dbg_min:dbg_min_inst|altsource_probe:cp_pioh|altsource_probe_body:altsource_probe_body_inst" File: c:/intelfpga_lite/17.0/quartus/libraries/megafunctions/altsource_probe.v Line: 205
Info (12128): Elaborating entity "altsource_probe_impl" for hierarchy "emu:emu|dbg_min:dbg_min_inst|altsource_probe:cp_pioh|altsource_probe_body:altsource_probe_body_inst|altsource_probe_impl:\wider_probe_gen:wider_probe_inst" File: c:/intelfpga_lite/17.0/quartus/libraries/megafunctions/altsource_probe_body.vhd Line: 508
Info (12128): Elaborating entity "altsource_probe" for hierarchy "emu:emu|dbg_min:dbg_min_inst|altsource_probe:cp_pflt" File: C:/Temp/mistercore/lbmactwo_MiSTer/rtl/dbg_min.sv Line: 1450
Info (12130): Elaborated megafunction instantiation "emu:emu|dbg_min:dbg_min_inst|altsource_probe:cp_pflt" File: C:/Temp/mistercore/lbmactwo_MiSTer/rtl/dbg_min.sv Line: 1450
Info (12133): Instantiated megafunction "emu:emu|dbg_min:dbg_min_inst|altsource_probe:cp_pflt" with the following parameter: File: C:/Temp/mistercore/lbmactwo_MiSTer/rtl/dbg_min.sv Line: 1450
    Info (12134): Parameter "instance_id" = "PFLT"
    Info (12134): Parameter "probe_width" = "32"
    Info (12134): Parameter "source_width" = "1"
    Info (12134): Parameter "sld_auto_instance_index" = "YES"
Info (12128): Elaborating entity "altsource_probe_body" for hierarchy "emu:emu|dbg_min:dbg_min_inst|altsource_probe:cp_pflt|altsource_probe_body:altsource_probe_body_inst" File: c:/intelfpga_lite/17.0/quartus/libraries/megafunctions/altsource_probe.v Line: 205
Info (12128): Elaborating entity "altsource_probe_impl" for hierarchy "emu:emu|dbg_min:dbg_min_inst|altsource_probe:cp_pflt|altsource_probe_body:altsource_probe_body_inst|altsource_probe_impl:\wider_probe_gen:wider_probe_inst" File: c:/intelfpga_lite/17.0/quartus/libraries/megafunctions/altsource_probe_body.vhd Line: 508
Info (12128): Elaborating entity "altsource_probe" for hierarchy "emu:emu|dbg_min:dbg_min_inst|altsource_probe:cp_pifa" File: C:/Temp/mistercore/lbmactwo_MiSTer/rtl/dbg_min.sv Line: 1655
Info (12130): Elaborated megafunction instantiation "emu:emu|dbg_min:dbg_min_inst|altsource_probe:cp_pifa" File: C:/Temp/mistercore/lbmactwo_MiSTer/rtl/dbg_min.sv Line: 1655
Info (12133): Instantiated megafunction "emu:emu|dbg_min:dbg_min_inst|altsource_probe:cp_pifa" with the following parameter: File: C:/Temp/mistercore/lbmactwo_MiSTer/rtl/dbg_min.sv Line: 1655
    Info (12134): Parameter "instance_id" = "PIFA"
    Info (12134): Parameter "probe_width" = "32"
    Info (12134): Parameter "source_width" = "1"
    Info (12134): Parameter "sld_auto_instance_index" = "YES"
Info (12128): Elaborating entity "altsource_probe_body" for hierarchy "emu:emu|dbg_min:dbg_min_inst|altsource_probe:cp_pifa|altsource_probe_body:altsource_probe_body_inst" File: c:/intelfpga_lite/17.0/quartus/libraries/megafunctions/altsource_probe.v Line: 205
Info (12128): Elaborating entity "altsource_probe_impl" for hierarchy "emu:emu|dbg_min:dbg_min_inst|altsource_probe:cp_pifa|altsource_probe_body:altsource_probe_body_inst|altsource_probe_impl:\wider_probe_gen:wider_probe_inst" File: c:/intelfpga_lite/17.0/quartus/libraries/megafunctions/altsource_probe_body.vhd Line: 508
Info (12128): Elaborating entity "altsource_probe" for hierarchy "emu:emu|dbg_min:dbg_min_inst|altsource_probe:cp_pifc" File: C:/Temp/mistercore/lbmactwo_MiSTer/rtl/dbg_min.sv Line: 1662
Info (12130): Elaborated megafunction instantiation "emu:emu|dbg_min:dbg_min_inst|altsource_probe:cp_pifc" File: C:/Temp/mistercore/lbmactwo_MiSTer/rtl/dbg_min.sv Line: 1662
Info (12133): Instantiated megafunction "emu:emu|dbg_min:dbg_min_inst|altsource_probe:cp_pifc" with the following parameter: File: C:/Temp/mistercore/lbmactwo_MiSTer/rtl/dbg_min.sv Line: 1662
    Info (12134): Parameter "instance_id" = "PIFC"
    Info (12134): Parameter "probe_width" = "32"
    Info (12134): Parameter "source_width" = "1"
    Info (12134): Parameter "sld_auto_instance_index" = "YES"
Info (12128): Elaborating entity "altsource_probe_body" for hierarchy "emu:emu|dbg_min:dbg_min_inst|altsource_probe:cp_pifc|altsource_probe_body:altsource_probe_body_inst" File: c:/intelfpga_lite/17.0/quartus/libraries/megafunctions/altsource_probe.v Line: 205
Info (12128): Elaborating entity "altsource_probe_impl" for hierarchy "emu:emu|dbg_min:dbg_min_inst|altsource_probe:cp_pifc|altsource_probe_body:altsource_probe_body_inst|altsource_probe_impl:\wider_probe_gen:wider_probe_inst" File: c:/intelfpga_lite/17.0/quartus/libraries/megafunctions/altsource_probe_body.vhd Line: 508
Info (11170): Starting IP generation for the debug fabric: alt_sld_fab.
Info (11172): 2026.06.04.07:26:13 Progress: Loading sld6a2b19fe/alt_sld_fab_wrapper_hw.tcl
Info (11172): Alt_sld_fab.alt_sld_fab: SLD fabric agents which did not specify prefer_host were connected to JTAG
Info (11172): Alt_sld_fab: Generating alt_sld_fab "alt_sld_fab" for QUARTUS_SYNTH
Info (11172): Alt_sld_fab: "alt_sld_fab" instantiated alt_sld_fab "alt_sld_fab"
Info (11172): Presplit: "alt_sld_fab" instantiated altera_super_splitter "presplit"
Info (11172): Splitter: "alt_sld_fab" instantiated altera_sld_splitter "splitter"
Info (11172): Sldfabric: "alt_sld_fab" instantiated altera_sld_jtag_hub "sldfabric"
Info (11172): Ident: "alt_sld_fab" instantiated altera_connection_identification_hub "ident"
Info (11172): Alt_sld_fab: Done "alt_sld_fab" with 6 modules, 6 files
Info (11171): Finished IP generation for the debug fabric: alt_sld_fab.
Info (12021): Found 1 design units, including 1 entities, in source file db/ip/sld6a2b19fe/alt_sld_fab.v
    Info (12023): Found entity 1: alt_sld_fab File: C:/Temp/mistercore/lbmactwo_MiSTer/db/ip/sld6a2b19fe/alt_sld_fab.v Line: 9
Info (12021): Found 1 design units, including 1 entities, in source file db/ip/sld6a2b19fe/submodules/alt_sld_fab_alt_sld_fab.v
    Info (12023): Found entity 1: alt_sld_fab_alt_sld_fab File: C:/Temp/mistercore/lbmactwo_MiSTer/db/ip/sld6a2b19fe/submodules/alt_sld_fab_alt_sld_fab.v Line: 9
Info (12021): Found 1 design units, including 1 entities, in source file db/ip/sld6a2b19fe/submodules/alt_sld_fab_alt_sld_fab_ident.sv
    Info (12023): Found entity 1: alt_sld_fab_alt_sld_fab_ident File: C:/Temp/mistercore/lbmactwo_MiSTer/db/ip/sld6a2b19fe/submodules/alt_sld_fab_alt_sld_fab_ident.sv Line: 33
Info (12021): Found 1 design units, including 1 entities, in source file db/ip/sld6a2b19fe/submodules/alt_sld_fab_alt_sld_fab_presplit.sv
    Info (12023): Found entity 1: alt_sld_fab_alt_sld_fab_presplit File: C:/Temp/mistercore/lbmactwo_MiSTer/db/ip/sld6a2b19fe/submodules/alt_sld_fab_alt_sld_fab_presplit.sv Line: 3
Info (12021): Found 2 design units, including 1 entities, in source file db/ip/sld6a2b19fe/submodules/alt_sld_fab_alt_sld_fab_sldfabric.vhd
    Info (12022): Found design unit 1: alt_sld_fab_alt_sld_fab_sldfabric-rtl File: C:/Temp/mistercore/lbmactwo_MiSTer/db/ip/sld6a2b19fe/submodules/alt_sld_fab_alt_sld_fab_sldfabric.vhd Line: 902
    Info (12023): Found entity 1: alt_sld_fab_alt_sld_fab_sldfabric File: C:/Temp/mistercore/lbmactwo_MiSTer/db/ip/sld6a2b19fe/submodules/alt_sld_fab_alt_sld_fab_sldfabric.vhd Line: 11
Info (12021): Found 1 design units, including 1 entities, in source file db/ip/sld6a2b19fe/submodules/alt_sld_fab_alt_sld_fab_splitter.sv
    Info (12023): Found entity 1: alt_sld_fab_alt_sld_fab_splitter File: C:/Temp/mistercore/lbmactwo_MiSTer/db/ip/sld6a2b19fe/submodules/alt_sld_fab_alt_sld_fab_splitter.sv Line: 3
Warning (14284): Synthesized away the following node(s):
    Warning (14285): Synthesized away the following LCELL buffer node(s):
        Warning (14320): Synthesized away node "pll_hdmi:pll_hdmi|pll_hdmi_0002:pll_hdmi_inst|altera_pll:altera_pll_i|cntsel_temp[4]" File: c:/intelfpga_lite/17.0/quartus/libraries/megafunctions/altera_pll.v Line: 425
        Warning (14320): Synthesized away node "pll_hdmi:pll_hdmi|pll_hdmi_0002:pll_hdmi_inst|altera_pll:altera_pll_i|cntsel_temp[3]" File: c:/intelfpga_lite/17.0/quartus/libraries/megafunctions/altera_pll.v Line: 425
        Warning (14320): Synthesized away node "pll_hdmi:pll_hdmi|pll_hdmi_0002:pll_hdmi_inst|altera_pll:altera_pll_i|cntsel_temp[2]" File: c:/intelfpga_lite/17.0/quartus/libraries/megafunctions/altera_pll.v Line: 425
        Warning (14320): Synthesized away node "pll_hdmi:pll_hdmi|pll_hdmi_0002:pll_hdmi_inst|altera_pll:altera_pll_i|cntsel_temp[1]" File: c:/intelfpga_lite/17.0/quartus/libraries/megafunctions/altera_pll.v Line: 425
        Warning (14320): Synthesized away node "pll_hdmi:pll_hdmi|pll_hdmi_0002:pll_hdmi_inst|altera_pll:altera_pll_i|cntsel_temp[0]" File: c:/intelfpga_lite/17.0/quartus/libraries/megafunctions/altera_pll.v Line: 425
        Warning (14320): Synthesized away node "pll_hdmi:pll_hdmi|pll_hdmi_0002:pll_hdmi_inst|altera_pll:altera_pll_i|gnd" File: c:/intelfpga_lite/17.0/quartus/libraries/megafunctions/altera_pll.v Line: 427
Info (19018): Gated clocks are found and converted to use clock enables
    Info (19019): Convert gated clock comb~synth
Info (286031): Timing-Driven Synthesis is running on partition "Top"
Warning (276020): Inferred RAM node "emu:emu|dataController_top:dc0|adb:adb|kbdFifo_rtl_0" from synchronous design logic.  Pass-through logic has been added to match the read-during-write behavior of the original design.
Info (276014): Found 2 instances of uninferred RAM logic
    Info (276007): RAM logic "emu:emu|dataController_top:dc0|adb:adb|kbdFifo" is uninferred due to asynchronous read logic File: C:/Temp/mistercore/lbmactwo_MiSTer/rtl/adb.sv Line: 96
    Info (276007): RAM logic "emu:emu|dataController_top:dc0|rtc:pram|pram" is uninferred due to asynchronous read logic File: C:/Temp/mistercore/lbmactwo_MiSTer/rtl/rtc.v Line: 60
Warning (13046): Tri-state node(s) do not directly drive top-level pin(s)
    Warning (13049): Converted tri-state buffer "emu:emu|SD_CS" feeding internal logic into a wire File: C:/Temp/mistercore/lbmactwo_MiSTer/LBMacTwo.sv Line: 116
Info (19000): Inferred 31 megafunctions from design logic
    Info (276029): Inferred altsyncram megafunction from the following design logic: "emu:emu|vram_ram:vram_inst|mem_rtl_0" 
        Info (286033): Parameter OPERATION_MODE set to BIDIR_DUAL_PORT
        Info (286033): Parameter WIDTH_A set to 16
        Info (286033): Parameter WIDTH_B set to 16
        Info (286033): Parameter WIDTHAD_A set to 16
        Info (286033): Parameter WIDTHAD_B set to 16
        Info (286033): Parameter NUMWORDS_A set to 65536
        Info (286033): Parameter NUMWORDS_B set to 65536
        Info (286033): Parameter OUTDATA_REG_A set to UNREGISTERED
        Info (286033): Parameter OUTDATA_REG_B set to UNREGISTERED
        Info (286033): Parameter ADDRESS_REG_B set to CLOCK1
        Info (286033): Parameter INDATA_REG_B set to CLOCK1
        Info (286033): Parameter WRCONTROL_WRADDRESS_REG_B set to CLOCK1
        Info (286033): Parameter RDCONTROL_REG_B set to CLOCK1
        Info (286033): Parameter INDATA_ACLR_A set to NONE
        Info (286033): Parameter WRCONTROL_ACLR_A set to NONE
        Info (286033): Parameter ADDRESS_ACLR_A set to NONE
        Info (286033): Parameter ADDRESS_ACLR_B set to NONE
        Info (286033): Parameter OUTDATA_ACLR_B set to NONE
        Info (286033): Parameter RAM_BLOCK_TYPE set to M10K
    Info (276029): Inferred altsyncram megafunction from the following design logic: "emu:emu|dataController_top:dc0|adb:adb|kbdFifo_rtl_0" 
        Info (286033): Parameter OPERATION_MODE set to DUAL_PORT
        Info (286033): Parameter WIDTH_A set to 8
        Info (286033): Parameter WIDTHAD_A set to 3
        Info (286033): Parameter NUMWORDS_A set to 8
        Info (286033): Parameter WIDTH_B set to 8
        Info (286033): Parameter WIDTHAD_B set to 3
        Info (286033): Parameter NUMWORDS_B set to 8
        Info (286033): Parameter ADDRESS_ACLR_A set to NONE
        Info (286033): Parameter OUTDATA_REG_B set to UNREGISTERED
        Info (286033): Parameter ADDRESS_ACLR_B set to NONE
        Info (286033): Parameter OUTDATA_ACLR_B set to NONE
        Info (286033): Parameter ADDRESS_REG_B set to CLOCK0
        Info (286033): Parameter INDATA_ACLR_A set to NONE
        Info (286033): Parameter WRCONTROL_ACLR_A set to NONE
        Info (286033): Parameter READ_DURING_WRITE_MODE_MIXED_PORTS set to OLD_DATA
    Info (276029): Inferred altsyncram megafunction from the following design logic: "emu:emu|dataController_top:dc0|asc:asc_inst|ram_a_rtl_0" 
        Info (286033): Parameter OPERATION_MODE set to DUAL_PORT
        Info (286033): Parameter WIDTH_A set to 8
        Info (286033): Parameter WIDTHAD_A set to 10
        Info (286033): Parameter NUMWORDS_A set to 1024
        Info (286033): Parameter WIDTH_B set to 8
        Info (286033): Parameter WIDTHAD_B set to 10
        Info (286033): Parameter NUMWORDS_B set to 1024
        Info (286033): Parameter ADDRESS_ACLR_A set to NONE
        Info (286033): Parameter OUTDATA_REG_B set to UNREGISTERED
        Info (286033): Parameter ADDRESS_ACLR_B set to NONE
        Info (286033): Parameter OUTDATA_ACLR_B set to NONE
        Info (286033): Parameter ADDRESS_REG_B set to CLOCK0
        Info (286033): Parameter INDATA_ACLR_A set to NONE
        Info (286033): Parameter WRCONTROL_ACLR_A set to NONE
        Info (286033): Parameter READ_DURING_WRITE_MODE_MIXED_PORTS set to OLD_DATA
    Info (276029): Inferred altsyncram megafunction from the following design logic: "emu:emu|dataController_top:dc0|asc:asc_inst|ram_a_rtl_1" 
        Info (286033): Parameter OPERATION_MODE set to DUAL_PORT
        Info (286033): Parameter WIDTH_A set to 8
        Info (286033): Parameter WIDTHAD_A set to 10
        Info (286033): Parameter NUMWORDS_A set to 1024
        Info (286033): Parameter WIDTH_B set to 8
        Info (286033): Parameter WIDTHAD_B set to 10
        Info (286033): Parameter NUMWORDS_B set to 1024
        Info (286033): Parameter ADDRESS_ACLR_A set to NONE
        Info (286033): Parameter OUTDATA_REG_B set to UNREGISTERED
        Info (286033): Parameter ADDRESS_ACLR_B set to NONE
        Info (286033): Parameter OUTDATA_ACLR_B set to NONE
        Info (286033): Parameter ADDRESS_REG_B set to CLOCK0
        Info (286033): Parameter INDATA_ACLR_A set to NONE
        Info (286033): Parameter WRCONTROL_ACLR_A set to NONE
        Info (286033): Parameter READ_DURING_WRITE_MODE_MIXED_PORTS set to OLD_DATA
    Info (276029): Inferred altsyncram megafunction from the following design logic: "emu:emu|dataController_top:dc0|asc:asc_inst|ram_b_rtl_0" 
        Info (286033): Parameter OPERATION_MODE set to DUAL_PORT
        Info (286033): Parameter WIDTH_A set to 8
        Info (286033): Parameter WIDTHAD_A set to 10
        Info (286033): Parameter NUMWORDS_A set to 1024
        Info (286033): Parameter WIDTH_B set to 8
        Info (286033): Parameter WIDTHAD_B set to 10
        Info (286033): Parameter NUMWORDS_B set to 1024
        Info (286033): Parameter ADDRESS_ACLR_A set to NONE
        Info (286033): Parameter OUTDATA_REG_B set to UNREGISTERED
        Info (286033): Parameter ADDRESS_ACLR_B set to NONE
        Info (286033): Parameter OUTDATA_ACLR_B set to NONE
        Info (286033): Parameter ADDRESS_REG_B set to CLOCK0
        Info (286033): Parameter INDATA_ACLR_A set to NONE
        Info (286033): Parameter WRCONTROL_ACLR_A set to NONE
        Info (286033): Parameter READ_DURING_WRITE_MODE_MIXED_PORTS set to OLD_DATA
    Info (276029): Inferred altsyncram megafunction from the following design logic: "emu:emu|dataController_top:dc0|asc:asc_inst|ram_b_rtl_1" 
        Info (286033): Parameter OPERATION_MODE set to DUAL_PORT
        Info (286033): Parameter WIDTH_A set to 8
        Info (286033): Parameter WIDTHAD_A set to 10
        Info (286033): Parameter NUMWORDS_A set to 1024
        Info (286033): Parameter WIDTH_B set to 8
        Info (286033): Parameter WIDTHAD_B set to 10
        Info (286033): Parameter NUMWORDS_B set to 1024
        Info (286033): Parameter ADDRESS_ACLR_A set to NONE
        Info (286033): Parameter OUTDATA_REG_B set to UNREGISTERED
        Info (286033): Parameter ADDRESS_ACLR_B set to NONE
        Info (286033): Parameter OUTDATA_ACLR_B set to NONE
        Info (286033): Parameter ADDRESS_REG_B set to CLOCK0
        Info (286033): Parameter INDATA_ACLR_A set to NONE
        Info (286033): Parameter WRCONTROL_ACLR_A set to NONE
        Info (286033): Parameter READ_DURING_WRITE_MODE_MIXED_PORTS set to OLD_DATA
    Info (276029): Inferred altsyncram megafunction from the following design logic: "emu:emu|dataController_top:dc0|ncr5380:scsi|scsi:target[1].target|scsi_dpram:buffer1|ram_ab_rtl_0" 
        Info (286033): Parameter OPERATION_MODE set to BIDIR_DUAL_PORT
        Info (286033): Parameter WIDTH_A set to 8
        Info (286033): Parameter WIDTH_B set to 8
        Info (286033): Parameter WIDTHAD_A set to 9
        Info (286033): Parameter WIDTHAD_B set to 9
        Info (286033): Parameter NUMWORDS_A set to 512
        Info (286033): Parameter NUMWORDS_B set to 512
        Info (286033): Parameter OUTDATA_REG_A set to UNREGISTERED
        Info (286033): Parameter OUTDATA_REG_B set to UNREGISTERED
        Info (286033): Parameter ADDRESS_REG_B set to CLOCK0
        Info (286033): Parameter INDATA_REG_B set to CLOCK0
        Info (286033): Parameter WRCONTROL_WRADDRESS_REG_B set to CLOCK0
        Info (286033): Parameter INDATA_ACLR_A set to NONE
        Info (286033): Parameter WRCONTROL_ACLR_A set to NONE
        Info (286033): Parameter ADDRESS_ACLR_A set to NONE
        Info (286033): Parameter ADDRESS_ACLR_B set to NONE
        Info (286033): Parameter OUTDATA_ACLR_B set to NONE
        Info (286033): Parameter READ_DURING_WRITE_MODE_MIXED_PORTS set to OLD_DATA
    Info (276029): Inferred altsyncram megafunction from the following design logic: "emu:emu|dataController_top:dc0|ncr5380:scsi|scsi:target[1].target|scsi_dpram:buffer1|ram_c_rtl_0" 
        Info (286033): Parameter OPERATION_MODE set to DUAL_PORT
        Info (286033): Parameter WIDTH_A set to 8
        Info (286033): Parameter WIDTHAD_A set to 9
        Info (286033): Parameter NUMWORDS_A set to 512
        Info (286033): Parameter WIDTH_B set to 8
        Info (286033): Parameter WIDTHAD_B set to 9
        Info (286033): Parameter NUMWORDS_B set to 512
        Info (286033): Parameter ADDRESS_ACLR_A set to NONE
        Info (286033): Parameter OUTDATA_REG_B set to UNREGISTERED
        Info (286033): Parameter ADDRESS_ACLR_B set to NONE
        Info (286033): Parameter OUTDATA_ACLR_B set to NONE
        Info (286033): Parameter ADDRESS_REG_B set to CLOCK0
        Info (286033): Parameter INDATA_ACLR_A set to NONE
        Info (286033): Parameter WRCONTROL_ACLR_A set to NONE
        Info (286033): Parameter READ_DURING_WRITE_MODE_MIXED_PORTS set to OLD_DATA
    Info (276029): Inferred altsyncram megafunction from the following design logic: "emu:emu|dataController_top:dc0|ncr5380:scsi|scsi:target[1].target|scsi_dpram:buffer0|ram_ab_rtl_0" 
        Info (286033): Parameter OPERATION_MODE set to BIDIR_DUAL_PORT
        Info (286033): Parameter WIDTH_A set to 8
        Info (286033): Parameter WIDTH_B set to 8
        Info (286033): Parameter WIDTHAD_A set to 9
        Info (286033): Parameter WIDTHAD_B set to 9
        Info (286033): Parameter NUMWORDS_A set to 512
        Info (286033): Parameter NUMWORDS_B set to 512
        Info (286033): Parameter OUTDATA_REG_A set to UNREGISTERED
        Info (286033): Parameter OUTDATA_REG_B set to UNREGISTERED
        Info (286033): Parameter ADDRESS_REG_B set to CLOCK0
        Info (286033): Parameter INDATA_REG_B set to CLOCK0
        Info (286033): Parameter WRCONTROL_WRADDRESS_REG_B set to CLOCK0
        Info (286033): Parameter INDATA_ACLR_A set to NONE
        Info (286033): Parameter WRCONTROL_ACLR_A set to NONE
        Info (286033): Parameter ADDRESS_ACLR_A set to NONE
        Info (286033): Parameter ADDRESS_ACLR_B set to NONE
        Info (286033): Parameter OUTDATA_ACLR_B set to NONE
        Info (286033): Parameter READ_DURING_WRITE_MODE_MIXED_PORTS set to OLD_DATA
    Info (276029): Inferred altsyncram megafunction from the following design logic: "emu:emu|dataController_top:dc0|ncr5380:scsi|scsi:target[1].target|scsi_dpram:buffer0|ram_c_rtl_0" 
        Info (286033): Parameter OPERATION_MODE set to DUAL_PORT
        Info (286033): Parameter WIDTH_A set to 8
        Info (286033): Parameter WIDTHAD_A set to 9
        Info (286033): Parameter NUMWORDS_A set to 512
        Info (286033): Parameter WIDTH_B set to 8
        Info (286033): Parameter WIDTHAD_B set to 9
        Info (286033): Parameter NUMWORDS_B set to 512
        Info (286033): Parameter ADDRESS_ACLR_A set to NONE
        Info (286033): Parameter OUTDATA_REG_B set to UNREGISTERED
        Info (286033): Parameter ADDRESS_ACLR_B set to NONE
        Info (286033): Parameter OUTDATA_ACLR_B set to NONE
        Info (286033): Parameter ADDRESS_REG_B set to CLOCK0
        Info (286033): Parameter INDATA_ACLR_A set to NONE
        Info (286033): Parameter WRCONTROL_ACLR_A set to NONE
        Info (286033): Parameter READ_DURING_WRITE_MODE_MIXED_PORTS set to OLD_DATA
    Info (276029): Inferred altsyncram megafunction from the following design logic: "emu:emu|dataController_top:dc0|ncr5380:scsi|scsi:target[1].target|scsi_dpram:buffer0|ram_d_rtl_0" 
        Info (286033): Parameter OPERATION_MODE set to DUAL_PORT
        Info (286033): Parameter WIDTH_A set to 8
        Info (286033): Parameter WIDTHAD_A set to 9
        Info (286033): Parameter NUMWORDS_A set to 512
        Info (286033): Parameter WIDTH_B set to 8
        Info (286033): Parameter WIDTHAD_B set to 9
        Info (286033): Parameter NUMWORDS_B set to 512
        Info (286033): Parameter ADDRESS_ACLR_A set to NONE
        Info (286033): Parameter OUTDATA_REG_B set to UNREGISTERED
        Info (286033): Parameter ADDRESS_ACLR_B set to NONE
        Info (286033): Parameter OUTDATA_ACLR_B set to NONE
        Info (286033): Parameter ADDRESS_REG_B set to CLOCK0
        Info (286033): Parameter INDATA_ACLR_A set to NONE
        Info (286033): Parameter WRCONTROL_ACLR_A set to NONE
        Info (286033): Parameter READ_DURING_WRITE_MODE_MIXED_PORTS set to OLD_DATA
    Info (276029): Inferred altsyncram megafunction from the following design logic: "emu:emu|dataController_top:dc0|ncr5380:scsi|scsi:target[0].target|scsi_dpram:buffer1|ram_ab_rtl_0" 
        Info (286033): Parameter OPERATION_MODE set to BIDIR_DUAL_PORT
        Info (286033): Parameter WIDTH_A set to 8
        Info (286033): Parameter WIDTH_B set to 8
        Info (286033): Parameter WIDTHAD_A set to 9
        Info (286033): Parameter WIDTHAD_B set to 9
        Info (286033): Parameter NUMWORDS_A set to 512
        Info (286033): Parameter NUMWORDS_B set to 512
        Info (286033): Parameter OUTDATA_REG_A set to UNREGISTERED
        Info (286033): Parameter OUTDATA_REG_B set to UNREGISTERED
        Info (286033): Parameter ADDRESS_REG_B set to CLOCK0
        Info (286033): Parameter INDATA_REG_B set to CLOCK0
        Info (286033): Parameter WRCONTROL_WRADDRESS_REG_B set to CLOCK0
        Info (286033): Parameter INDATA_ACLR_A set to NONE
        Info (286033): Parameter WRCONTROL_ACLR_A set to NONE
        Info (286033): Parameter ADDRESS_ACLR_A set to NONE
        Info (286033): Parameter ADDRESS_ACLR_B set to NONE
        Info (286033): Parameter OUTDATA_ACLR_B set to NONE
        Info (286033): Parameter READ_DURING_WRITE_MODE_MIXED_PORTS set to OLD_DATA
    Info (276029): Inferred altsyncram megafunction from the following design logic: "emu:emu|dataController_top:dc0|ncr5380:scsi|scsi:target[0].target|scsi_dpram:buffer1|ram_c_rtl_0" 
        Info (286033): Parameter OPERATION_MODE set to DUAL_PORT
        Info (286033): Parameter WIDTH_A set to 8
        Info (286033): Parameter WIDTHAD_A set to 9
        Info (286033): Parameter NUMWORDS_A set to 512
        Info (286033): Parameter WIDTH_B set to 8
        Info (286033): Parameter WIDTHAD_B set to 9
        Info (286033): Parameter NUMWORDS_B set to 512
        Info (286033): Parameter ADDRESS_ACLR_A set to NONE
        Info (286033): Parameter OUTDATA_REG_B set to UNREGISTERED
        Info (286033): Parameter ADDRESS_ACLR_B set to NONE
        Info (286033): Parameter OUTDATA_ACLR_B set to NONE
        Info (286033): Parameter ADDRESS_REG_B set to CLOCK0
        Info (286033): Parameter INDATA_ACLR_A set to NONE
        Info (286033): Parameter WRCONTROL_ACLR_A set to NONE
        Info (286033): Parameter READ_DURING_WRITE_MODE_MIXED_PORTS set to OLD_DATA
    Info (276029): Inferred altsyncram megafunction from the following design logic: "emu:emu|dataController_top:dc0|ncr5380:scsi|scsi:target[0].target|scsi_dpram:buffer0|ram_ab_rtl_0" 
        Info (286033): Parameter OPERATION_MODE set to BIDIR_DUAL_PORT
        Info (286033): Parameter WIDTH_A set to 8
        Info (286033): Parameter WIDTH_B set to 8
        Info (286033): Parameter WIDTHAD_A set to 9
        Info (286033): Parameter WIDTHAD_B set to 9
        Info (286033): Parameter NUMWORDS_A set to 512
        Info (286033): Parameter NUMWORDS_B set to 512
        Info (286033): Parameter OUTDATA_REG_A set to UNREGISTERED
        Info (286033): Parameter OUTDATA_REG_B set to UNREGISTERED
        Info (286033): Parameter ADDRESS_REG_B set to CLOCK0
        Info (286033): Parameter INDATA_REG_B set to CLOCK0
        Info (286033): Parameter WRCONTROL_WRADDRESS_REG_B set to CLOCK0
        Info (286033): Parameter INDATA_ACLR_A set to NONE
        Info (286033): Parameter WRCONTROL_ACLR_A set to NONE
        Info (286033): Parameter ADDRESS_ACLR_A set to NONE
        Info (286033): Parameter ADDRESS_ACLR_B set to NONE
        Info (286033): Parameter OUTDATA_ACLR_B set to NONE
        Info (286033): Parameter READ_DURING_WRITE_MODE_MIXED_PORTS set to OLD_DATA
    Info (276029): Inferred altsyncram megafunction from the following design logic: "emu:emu|dataController_top:dc0|ncr5380:scsi|scsi:target[0].target|scsi_dpram:buffer0|ram_c_rtl_0" 
        Info (286033): Parameter OPERATION_MODE set to DUAL_PORT
        Info (286033): Parameter WIDTH_A set to 8
        Info (286033): Parameter WIDTHAD_A set to 9
        Info (286033): Parameter NUMWORDS_A set to 512
        Info (286033): Parameter WIDTH_B set to 8
        Info (286033): Parameter WIDTHAD_B set to 9
        Info (286033): Parameter NUMWORDS_B set to 512
        Info (286033): Parameter ADDRESS_ACLR_A set to NONE
        Info (286033): Parameter OUTDATA_REG_B set to UNREGISTERED
        Info (286033): Parameter ADDRESS_ACLR_B set to NONE
        Info (286033): Parameter OUTDATA_ACLR_B set to NONE
        Info (286033): Parameter ADDRESS_REG_B set to CLOCK0
        Info (286033): Parameter INDATA_ACLR_A set to NONE
        Info (286033): Parameter WRCONTROL_ACLR_A set to NONE
        Info (286033): Parameter READ_DURING_WRITE_MODE_MIXED_PORTS set to OLD_DATA
    Info (276029): Inferred altsyncram megafunction from the following design logic: "emu:emu|dataController_top:dc0|ncr5380:scsi|scsi:target[0].target|scsi_dpram:buffer0|ram_d_rtl_0" 
        Info (286033): Parameter OPERATION_MODE set to DUAL_PORT
        Info (286033): Parameter WIDTH_A set to 8
        Info (286033): Parameter WIDTHAD_A set to 9
        Info (286033): Parameter NUMWORDS_A set to 512
        Info (286033): Parameter WIDTH_B set to 8
        Info (286033): Parameter WIDTHAD_B set to 9
        Info (286033): Parameter NUMWORDS_B set to 512
        Info (286033): Parameter ADDRESS_ACLR_A set to NONE
        Info (286033): Parameter OUTDATA_REG_B set to UNREGISTERED
        Info (286033): Parameter ADDRESS_ACLR_B set to NONE
        Info (286033): Parameter OUTDATA_ACLR_B set to NONE
        Info (286033): Parameter ADDRESS_REG_B set to CLOCK0
        Info (286033): Parameter INDATA_ACLR_A set to NONE
        Info (286033): Parameter WRCONTROL_ACLR_A set to NONE
        Info (286033): Parameter READ_DURING_WRITE_MODE_MIXED_PORTS set to OLD_DATA
    Info (276029): Inferred altsyncram megafunction from the following design logic: "emu:emu|nubus_video_mdc824:nubus_card|rom_rtl_0" 
        Info (286033): Parameter OPERATION_MODE set to ROM
        Info (286033): Parameter WIDTH_A set to 16
        Info (286033): Parameter WIDTHAD_A set to 14
        Info (286033): Parameter NUMWORDS_A set to 16384
        Info (286033): Parameter OUTDATA_REG_A set to UNREGISTERED
        Info (286033): Parameter ADDRESS_ACLR_A set to NONE
        Info (286033): Parameter OUTDATA_ACLR_A set to NONE
        Info (286033): Parameter INDATA_ACLR_A set to NONE
        Info (286033): Parameter WRCONTROL_ACLR_A set to NONE
        Info (286033): Parameter RAM_BLOCK_TYPE set to M10K
        Info (286033): Parameter INIT_FILE set to db/LBMacTwo.ram0_nubus_video_mdc824_95d5cb5.hdl.mif
    Info (276029): Inferred altsyncram megafunction from the following design logic: "osd:vga_osd|osd_buffer_rtl_0" 
        Info (286033): Parameter OPERATION_MODE set to DUAL_PORT
        Info (286033): Parameter WIDTH_A set to 8
        Info (286033): Parameter WIDTHAD_A set to 12
        Info (286033): Parameter NUMWORDS_A set to 4096
        Info (286033): Parameter WIDTH_B set to 8
        Info (286033): Parameter WIDTHAD_B set to 12
        Info (286033): Parameter NUMWORDS_B set to 4096
        Info (286033): Parameter ADDRESS_ACLR_A set to NONE
        Info (286033): Parameter OUTDATA_REG_B set to UNREGISTERED
        Info (286033): Parameter ADDRESS_ACLR_B set to NONE
        Info (286033): Parameter OUTDATA_ACLR_B set to NONE
        Info (286033): Parameter ADDRESS_REG_B set to CLOCK0
        Info (286033): Parameter INDATA_ACLR_A set to NONE
        Info (286033): Parameter WRCONTROL_ACLR_A set to NONE
        Info (286033): Parameter RDCONTROL_REG_B set to CLOCK0
    Info (276029): Inferred altsyncram megafunction from the following design logic: "osd:hdmi_osd|osd_buffer_rtl_0" 
        Info (286033): Parameter OPERATION_MODE set to DUAL_PORT
        Info (286033): Parameter WIDTH_A set to 8
        Info (286033): Parameter WIDTHAD_A set to 12
        Info (286033): Parameter NUMWORDS_A set to 4096
        Info (286033): Parameter WIDTH_B set to 8
        Info (286033): Parameter WIDTHAD_B set to 12
        Info (286033): Parameter NUMWORDS_B set to 4096
        Info (286033): Parameter ADDRESS_ACLR_A set to NONE
        Info (286033): Parameter OUTDATA_REG_B set to UNREGISTERED
        Info (286033): Parameter ADDRESS_ACLR_B set to NONE
        Info (286033): Parameter OUTDATA_ACLR_B set to NONE
        Info (286033): Parameter ADDRESS_REG_B set to CLOCK1
        Info (286033): Parameter INDATA_ACLR_A set to NONE
        Info (286033): Parameter WRCONTROL_ACLR_A set to NONE
    Info (276029): Inferred altsyncram megafunction from the following design logic: "shadowmask:HDMI_shadowmask|mask_lut_rtl_0" 
        Info (286033): Parameter OPERATION_MODE set to DUAL_PORT
        Info (286033): Parameter WIDTH_A set to 11
        Info (286033): Parameter WIDTHAD_A set to 8
        Info (286033): Parameter NUMWORDS_A set to 256
        Info (286033): Parameter WIDTH_B set to 11
        Info (286033): Parameter WIDTHAD_B set to 8
        Info (286033): Parameter NUMWORDS_B set to 256
        Info (286033): Parameter ADDRESS_ACLR_A set to NONE
        Info (286033): Parameter OUTDATA_REG_B set to UNREGISTERED
        Info (286033): Parameter ADDRESS_ACLR_B set to NONE
        Info (286033): Parameter OUTDATA_ACLR_B set to NONE
        Info (286033): Parameter ADDRESS_REG_B set to CLOCK1
        Info (286033): Parameter INDATA_ACLR_A set to NONE
        Info (286033): Parameter WRCONTROL_ACLR_A set to NONE
    Info (276029): Inferred altsyncram megafunction from the following design logic: "ascal:ascal|i_dpram_rtl_0" 
        Info (286033): Parameter OPERATION_MODE set to DUAL_PORT
        Info (286033): Parameter WIDTH_A set to 128
        Info (286033): Parameter WIDTHAD_A set to 5
        Info (286033): Parameter NUMWORDS_A set to 32
        Info (286033): Parameter WIDTH_B set to 128
        Info (286033): Parameter WIDTHAD_B set to 5
        Info (286033): Parameter NUMWORDS_B set to 32
        Info (286033): Parameter ADDRESS_ACLR_A set to NONE
        Info (286033): Parameter OUTDATA_REG_B set to UNREGISTERED
        Info (286033): Parameter ADDRESS_ACLR_B set to NONE
        Info (286033): Parameter OUTDATA_ACLR_B set to NONE
        Info (286033): Parameter ADDRESS_REG_B set to CLOCK1
        Info (286033): Parameter INDATA_ACLR_A set to NONE
        Info (286033): Parameter WRCONTROL_ACLR_A set to NONE
    Info (276029): Inferred altsyncram megafunction from the following design logic: "ascal:ascal|pal1_mem_rtl_0" 
        Info (286033): Parameter OPERATION_MODE set to DUAL_PORT
        Info (286033): Parameter WIDTH_A set to 48
        Info (286033): Parameter WIDTHAD_A set to 7
        Info (286033): Parameter NUMWORDS_A set to 128
        Info (286033): Parameter WIDTH_B set to 48
        Info (286033): Parameter WIDTHAD_B set to 7
        Info (286033): Parameter NUMWORDS_B set to 128
        Info (286033): Parameter ADDRESS_ACLR_A set to NONE
        Info (286033): Parameter OUTDATA_REG_B set to UNREGISTERED
        Info (286033): Parameter ADDRESS_ACLR_B set to NONE
        Info (286033): Parameter OUTDATA_ACLR_B set to NONE
        Info (286033): Parameter ADDRESS_REG_B set to CLOCK1
        Info (286033): Parameter INDATA_ACLR_A set to NONE
        Info (286033): Parameter WRCONTROL_ACLR_A set to NONE
    Info (276029): Inferred altsyncram megafunction from the following design logic: "ascal:ascal|o_dpram_rtl_0" 
        Info (286033): Parameter OPERATION_MODE set to DUAL_PORT
        Info (286033): Parameter WIDTH_A set to 128
        Info (286033): Parameter WIDTHAD_A set to 5
        Info (286033): Parameter NUMWORDS_A set to 32
        Info (286033): Parameter WIDTH_B set to 128
        Info (286033): Parameter WIDTHAD_B set to 5
        Info (286033): Parameter NUMWORDS_B set to 32
        Info (286033): Parameter ADDRESS_ACLR_A set to NONE
        Info (286033): Parameter OUTDATA_REG_B set to CLOCK1
        Info (286033): Parameter ADDRESS_ACLR_B set to NONE
        Info (286033): Parameter OUTDATA_ACLR_B set to NONE
        Info (286033): Parameter ADDRESS_REG_B set to CLOCK1
        Info (286033): Parameter INDATA_ACLR_A set to NONE
        Info (286033): Parameter WRCONTROL_ACLR_A set to NONE
    Info (276029): Inferred altsyncram megafunction from the following design logic: "ascal:ascal|o_h_poly_mem_rtl_0" 
        Info (286033): Parameter OPERATION_MODE set to DUAL_PORT
        Info (286033): Parameter WIDTH_A set to 40
        Info (286033): Parameter WIDTHAD_A set to 8
        Info (286033): Parameter NUMWORDS_A set to 256
        Info (286033): Parameter WIDTH_B set to 40
        Info (286033): Parameter WIDTHAD_B set to 8
        Info (286033): Parameter NUMWORDS_B set to 256
        Info (286033): Parameter ADDRESS_ACLR_A set to NONE
        Info (286033): Parameter OUTDATA_REG_B set to UNREGISTERED
        Info (286033): Parameter ADDRESS_ACLR_B set to NONE
        Info (286033): Parameter OUTDATA_ACLR_B set to NONE
        Info (286033): Parameter ADDRESS_REG_B set to CLOCK1
        Info (286033): Parameter INDATA_ACLR_A set to NONE
        Info (286033): Parameter WRCONTROL_ACLR_A set to NONE
    Info (276029): Inferred altsyncram megafunction from the following design logic: "ascal:ascal|o_v_poly_mem_rtl_0" 
        Info (286033): Parameter OPERATION_MODE set to DUAL_PORT
        Info (286033): Parameter WIDTH_A set to 40
        Info (286033): Parameter WIDTHAD_A set to 8
        Info (286033): Parameter NUMWORDS_A set to 256
        Info (286033): Parameter WIDTH_B set to 40
        Info (286033): Parameter WIDTHAD_B set to 8
        Info (286033): Parameter NUMWORDS_B set to 256
        Info (286033): Parameter ADDRESS_ACLR_A set to NONE
        Info (286033): Parameter OUTDATA_REG_B set to UNREGISTERED
        Info (286033): Parameter ADDRESS_ACLR_B set to NONE
        Info (286033): Parameter OUTDATA_ACLR_B set to NONE
        Info (286033): Parameter ADDRESS_REG_B set to CLOCK1
        Info (286033): Parameter INDATA_ACLR_A set to NONE
        Info (286033): Parameter WRCONTROL_ACLR_A set to NONE
    Info (276029): Inferred altsyncram megafunction from the following design logic: "ascal:ascal|o_a_poly_mem_rtl_0" 
        Info (286033): Parameter OPERATION_MODE set to DUAL_PORT
        Info (286033): Parameter WIDTH_A set to 40
        Info (286033): Parameter WIDTHAD_A set to 8
        Info (286033): Parameter NUMWORDS_A set to 256
        Info (286033): Parameter WIDTH_B set to 40
        Info (286033): Parameter WIDTHAD_B set to 8
        Info (286033): Parameter NUMWORDS_B set to 256
        Info (286033): Parameter ADDRESS_ACLR_A set to NONE
        Info (286033): Parameter OUTDATA_REG_B set to UNREGISTERED
        Info (286033): Parameter ADDRESS_ACLR_B set to NONE
        Info (286033): Parameter OUTDATA_ACLR_B set to NONE
        Info (286033): Parameter ADDRESS_REG_B set to CLOCK1
        Info (286033): Parameter INDATA_ACLR_A set to NONE
        Info (286033): Parameter WRCONTROL_ACLR_A set to NONE
    Info (276034): Inferred altshift_taps megafunction from the following design logic: "yc_out:yc_out|phase[2].y_rtl_0"
        Info (286033): Parameter NUMBER_OF_TAPS set to 1
        Info (286033): Parameter TAP_DISTANCE set to 3
        Info (286033): Parameter WIDTH set to 12
        Info (286033): Parameter POWER_UP_STATE set to DONT_CARE
    Info (276034): Inferred altshift_taps megafunction from the following design logic: "shadowmask:HDMI_shadowmask|vid_rtl_0"
        Info (286033): Parameter NUMBER_OF_TAPS set to 1
        Info (286033): Parameter TAP_DISTANCE set to 4
        Info (286033): Parameter WIDTH set to 81
        Info (286033): Parameter POWER_UP_STATE set to DONT_CARE
    Info (276034): Inferred altshift_taps megafunction from the following design logic: "ascal:ascal|o_vpix_inner[2].r_rtl_0"
        Info (286033): Parameter NUMBER_OF_TAPS set to 1
        Info (286033): Parameter TAP_DISTANCE set to 4
        Info (286033): Parameter WIDTH set to 24
        Info (286033): Parameter POWER_UP_STATE set to DONT_CARE
    Info (276034): Inferred altshift_taps megafunction from the following design logic: "vga_out:vga_out|din1_rtl_0"
        Info (286033): Parameter NUMBER_OF_TAPS set to 1
        Info (286033): Parameter TAP_DISTANCE set to 3
        Info (286033): Parameter WIDTH set to 30
        Info (286033): Parameter POWER_UP_STATE set to DONT_CARE
    Info (276034): Inferred altshift_taps megafunction from the following design logic: "vga_out:vga_scaler_out|din1_rtl_0"
        Info (286033): Parameter NUMBER_OF_TAPS set to 1
        Info (286033): Parameter TAP_DISTANCE set to 3
        Info (286033): Parameter WIDTH set to 31
        Info (286033): Parameter POWER_UP_STATE set to DONT_CARE
Info (278001): Inferred 11 megafunctions from design logic
    Info (278004): Inferred divider/modulo megafunction ("lpm_divide") from the following logic: "emu:emu|mc68881_fpu_lite:fpu_inst|mc68881_top:u_fpu|Div0" File: C:/Temp/mistercore/lbmactwo_MiSTer/rtl/mc68881/vhdl/mc68881_top.vhd Line: 727
    Info (278004): Inferred divider/modulo megafunction ("lpm_divide") from the following logic: "emu:emu|mc68881_fpu_lite:fpu_inst|mc68881_top:u_fpu|Div1" File: C:/Temp/mistercore/lbmactwo_MiSTer/rtl/mc68881/vhdl/mc68881_top.vhd Line: 727
    Info (278004): Inferred divider/modulo megafunction ("lpm_divide") from the following logic: "emu:emu|mc68881_fpu_lite:fpu_inst|mc68881_top:u_fpu|Div2" File: C:/Temp/mistercore/lbmactwo_MiSTer/rtl/mc68881/vhdl/mc68881_top.vhd Line: 727
    Info (278004): Inferred divider/modulo megafunction ("lpm_divide") from the following logic: "emu:emu|mc68881_fpu_lite:fpu_inst|mc68881_top:u_fpu|Div3" File: C:/Temp/mistercore/lbmactwo_MiSTer/rtl/mc68881/vhdl/mc68881_top.vhd Line: 727
    Info (278004): Inferred divider/modulo megafunction ("lpm_divide") from the following logic: "emu:emu|mc68881_fpu_lite:fpu_inst|mc68881_top:u_fpu|Div4" File: C:/Temp/mistercore/lbmactwo_MiSTer/rtl/mc68881/vhdl/mc68881_top.vhd Line: 727
    Info (278004): Inferred divider/modulo megafunction ("lpm_divide") from the following logic: "emu:emu|mc68881_fpu_lite:fpu_inst|mc68881_top:u_fpu|Div5" File: C:/Temp/mistercore/lbmactwo_MiSTer/rtl/mc68881/vhdl/mc68881_top.vhd Line: 727
    Info (278004): Inferred divider/modulo megafunction ("lpm_divide") from the following logic: "emu:emu|mc68881_fpu_lite:fpu_inst|mc68881_top:u_fpu|Div6" File: C:/Temp/mistercore/lbmactwo_MiSTer/rtl/mc68881/vhdl/mc68881_top.vhd Line: 727
    Info (278004): Inferred divider/modulo megafunction ("lpm_divide") from the following logic: "emu:emu|mc68881_fpu_lite:fpu_inst|mc68881_top:u_fpu|Div7" File: C:/Temp/mistercore/lbmactwo_MiSTer/rtl/mc68881/vhdl/mc68881_top.vhd Line: 727
    Info (278004): Inferred divider/modulo megafunction ("lpm_divide") from the following logic: "emu:emu|mc68881_fpu_lite:fpu_inst|mc68881_top:u_fpu|Div8" File: C:/Temp/mistercore/lbmactwo_MiSTer/rtl/mc68881/vhdl/mc68881_top.vhd Line: 727
    Info (278004): Inferred divider/modulo megafunction ("lpm_divide") from the following logic: "emu:emu|mc68881_fpu_lite:fpu_inst|mc68881_top:u_fpu|Mod8" File: C:/Temp/mistercore/lbmactwo_MiSTer/rtl/mc68881/vhdl/mc68881_top.vhd Line: 743
    Info (278004): Inferred divider/modulo megafunction ("lpm_divide") from the following logic: "emu:emu|mc68881_fpu_lite:fpu_inst|mc68881_top:u_fpu|Mod9" File: C:/Temp/mistercore/lbmactwo_MiSTer/rtl/mc68881/vhdl/mc68881_top.vhd Line: 598
Info (12130): Elaborated megafunction instantiation "osd:vga_osd|altsyncram:osd_buffer_rtl_0"
Info (12133): Instantiated megafunction "osd:vga_osd|altsyncram:osd_buffer_rtl_0" with the following parameter:
    Info (12134): Parameter "OPERATION_MODE" = "DUAL_PORT"
    Info (12134): Parameter "WIDTH_A" = "8"
    Info (12134): Parameter "WIDTHAD_A" = "12"
    Info (12134): Parameter "NUMWORDS_A" = "4096"
    Info (12134): Parameter "WIDTH_B" = "8"
    Info (12134): Parameter "WIDTHAD_B" = "12"
    Info (12134): Parameter "NUMWORDS_B" = "4096"
    Info (12134): Parameter "ADDRESS_ACLR_A" = "NONE"
    Info (12134): Parameter "OUTDATA_REG_B" = "UNREGISTERED"
    Info (12134): Parameter "ADDRESS_ACLR_B" = "NONE"
    Info (12134): Parameter "OUTDATA_ACLR_B" = "NONE"
    Info (12134): Parameter "ADDRESS_REG_B" = "CLOCK0"
    Info (12134): Parameter "INDATA_ACLR_A" = "NONE"
    Info (12134): Parameter "WRCONTROL_ACLR_A" = "NONE"
    Info (12134): Parameter "RDCONTROL_REG_B" = "CLOCK0"
Info (12021): Found 1 design units, including 1 entities, in source file db/altsyncram_0nl1.tdf
    Info (12023): Found entity 1: altsyncram_0nl1 File: C:/Temp/mistercore/lbmactwo_MiSTer/db/altsyncram_0nl1.tdf Line: 28
Info (12130): Elaborated megafunction instantiation "osd:hdmi_osd|altsyncram:osd_buffer_rtl_0"
Info (12133): Instantiated megafunction "osd:hdmi_osd|altsyncram:osd_buffer_rtl_0" with the following parameter:
    Info (12134): Parameter "OPERATION_MODE" = "DUAL_PORT"
    Info (12134): Parameter "WIDTH_A" = "8"
    Info (12134): Parameter "WIDTHAD_A" = "12"
    Info (12134): Parameter "NUMWORDS_A" = "4096"
    Info (12134): Parameter "WIDTH_B" = "8"
    Info (12134): Parameter "WIDTHAD_B" = "12"
    Info (12134): Parameter "NUMWORDS_B" = "4096"
    Info (12134): Parameter "ADDRESS_ACLR_A" = "NONE"
    Info (12134): Parameter "OUTDATA_REG_B" = "UNREGISTERED"
    Info (12134): Parameter "ADDRESS_ACLR_B" = "NONE"
    Info (12134): Parameter "OUTDATA_ACLR_B" = "NONE"
    Info (12134): Parameter "ADDRESS_REG_B" = "CLOCK1"
    Info (12134): Parameter "INDATA_ACLR_A" = "NONE"
    Info (12134): Parameter "WRCONTROL_ACLR_A" = "NONE"
Info (12021): Found 1 design units, including 1 entities, in source file db/altsyncram_i6k1.tdf
    Info (12023): Found entity 1: altsyncram_i6k1 File: C:/Temp/mistercore/lbmactwo_MiSTer/db/altsyncram_i6k1.tdf Line: 28
Info (12130): Elaborated megafunction instantiation "shadowmask:HDMI_shadowmask|altsyncram:mask_lut_rtl_0"
Info (12133): Instantiated megafunction "shadowmask:HDMI_shadowmask|altsyncram:mask_lut_rtl_0" with the following parameter:
    Info (12134): Parameter "OPERATION_MODE" = "DUAL_PORT"
    Info (12134): Parameter "WIDTH_A" = "11"
    Info (12134): Parameter "WIDTHAD_A" = "8"
    Info (12134): Parameter "NUMWORDS_A" = "256"
    Info (12134): Parameter "WIDTH_B" = "11"
    Info (12134): Parameter "WIDTHAD_B" = "8"
    Info (12134): Parameter "NUMWORDS_B" = "256"
    Info (12134): Parameter "ADDRESS_ACLR_A" = "NONE"
    Info (12134): Parameter "OUTDATA_REG_B" = "UNREGISTERED"
    Info (12134): Parameter "ADDRESS_ACLR_B" = "NONE"
    Info (12134): Parameter "OUTDATA_ACLR_B" = "NONE"
    Info (12134): Parameter "ADDRESS_REG_B" = "CLOCK1"
    Info (12134): Parameter "INDATA_ACLR_A" = "NONE"
    Info (12134): Parameter "WRCONTROL_ACLR_A" = "NONE"
Info (12021): Found 1 design units, including 1 entities, in source file db/altsyncram_k9j1.tdf
    Info (12023): Found entity 1: altsyncram_k9j1 File: C:/Temp/mistercore/lbmactwo_MiSTer/db/altsyncram_k9j1.tdf Line: 28
Info (12130): Elaborated megafunction instantiation "ascal:ascal|altshift_taps:o_vpix_inner[2].r_rtl_0"
Info (12133): Instantiated megafunction "ascal:ascal|altshift_taps:o_vpix_inner[2].r_rtl_0" with the following parameter:
    Info (12134): Parameter "NUMBER_OF_TAPS" = "1"
    Info (12134): Parameter "TAP_DISTANCE" = "4"
    Info (12134): Parameter "WIDTH" = "24"
    Info (12134): Parameter "POWER_UP_STATE" = "DONT_CARE"
Info (12021): Found 1 design units, including 1 entities, in source file db/shift_taps_agv.tdf
    Info (12023): Found entity 1: shift_taps_agv File: C:/Temp/mistercore/lbmactwo_MiSTer/db/shift_taps_agv.tdf Line: 27
Info (12021): Found 1 design units, including 1 entities, in source file db/altsyncram_jr91.tdf
    Info (12023): Found entity 1: altsyncram_jr91 File: C:/Temp/mistercore/lbmactwo_MiSTer/db/altsyncram_jr91.tdf Line: 28
Info (12021): Found 1 design units, including 1 entities, in source file db/cntr_phf.tdf
    Info (12023): Found entity 1: cntr_phf File: C:/Temp/mistercore/lbmactwo_MiSTer/db/cntr_phf.tdf Line: 26
Info (12130): Elaborated megafunction instantiation "emu:emu|dataController_top:dc0|asc:asc_inst|altsyncram:ram_a_rtl_0"
Info (12133): Instantiated megafunction "emu:emu|dataController_top:dc0|asc:asc_inst|altsyncram:ram_a_rtl_0" with the following parameter:
    Info (12134): Parameter "OPERATION_MODE" = "DUAL_PORT"
    Info (12134): Parameter "WIDTH_A" = "8"
    Info (12134): Parameter "WIDTHAD_A" = "10"
    Info (12134): Parameter "NUMWORDS_A" = "1024"
    Info (12134): Parameter "WIDTH_B" = "8"
    Info (12134): Parameter "WIDTHAD_B" = "10"
    Info (12134): Parameter "NUMWORDS_B" = "1024"
    Info (12134): Parameter "ADDRESS_ACLR_A" = "NONE"
    Info (12134): Parameter "OUTDATA_REG_B" = "UNREGISTERED"
    Info (12134): Parameter "ADDRESS_ACLR_B" = "NONE"
    Info (12134): Parameter "OUTDATA_ACLR_B" = "NONE"
    Info (12134): Parameter "ADDRESS_REG_B" = "CLOCK0"
    Info (12134): Parameter "INDATA_ACLR_A" = "NONE"
    Info (12134): Parameter "WRCONTROL_ACLR_A" = "NONE"
    Info (12134): Parameter "READ_DURING_WRITE_MODE_MIXED_PORTS" = "OLD_DATA"
Info (12021): Found 1 design units, including 1 entities, in source file db/altsyncram_09n1.tdf
    Info (12023): Found entity 1: altsyncram_09n1 File: C:/Temp/mistercore/lbmactwo_MiSTer/db/altsyncram_09n1.tdf Line: 28
Info (12130): Elaborated megafunction instantiation "emu:emu|dataController_top:dc0|ncr5380:scsi|scsi:target[1].target|scsi_dpram:buffer1|altsyncram:ram_ab_rtl_0"
Info (12133): Instantiated megafunction "emu:emu|dataController_top:dc0|ncr5380:scsi|scsi:target[1].target|scsi_dpram:buffer1|altsyncram:ram_ab_rtl_0" with the following parameter:
    Info (12134): Parameter "OPERATION_MODE" = "BIDIR_DUAL_PORT"
    Info (12134): Parameter "WIDTH_A" = "8"
    Info (12134): Parameter "WIDTH_B" = "8"
    Info (12134): Parameter "WIDTHAD_A" = "9"
    Info (12134): Parameter "WIDTHAD_B" = "9"
    Info (12134): Parameter "NUMWORDS_A" = "512"
    Info (12134): Parameter "NUMWORDS_B" = "512"
    Info (12134): Parameter "OUTDATA_REG_A" = "UNREGISTERED"
    Info (12134): Parameter "OUTDATA_REG_B" = "UNREGISTERED"
    Info (12134): Parameter "ADDRESS_REG_B" = "CLOCK0"
    Info (12134): Parameter "INDATA_REG_B" = "CLOCK0"
    Info (12134): Parameter "WRCONTROL_WRADDRESS_REG_B" = "CLOCK0"
    Info (12134): Parameter "INDATA_ACLR_A" = "NONE"
    Info (12134): Parameter "WRCONTROL_ACLR_A" = "NONE"
    Info (12134): Parameter "ADDRESS_ACLR_A" = "NONE"
    Info (12134): Parameter "ADDRESS_ACLR_B" = "NONE"
    Info (12134): Parameter "OUTDATA_ACLR_B" = "NONE"
    Info (12134): Parameter "READ_DURING_WRITE_MODE_MIXED_PORTS" = "OLD_DATA"
Info (12021): Found 1 design units, including 1 entities, in source file db/altsyncram_4a12.tdf
    Info (12023): Found entity 1: altsyncram_4a12 File: C:/Temp/mistercore/lbmactwo_MiSTer/db/altsyncram_4a12.tdf Line: 28
Info (12130): Elaborated megafunction instantiation "emu:emu|dataController_top:dc0|ncr5380:scsi|scsi:target[1].target|scsi_dpram:buffer1|altsyncram:ram_c_rtl_0"
Info (12133): Instantiated megafunction "emu:emu|dataController_top:dc0|ncr5380:scsi|scsi:target[1].target|scsi_dpram:buffer1|altsyncram:ram_c_rtl_0" with the following parameter:
    Info (12134): Parameter "OPERATION_MODE" = "DUAL_PORT"
    Info (12134): Parameter "WIDTH_A" = "8"
    Info (12134): Parameter "WIDTHAD_A" = "9"
    Info (12134): Parameter "NUMWORDS_A" = "512"
    Info (12134): Parameter "WIDTH_B" = "8"
    Info (12134): Parameter "WIDTHAD_B" = "9"
    Info (12134): Parameter "NUMWORDS_B" = "512"
    Info (12134): Parameter "ADDRESS_ACLR_A" = "NONE"
    Info (12134): Parameter "OUTDATA_REG_B" = "UNREGISTERED"
    Info (12134): Parameter "ADDRESS_ACLR_B" = "NONE"
    Info (12134): Parameter "OUTDATA_ACLR_B" = "NONE"
    Info (12134): Parameter "ADDRESS_REG_B" = "CLOCK0"
    Info (12134): Parameter "INDATA_ACLR_A" = "NONE"
    Info (12134): Parameter "WRCONTROL_ACLR_A" = "NONE"
    Info (12134): Parameter "READ_DURING_WRITE_MODE_MIXED_PORTS" = "OLD_DATA"
Info (12021): Found 1 design units, including 1 entities, in source file db/altsyncram_i3n1.tdf
    Info (12023): Found entity 1: altsyncram_i3n1 File: C:/Temp/mistercore/lbmactwo_MiSTer/db/altsyncram_i3n1.tdf Line: 28
Info (12130): Elaborated megafunction instantiation "ascal:ascal|altsyncram:i_dpram_rtl_0"
Info (12133): Instantiated megafunction "ascal:ascal|altsyncram:i_dpram_rtl_0" with the following parameter:
    Info (12134): Parameter "OPERATION_MODE" = "DUAL_PORT"
    Info (12134): Parameter "WIDTH_A" = "128"
    Info (12134): Parameter "WIDTHAD_A" = "5"
    Info (12134): Parameter "NUMWORDS_A" = "32"
    Info (12134): Parameter "WIDTH_B" = "128"
    Info (12134): Parameter "WIDTHAD_B" = "5"
    Info (12134): Parameter "NUMWORDS_B" = "32"
    Info (12134): Parameter "ADDRESS_ACLR_A" = "NONE"
    Info (12134): Parameter "OUTDATA_REG_B" = "UNREGISTERED"
    Info (12134): Parameter "ADDRESS_ACLR_B" = "NONE"
    Info (12134): Parameter "OUTDATA_ACLR_B" = "NONE"
    Info (12134): Parameter "ADDRESS_REG_B" = "CLOCK1"
    Info (12134): Parameter "INDATA_ACLR_A" = "NONE"
    Info (12134): Parameter "WRCONTROL_ACLR_A" = "NONE"
Info (12021): Found 1 design units, including 1 entities, in source file db/altsyncram_g9j1.tdf
    Info (12023): Found entity 1: altsyncram_g9j1 File: C:/Temp/mistercore/lbmactwo_MiSTer/db/altsyncram_g9j1.tdf Line: 28
Info (12130): Elaborated megafunction instantiation "ascal:ascal|altsyncram:o_v_poly_mem_rtl_0"
Info (12133): Instantiated megafunction "ascal:ascal|altsyncram:o_v_poly_mem_rtl_0" with the following parameter:
    Info (12134): Parameter "OPERATION_MODE" = "DUAL_PORT"
    Info (12134): Parameter "WIDTH_A" = "40"
    Info (12134): Parameter "WIDTHAD_A" = "8"
    Info (12134): Parameter "NUMWORDS_A" = "256"
    Info (12134): Parameter "WIDTH_B" = "40"
    Info (12134): Parameter "WIDTHAD_B" = "8"
    Info (12134): Parameter "NUMWORDS_B" = "256"
    Info (12134): Parameter "ADDRESS_ACLR_A" = "NONE"
    Info (12134): Parameter "OUTDATA_REG_B" = "UNREGISTERED"
    Info (12134): Parameter "ADDRESS_ACLR_B" = "NONE"
    Info (12134): Parameter "OUTDATA_ACLR_B" = "NONE"
    Info (12134): Parameter "ADDRESS_REG_B" = "CLOCK1"
    Info (12134): Parameter "INDATA_ACLR_A" = "NONE"
    Info (12134): Parameter "WRCONTROL_ACLR_A" = "NONE"
Info (12021): Found 1 design units, including 1 entities, in source file db/altsyncram_o9j1.tdf
    Info (12023): Found entity 1: altsyncram_o9j1 File: C:/Temp/mistercore/lbmactwo_MiSTer/db/altsyncram_o9j1.tdf Line: 28
Info (12130): Elaborated megafunction instantiation "shadowmask:HDMI_shadowmask|altshift_taps:vid_rtl_0"
Info (12133): Instantiated megafunction "shadowmask:HDMI_shadowmask|altshift_taps:vid_rtl_0" with the following parameter:
    Info (12134): Parameter "NUMBER_OF_TAPS" = "1"
    Info (12134): Parameter "TAP_DISTANCE" = "4"
    Info (12134): Parameter "WIDTH" = "81"
    Info (12134): Parameter "POWER_UP_STATE" = "DONT_CARE"
Info (12021): Found 1 design units, including 1 entities, in source file db/shift_taps_0vu.tdf
    Info (12023): Found entity 1: shift_taps_0vu File: C:/Temp/mistercore/lbmactwo_MiSTer/db/shift_taps_0vu.tdf Line: 27
Info (12021): Found 1 design units, including 1 entities, in source file db/altsyncram_pr91.tdf
    Info (12023): Found entity 1: altsyncram_pr91 File: C:/Temp/mistercore/lbmactwo_MiSTer/db/altsyncram_pr91.tdf Line: 28
Info (12130): Elaborated megafunction instantiation "vga_out:vga_scaler_out|altshift_taps:din1_rtl_0"
Info (12133): Instantiated megafunction "vga_out:vga_scaler_out|altshift_taps:din1_rtl_0" with the following parameter:
    Info (12134): Parameter "NUMBER_OF_TAPS" = "1"
    Info (12134): Parameter "TAP_DISTANCE" = "3"
    Info (12134): Parameter "WIDTH" = "31"
    Info (12134): Parameter "POWER_UP_STATE" = "DONT_CARE"
Info (12021): Found 1 design units, including 1 entities, in source file db/shift_taps_quu.tdf
    Info (12023): Found entity 1: shift_taps_quu File: C:/Temp/mistercore/lbmactwo_MiSTer/db/shift_taps_quu.tdf Line: 27
Info (12021): Found 1 design units, including 1 entities, in source file db/altsyncram_dr91.tdf
    Info (12023): Found entity 1: altsyncram_dr91 File: C:/Temp/mistercore/lbmactwo_MiSTer/db/altsyncram_dr91.tdf Line: 28
Info (12021): Found 1 design units, including 1 entities, in source file db/cntr_ohf.tdf
    Info (12023): Found entity 1: cntr_ohf File: C:/Temp/mistercore/lbmactwo_MiSTer/db/cntr_ohf.tdf Line: 28
Info (12021): Found 1 design units, including 1 entities, in source file db/cmpr_a9c.tdf
    Info (12023): Found entity 1: cmpr_a9c File: C:/Temp/mistercore/lbmactwo_MiSTer/db/cmpr_a9c.tdf Line: 23
Info (12130): Elaborated megafunction instantiation "emu:emu|vram_ram:vram_inst|altsyncram:mem_rtl_0"
Info (12133): Instantiated megafunction "emu:emu|vram_ram:vram_inst|altsyncram:mem_rtl_0" with the following parameter:
    Info (12134): Parameter "OPERATION_MODE" = "BIDIR_DUAL_PORT"
    Info (12134): Parameter "WIDTH_A" = "16"
    Info (12134): Parameter "WIDTH_B" = "16"
    Info (12134): Parameter "WIDTHAD_A" = "16"
    Info (12134): Parameter "WIDTHAD_B" = "16"
    Info (12134): Parameter "NUMWORDS_A" = "65536"
    Info (12134): Parameter "NUMWORDS_B" = "65536"
    Info (12134): Parameter "OUTDATA_REG_A" = "UNREGISTERED"
    Info (12134): Parameter "OUTDATA_REG_B" = "UNREGISTERED"
    Info (12134): Parameter "ADDRESS_REG_B" = "CLOCK1"
    Info (12134): Parameter "INDATA_REG_B" = "CLOCK1"
    Info (12134): Parameter "WRCONTROL_WRADDRESS_REG_B" = "CLOCK1"
    Info (12134): Parameter "RDCONTROL_REG_B" = "CLOCK1"
    Info (12134): Parameter "INDATA_ACLR_A" = "NONE"
    Info (12134): Parameter "WRCONTROL_ACLR_A" = "NONE"
    Info (12134): Parameter "ADDRESS_ACLR_A" = "NONE"
    Info (12134): Parameter "ADDRESS_ACLR_B" = "NONE"
    Info (12134): Parameter "OUTDATA_ACLR_B" = "NONE"
    Info (12134): Parameter "RAM_BLOCK_TYPE" = "M10K"
Info (12021): Found 1 design units, including 1 entities, in source file db/altsyncram_to22.tdf
    Info (12023): Found entity 1: altsyncram_to22 File: C:/Temp/mistercore/lbmactwo_MiSTer/db/altsyncram_to22.tdf Line: 34
Info (12021): Found 1 design units, including 1 entities, in source file db/decode_dla.tdf
    Info (12023): Found entity 1: decode_dla File: C:/Temp/mistercore/lbmactwo_MiSTer/db/decode_dla.tdf Line: 23
Info (12021): Found 1 design units, including 1 entities, in source file db/decode_61a.tdf
    Info (12023): Found entity 1: decode_61a File: C:/Temp/mistercore/lbmactwo_MiSTer/db/decode_61a.tdf Line: 23
Info (12021): Found 1 design units, including 1 entities, in source file db/mux_chb.tdf
    Info (12023): Found entity 1: mux_chb File: C:/Temp/mistercore/lbmactwo_MiSTer/db/mux_chb.tdf Line: 23
Info (12130): Elaborated megafunction instantiation "ascal:ascal|altsyncram:pal1_mem_rtl_0"
Info (12133): Instantiated megafunction "ascal:ascal|altsyncram:pal1_mem_rtl_0" with the following parameter:
    Info (12134): Parameter "OPERATION_MODE" = "DUAL_PORT"
    Info (12134): Parameter "WIDTH_A" = "48"
    Info (12134): Parameter "WIDTHAD_A" = "7"
    Info (12134): Parameter "NUMWORDS_A" = "128"
    Info (12134): Parameter "WIDTH_B" = "48"
    Info (12134): Parameter "WIDTHAD_B" = "7"
    Info (12134): Parameter "NUMWORDS_B" = "128"
    Info (12134): Parameter "ADDRESS_ACLR_A" = "NONE"
    Info (12134): Parameter "OUTDATA_REG_B" = "UNREGISTERED"
    Info (12134): Parameter "ADDRESS_ACLR_B" = "NONE"
    Info (12134): Parameter "OUTDATA_ACLR_B" = "NONE"
    Info (12134): Parameter "ADDRESS_REG_B" = "CLOCK1"
    Info (12134): Parameter "INDATA_ACLR_A" = "NONE"
    Info (12134): Parameter "WRCONTROL_ACLR_A" = "NONE"
Info (12021): Found 1 design units, including 1 entities, in source file db/altsyncram_2aj1.tdf
    Info (12023): Found entity 1: altsyncram_2aj1 File: C:/Temp/mistercore/lbmactwo_MiSTer/db/altsyncram_2aj1.tdf Line: 28
Info (12130): Elaborated megafunction instantiation "ascal:ascal|altsyncram:o_dpram_rtl_0"
Info (12133): Instantiated megafunction "ascal:ascal|altsyncram:o_dpram_rtl_0" with the following parameter:
    Info (12134): Parameter "OPERATION_MODE" = "DUAL_PORT"
    Info (12134): Parameter "WIDTH_A" = "128"
    Info (12134): Parameter "WIDTHAD_A" = "5"
    Info (12134): Parameter "NUMWORDS_A" = "32"
    Info (12134): Parameter "WIDTH_B" = "128"
    Info (12134): Parameter "WIDTHAD_B" = "5"
    Info (12134): Parameter "NUMWORDS_B" = "32"
    Info (12134): Parameter "ADDRESS_ACLR_A" = "NONE"
    Info (12134): Parameter "OUTDATA_REG_B" = "CLOCK1"
    Info (12134): Parameter "ADDRESS_ACLR_B" = "NONE"
    Info (12134): Parameter "OUTDATA_ACLR_B" = "NONE"
    Info (12134): Parameter "ADDRESS_REG_B" = "CLOCK1"
    Info (12134): Parameter "INDATA_ACLR_A" = "NONE"
    Info (12134): Parameter "WRCONTROL_ACLR_A" = "NONE"
Info (12021): Found 1 design units, including 1 entities, in source file db/altsyncram_32k1.tdf
    Info (12023): Found entity 1: altsyncram_32k1 File: C:/Temp/mistercore/lbmactwo_MiSTer/db/altsyncram_32k1.tdf Line: 28
Info (12130): Elaborated megafunction instantiation "yc_out:yc_out|altshift_taps:phase[2].y_rtl_0"
Info (12133): Instantiated megafunction "yc_out:yc_out|altshift_taps:phase[2].y_rtl_0" with the following parameter:
    Info (12134): Parameter "NUMBER_OF_TAPS" = "1"
    Info (12134): Parameter "TAP_DISTANCE" = "3"
    Info (12134): Parameter "WIDTH" = "12"
    Info (12134): Parameter "POWER_UP_STATE" = "DONT_CARE"
Info (12021): Found 1 design units, including 1 entities, in source file db/shift_taps_puu.tdf
    Info (12023): Found entity 1: shift_taps_puu File: C:/Temp/mistercore/lbmactwo_MiSTer/db/shift_taps_puu.tdf Line: 27
Info (12021): Found 1 design units, including 1 entities, in source file db/altsyncram_br91.tdf
    Info (12023): Found entity 1: altsyncram_br91 File: C:/Temp/mistercore/lbmactwo_MiSTer/db/altsyncram_br91.tdf Line: 28
Info (12130): Elaborated megafunction instantiation "vga_out:vga_out|altshift_taps:din1_rtl_0"
Info (12133): Instantiated megafunction "vga_out:vga_out|altshift_taps:din1_rtl_0" with the following parameter:
    Info (12134): Parameter "NUMBER_OF_TAPS" = "1"
    Info (12134): Parameter "TAP_DISTANCE" = "3"
    Info (12134): Parameter "WIDTH" = "30"
    Info (12134): Parameter "POWER_UP_STATE" = "DONT_CARE"
Info (12021): Found 1 design units, including 1 entities, in source file db/shift_taps_ruu.tdf
    Info (12023): Found entity 1: shift_taps_ruu File: C:/Temp/mistercore/lbmactwo_MiSTer/db/shift_taps_ruu.tdf Line: 27
Info (12021): Found 1 design units, including 1 entities, in source file db/altsyncram_cr91.tdf
    Info (12023): Found entity 1: altsyncram_cr91 File: C:/Temp/mistercore/lbmactwo_MiSTer/db/altsyncram_cr91.tdf Line: 28
Info (12130): Elaborated megafunction instantiation "emu:emu|dataController_top:dc0|adb:adb|altsyncram:kbdFifo_rtl_0"
Info (12133): Instantiated megafunction "emu:emu|dataController_top:dc0|adb:adb|altsyncram:kbdFifo_rtl_0" with the following parameter:
    Info (12134): Parameter "OPERATION_MODE" = "DUAL_PORT"
    Info (12134): Parameter "WIDTH_A" = "8"
    Info (12134): Parameter "WIDTHAD_A" = "3"
    Info (12134): Parameter "NUMWORDS_A" = "8"
    Info (12134): Parameter "WIDTH_B" = "8"
    Info (12134): Parameter "WIDTHAD_B" = "3"
    Info (12134): Parameter "NUMWORDS_B" = "8"
    Info (12134): Parameter "ADDRESS_ACLR_A" = "NONE"
    Info (12134): Parameter "OUTDATA_REG_B" = "UNREGISTERED"
    Info (12134): Parameter "ADDRESS_ACLR_B" = "NONE"
    Info (12134): Parameter "OUTDATA_ACLR_B" = "NONE"
    Info (12134): Parameter "ADDRESS_REG_B" = "CLOCK0"
    Info (12134): Parameter "INDATA_ACLR_A" = "NONE"
    Info (12134): Parameter "WRCONTROL_ACLR_A" = "NONE"
    Info (12134): Parameter "READ_DURING_WRITE_MODE_MIXED_PORTS" = "OLD_DATA"
Info (12021): Found 1 design units, including 1 entities, in source file db/altsyncram_6tm1.tdf
    Info (12023): Found entity 1: altsyncram_6tm1 File: C:/Temp/mistercore/lbmactwo_MiSTer/db/altsyncram_6tm1.tdf Line: 28
Info (12130): Elaborated megafunction instantiation "emu:emu|nubus_video_mdc824:nubus_card|altsyncram:rom_rtl_0"
Info (12133): Instantiated megafunction "emu:emu|nubus_video_mdc824:nubus_card|altsyncram:rom_rtl_0" with the following parameter:
    Info (12134): Parameter "OPERATION_MODE" = "ROM"
    Info (12134): Parameter "WIDTH_A" = "16"
    Info (12134): Parameter "WIDTHAD_A" = "14"
    Info (12134): Parameter "NUMWORDS_A" = "16384"
    Info (12134): Parameter "OUTDATA_REG_A" = "UNREGISTERED"
    Info (12134): Parameter "ADDRESS_ACLR_A" = "NONE"
    Info (12134): Parameter "OUTDATA_ACLR_A" = "NONE"
    Info (12134): Parameter "INDATA_ACLR_A" = "NONE"
    Info (12134): Parameter "WRCONTROL_ACLR_A" = "NONE"
    Info (12134): Parameter "RAM_BLOCK_TYPE" = "M10K"
    Info (12134): Parameter "INIT_FILE" = "db/LBMacTwo.ram0_nubus_video_mdc824_95d5cb5.hdl.mif"
Info (12021): Found 1 design units, including 1 entities, in source file db/altsyncram_e9g1.tdf
    Info (12023): Found entity 1: altsyncram_e9g1 File: C:/Temp/mistercore/lbmactwo_MiSTer/db/altsyncram_e9g1.tdf Line: 32
Info (12021): Found 1 design units, including 1 entities, in source file db/decode_u0a.tdf
    Info (12023): Found entity 1: decode_u0a File: C:/Temp/mistercore/lbmactwo_MiSTer/db/decode_u0a.tdf Line: 23
Info (12021): Found 1 design units, including 1 entities, in source file db/mux_4hb.tdf
    Info (12023): Found entity 1: mux_4hb File: C:/Temp/mistercore/lbmactwo_MiSTer/db/mux_4hb.tdf Line: 23
Info (12130): Elaborated megafunction instantiation "emu:emu|mc68881_fpu_lite:fpu_inst|mc68881_top:u_fpu|lpm_divide:Div0" File: C:/Temp/mistercore/lbmactwo_MiSTer/rtl/mc68881/vhdl/mc68881_top.vhd Line: 727
Info (12133): Instantiated megafunction "emu:emu|mc68881_fpu_lite:fpu_inst|mc68881_top:u_fpu|lpm_divide:Div0" with the following parameter: File: C:/Temp/mistercore/lbmactwo_MiSTer/rtl/mc68881/vhdl/mc68881_top.vhd Line: 727
    Info (12134): Parameter "LPM_WIDTHN" = "31"
    Info (12134): Parameter "LPM_WIDTHD" = "4"
    Info (12134): Parameter "LPM_NREPRESENTATION" = "UNSIGNED"
    Info (12134): Parameter "LPM_DREPRESENTATION" = "UNSIGNED"
Info (12021): Found 1 design units, including 1 entities, in source file db/lpm_divide_hbm.tdf
    Info (12023): Found entity 1: lpm_divide_hbm File: C:/Temp/mistercore/lbmactwo_MiSTer/db/lpm_divide_hbm.tdf Line: 25
Info (12021): Found 1 design units, including 1 entities, in source file db/sign_div_unsign_nlh.tdf
    Info (12023): Found entity 1: sign_div_unsign_nlh File: C:/Temp/mistercore/lbmactwo_MiSTer/db/sign_div_unsign_nlh.tdf Line: 25
Info (12021): Found 1 design units, including 1 entities, in source file db/alt_u_div_kve.tdf
    Info (12023): Found entity 1: alt_u_div_kve File: C:/Temp/mistercore/lbmactwo_MiSTer/db/alt_u_div_kve.tdf Line: 23
Info (12130): Elaborated megafunction instantiation "emu:emu|mc68881_fpu_lite:fpu_inst|mc68881_top:u_fpu|lpm_divide:Mod8" File: C:/Temp/mistercore/lbmactwo_MiSTer/rtl/mc68881/vhdl/mc68881_top.vhd Line: 743
Info (12133): Instantiated megafunction "emu:emu|mc68881_fpu_lite:fpu_inst|mc68881_top:u_fpu|lpm_divide:Mod8" with the following parameter: File: C:/Temp/mistercore/lbmactwo_MiSTer/rtl/mc68881/vhdl/mc68881_top.vhd Line: 743
    Info (12134): Parameter "LPM_WIDTHN" = "31"
    Info (12134): Parameter "LPM_WIDTHD" = "31"
    Info (12134): Parameter "LPM_NREPRESENTATION" = "UNSIGNED"
    Info (12134): Parameter "LPM_DREPRESENTATION" = "UNSIGNED"
Info (12021): Found 1 design units, including 1 entities, in source file db/lpm_divide_45m.tdf
    Info (12023): Found entity 1: lpm_divide_45m File: C:/Temp/mistercore/lbmactwo_MiSTer/db/lpm_divide_45m.tdf Line: 25
Info (12021): Found 1 design units, including 1 entities, in source file db/sign_div_unsign_7nh.tdf
    Info (12023): Found entity 1: sign_div_unsign_7nh File: C:/Temp/mistercore/lbmactwo_MiSTer/db/sign_div_unsign_7nh.tdf Line: 25
Info (12021): Found 1 design units, including 1 entities, in source file db/alt_u_div_k2f.tdf
    Info (12023): Found entity 1: alt_u_div_k2f File: C:/Temp/mistercore/lbmactwo_MiSTer/db/alt_u_div_k2f.tdf Line: 23
Info (12130): Elaborated megafunction instantiation "emu:emu|mc68881_fpu_lite:fpu_inst|mc68881_top:u_fpu|lpm_divide:Mod9" File: C:/Temp/mistercore/lbmactwo_MiSTer/rtl/mc68881/vhdl/mc68881_top.vhd Line: 598
Info (12133): Instantiated megafunction "emu:emu|mc68881_fpu_lite:fpu_inst|mc68881_top:u_fpu|lpm_divide:Mod9" with the following parameter: File: C:/Temp/mistercore/lbmactwo_MiSTer/rtl/mc68881/vhdl/mc68881_top.vhd Line: 598
    Info (12134): Parameter "LPM_WIDTHN" = "31"
    Info (12134): Parameter "LPM_WIDTHD" = "31"
    Info (12134): Parameter "LPM_NREPRESENTATION" = "UNSIGNED"
    Info (12134): Parameter "LPM_DREPRESENTATION" = "UNSIGNED"
Warning (12241): 42 hierarchies have connectivity warnings - see the Connectivity Checks report folder
Info (17026): Resynthesizing 0 WYSIWYG logic cells and I/Os using "speed" technology mapper which leaves 7 WYSIWYG logic cells and I/Os untouched
Warning (13050): Open-drain buffer(s) that do not directly drive top-level pin(s) are removed
    Warning (13051): Converted the fanout from the open-drain buffer "emu:emu|SD_SCK" to the node "emu:emu|SD_SCK" into a wire File: C:/Temp/mistercore/lbmactwo_MiSTer/LBMacTwo.sv Line: 113
    Warning (13051): Converted the fanout from the open-drain buffer "emu:emu|SD_MOSI" to the node "emu:emu|SD_MOSI" into a wire File: C:/Temp/mistercore/lbmactwo_MiSTer/LBMacTwo.sv Line: 114
Warning (14284): Synthesized away the following node(s):
    Warning (14285): Synthesized away the following LCELL buffer node(s):
        Warning (14320): Synthesized away node "pll_cfg_hdmi:pll_cfg_hdmi|phase_done" File: C:/Temp/mistercore/lbmactwo_MiSTer/sys/pll_cfg/pll_cfg_hdmi.v Line: 165
Warning (13050): Open-drain buffer(s) that do not directly drive top-level pin(s) are removed
    Warning (13051): Converted the fanout from the open-drain buffer "HDMI_I2C_SCL" to the node "hdmi_scl_en" into a wire File: C:/Temp/mistercore/lbmactwo_MiSTer/sys/sys_top.v Line: 30
Warning (13024): Output pins are stuck at VCC or GND
    Warning (13410): Pin "SDRAM_CKE" is stuck at VCC File: C:/Temp/mistercore/lbmactwo_MiSTer/sys/sys_top.v Line: 57
Info (17049): 2004 registers lost all their fanouts during netlist optimizations.
Info (17016): Found the following redundant logic cells in design
    Info (17048): Logic cell "pll_cfg_hdmi:pll_cfg_hdmi|generic_lcell_comb:lcell_dprio_read|combout" File: C:/Temp/mistercore/lbmactwo_MiSTer/sys/pll_cfg/altera_pll_reconfig_core.v Line: 2179
    Info (17048): Logic cell "pll_cfg_hdmi:pll_cfg_hdmi|dyn_phase_shift:dyn_phase_shift_inst|generic_lcell_comb:lcell_cnt_sel_0|combout" File: C:/Temp/mistercore/lbmactwo_MiSTer/sys/pll_cfg/altera_pll_reconfig_core.v Line: 2179
    Info (17048): Logic cell "pll_cfg_hdmi:pll_cfg_hdmi|dyn_phase_shift:dyn_phase_shift_inst|generic_lcell_comb:lcell_cnt_sel_1|combout" File: C:/Temp/mistercore/lbmactwo_MiSTer/sys/pll_cfg/altera_pll_reconfig_core.v Line: 2179
    Info (17048): Logic cell "pll_cfg_hdmi:pll_cfg_hdmi|dyn_phase_shift:dyn_phase_shift_inst|generic_lcell_comb:lcell_cnt_sel_2|combout" File: C:/Temp/mistercore/lbmactwo_MiSTer/sys/pll_cfg/altera_pll_reconfig_core.v Line: 2179
    Info (17048): Logic cell "pll_cfg_hdmi:pll_cfg_hdmi|dyn_phase_shift:dyn_phase_shift_inst|generic_lcell_comb:lcell_cnt_sel_3|combout" File: C:/Temp/mistercore/lbmactwo_MiSTer/sys/pll_cfg/altera_pll_reconfig_core.v Line: 2179
    Info (17048): Logic cell "pll_cfg_hdmi:pll_cfg_hdmi|dyn_phase_shift:dyn_phase_shift_inst|generic_lcell_comb:lcell_cnt_sel_4|combout" File: C:/Temp/mistercore/lbmactwo_MiSTer/sys/pll_cfg/altera_pll_reconfig_core.v Line: 2179
    Info (17048): Logic cell "pll_cfg_hdmi:pll_cfg_hdmi|generic_lcell_comb:lcell_fpll_0_1|combout" File: C:/Temp/mistercore/lbmactwo_MiSTer/sys/pll_cfg/altera_pll_reconfig_core.v Line: 2179
    Info (17048): Logic cell "pll_cfg_hdmi:pll_cfg_hdmi|up_dn" File: C:/Temp/mistercore/lbmactwo_MiSTer/sys/pll_cfg/pll_cfg_hdmi.v Line: 167
    Info (17048): Logic cell "pll_cfg_hdmi:pll_cfg_hdmi|phase_en" File: C:/Temp/mistercore/lbmactwo_MiSTer/sys/pll_cfg/pll_cfg_hdmi.v Line: 166
    Info (17048): Logic cell "pll_cfg_hdmi:pll_cfg_hdmi|dprio_ser_shift_load" File: C:/Temp/mistercore/lbmactwo_MiSTer/sys/pll_cfg/pll_cfg_hdmi.v Line: 159
    Info (17048): Logic cell "pll_cfg_hdmi:pll_cfg_hdmi|dyn_phase_shift:dyn_phase_shift_inst|gnd" File: C:/Temp/mistercore/lbmactwo_MiSTer/sys/pll_cfg/altera_pll_reconfig_core.v Line: 1919
Info (17026): Resynthesizing 0 WYSIWYG logic cells and I/Os using "speed" technology mapper which leaves 0 WYSIWYG logic cells and I/Os untouched
Info (286031): Timing-Driven Synthesis is running on partition "sld_hub:auto_hub"
Info (144001): Generated suppressed messages file C:/Temp/mistercore/lbmactwo_MiSTer/output_files/LBMacTwo.map.smsg
Info (16010): Generating hard_block partition "hard_block:auto_generated_inst"
    Info (16011): Adding 52 node(s), including 3 DDIO, 3 PLL, 0 transceiver and 0 LCELL
Warning (21074): Design contains 3 input pin(s) that do not drive logic
    Warning (15610): No output dependent on input pin "HDMI_TX_INT" File: C:/Temp/mistercore/lbmactwo_MiSTer/sys/sys_top.v Line: 44
    Warning (15610): No output dependent on input pin "SD_SPI_MISO" File: C:/Temp/mistercore/lbmactwo_MiSTer/sys/sys_top.v Line: 100
    Warning (15610): No output dependent on input pin "ADC_SDO" File: C:/Temp/mistercore/lbmactwo_MiSTer/sys/sys_top.v Line: 110
Info (21057): Implemented 72167 device resources after synthesis - the final resource count might be different
    Info (21058): Implemented 19 input pins
    Info (21059): Implemented 98 output pins
    Info (21060): Implemented 32 bidirectional pins
    Info (21061): Implemented 70815 logic cells
    Info (21064): Implemented 1125 RAM segments
    Info (21065): Implemented 3 PLLs
    Info (21062): Implemented 53 DSP elements
Info: Quartus Prime Analysis & Synthesis was successful. 0 errors, 263 warnings
    Info: Peak virtual memory: 6646 megabytes
    Info: Processing ended: Thu Jun 04 07:30:38 2026
    Info: Elapsed time: 00:05:30
    Info: Total CPU time (on all processors): 00:06:58
Info: *******************************************************************
Info: Running Quartus Prime Fitter
    Info: Version 17.0.2 Build 602 07/19/2017 SJ Lite Edition
    Info: Processing started: Thu Jun 04 07:30:39 2026
Info: Command: quartus_fit --read_settings_files=off --write_settings_files=off LBMacTwo -c LBMacTwo
Info: qfit2_default_script.tcl version: #1
Info: Project  = LBMacTwo
Info: Revision = LBMacTwo
Info (20030): Parallel compilation is enabled and will use 12 of the 12 processors detected
Info (119006): Selected device 5CSEBA6U23I7 for design "LBMacTwo"
Info (21077): Low junction temperature is -40 degrees C
Info (21077): High junction temperature is 100 degrees C
Warning (21300): LOCKED port on the PLL is not properly connected on instance "pll_audio:pll_audio|pll_audio_0002:pll_audio_inst|altera_pll:altera_pll_i|general[0].gpll". The LOCKED port on the PLL should be connected when the FBOUTCLK port is connected. Although it is unnecessary to connect the LOCKED signal, any logic driven off of an output clock of the PLL will not know when the PLL is locked and ready.
Info (171004): Fitter is performing a Standard Fit compilation using maximum Fitter effort to optimize design performance
Warning (292013): Feature LogicLock is only available with a valid subscription license. You can purchase a software subscription to gain full access to this feature.
Warning (15714): Some pins have incomplete I/O assignments. Refer to the I/O Assignment Warnings report for details
Info (176045): Design uses memory blocks. Violating setup or hold times of memory block address registers for either read or write operations could cause memory contents to be corrupted. Make sure that all memory block address registers meet the setup and hold time requirements.
Info (184020): Starting Fitter periphery placement operations
Info (11178): Promoted 10 clocks (9 global, 1 regional)
    Info (11162): aspi_sck~CLKENA0 with 129 fanout uses regional clock CLKCTRL_R80
        Info (11177): Node drives Regional Clock Region 2 from (45, 0) to (89, 36)
    Info (11162): sysmem_lite:sysmem|sysmem_HPS_fpga_interfaces:fpga_interfaces|h2f_rst_n[0]~CLKENA0 with 28 fanout uses global clock CLKCTRL_G8
    Info (11162): sysmem_lite:sysmem|sysmem_HPS_fpga_interfaces:fpga_interfaces|h2f_user0_clk[0]~CLKENA0 with 937 fanout uses global clock CLKCTRL_G11
    Info (11162): hdmi_tx_clk~CLKENA0 with 84 fanout uses global clock CLKCTRL_G7
    Info (11162): pll_hdmi:pll_hdmi|pll_hdmi_0002:pll_hdmi_inst|altera_pll:altera_pll_i|altera_cyclonev_pll:cyclonev_pll|divclk[0]~CLKENA0 with 4956 fanout uses global clock CLKCTRL_G4
    Info (11162): vga_tx_clk~CLKENA0 with 3 fanout uses global clock CLKCTRL_G6
    Info (11162): pll_audio:pll_audio|pll_audio_0002:pll_audio_inst|altera_pll:altera_pll_i|outclk_wire[0]~CLKENA0 with 1584 fanout uses global clock CLKCTRL_G1
    Info (11162): emu:emu|pll:pll|pll_0002:pll_inst|altera_pll:altera_pll_i|outclk_wire[0]~CLKENA0 with 65 fanout uses global clock CLKCTRL_G9
    Info (11162): emu:emu|pll:pll|pll_0002:pll_inst|altera_pll:altera_pll_i|outclk_wire[1]~CLKENA0 with 23601 fanout uses global clock CLKCTRL_G5
    Info (11162): altera_internal_jtag~TCKUTAPCLKENA0 with 1160 fanout uses global clock CLKCTRL_G2
        Info (12525): This signal is driven by core routing -- it may be moved during placement to reduce routing delays
Info (11191): Automatically promoted 3 clocks (3 global)
    Info (11162): FPGA_CLK1_50~inputCLKENA0 with 705 fanout uses global clock CLKCTRL_G0
    Info (11162): emu:emu|dataController_top:dc0|Equal0~4CLKENA0 with 2624 fanout uses global clock CLKCTRL_G3
        Info (12525): This signal is driven by core routing -- it may be moved during placement to reduce routing delays
    Info (11162): FPGA_CLK2_50~inputCLKENA0 with 189 fanout uses global clock CLKCTRL_G10
        Info (12525): This signal is driven by core routing -- it may be moved during placement to reduce routing delays
Warning (16406): 1 global input pin(s) will use non-dedicated clock routing
    Warning (16469): Source REFCLK I/O cannot be routed using dedicated clock routing for global clock driver FPGA_CLK2_50~inputCLKENA0, placed at CLKCTRL_G10
        Info (179012): Refclk input I/O pad FPGA_CLK2_50 is placed onto PIN_Y13
Info (184021): Fitter periphery placement operations ending: elapsed time is 00:00:01
Info (332164): Evaluating HDL-embedded SDC commands
    Info (332165): Entity altera_std_synchronizer
        Info (332166): set_false_path -to [get_keepers {*altera_std_synchronizer:*|din_s1}]
    Info (332165): Entity sld_hub
        Info (332166): create_clock -name altera_reserved_tck [get_ports {altera_reserved_tck}] -period 30MHz   
        Info (332166): if { [string equal quartus_fit $::TimeQuestInfo(nameofexecutable)] } { set_max_delay -to [get_ports { altera_reserved_tdo } ] 0 }
        Info (332166): set_clock_groups -asynchronous -group {altera_reserved_tck}
Info (332104): Reading SDC File: 'sys/sys_top.sdc'
Info (332110): Deriving PLL clocks
    Info (332110): create_generated_clock -source {pll_hdmi|pll_hdmi_inst|altera_pll_i|cyclonev_pll|counter[0].output_counter|vco0ph[0]} -divide_by 3 -duty_cycle 50.00 -name {pll_hdmi|pll_hdmi_inst|altera_pll_i|cyclonev_pll|counter[0].output_counter|divclk} {pll_hdmi|pll_hdmi_inst|altera_pll_i|cyclonev_pll|counter[0].output_counter|divclk}
    Info (332110): create_generated_clock -source {pll_hdmi|pll_hdmi_inst|altera_pll_i|cyclonev_pll|fpll_0|fpll|refclkin} -divide_by 512 -multiply_by 4563 -duty_cycle 50.00 -name {pll_hdmi|pll_hdmi_inst|altera_pll_i|cyclonev_pll|fpll_0|fpll|vcoph[0]} {pll_hdmi|pll_hdmi_inst|altera_pll_i|cyclonev_pll|fpll_0|fpll|vcoph[0]}
    Info (332110): create_generated_clock -source {pll_audio|pll_audio_inst|altera_pll_i|general[0].gpll~FRACTIONAL_PLL|refclkin} -divide_by 512 -multiply_by 4279 -duty_cycle 50.00 -name {pll_audio|pll_audio_inst|altera_pll_i|general[0].gpll~FRACTIONAL_PLL|vcoph[0]} {pll_audio|pll_audio_inst|altera_pll_i|general[0].gpll~FRACTIONAL_PLL|vcoph[0]}
    Info (332110): create_generated_clock -source {pll_audio|pll_audio_inst|altera_pll_i|general[0].gpll~PLL_OUTPUT_COUNTER|vco0ph[0]} -divide_by 17 -duty_cycle 50.00 -name {pll_audio|pll_audio_inst|altera_pll_i|general[0].gpll~PLL_OUTPUT_COUNTER|divclk} {pll_audio|pll_audio_inst|altera_pll_i|general[0].gpll~PLL_OUTPUT_COUNTER|divclk}
    Info (332110): create_generated_clock -source {emu|pll|pll_inst|altera_pll_i|general[0].gpll~FRACTIONAL_PLL|refclkin} -divide_by 512 -multiply_by 4493 -duty_cycle 50.00 -name {emu|pll|pll_inst|altera_pll_i|general[0].gpll~FRACTIONAL_PLL|vcoph[0]} {emu|pll|pll_inst|altera_pll_i|general[0].gpll~FRACTIONAL_PLL|vcoph[0]}
    Info (332110): create_generated_clock -source {emu|pll|pll_inst|altera_pll_i|general[0].gpll~PLL_OUTPUT_COUNTER|vco0ph[0]} -divide_by 7 -duty_cycle 50.00 -name {emu|pll|pll_inst|altera_pll_i|general[0].gpll~PLL_OUTPUT_COUNTER|divclk} {emu|pll|pll_inst|altera_pll_i|general[0].gpll~PLL_OUTPUT_COUNTER|divclk}
    Info (332110): create_generated_clock -source {emu|pll|pll_inst|altera_pll_i|general[1].gpll~PLL_OUTPUT_COUNTER|vco0ph[0]} -divide_by 14 -duty_cycle 50.00 -name {emu|pll|pll_inst|altera_pll_i|general[1].gpll~PLL_OUTPUT_COUNTER|divclk} {emu|pll|pll_inst|altera_pll_i|general[1].gpll~PLL_OUTPUT_COUNTER|divclk}
Info (332151): Clock uncertainty is not calculated until you update the timing netlist.
Info (332097): The following timing edges are non-unate.  TimeQuest will assume pos-unate behavior for these edges in the clock network.
    Info (332098): Cell: emu|pll|pll_inst|altera_pll_i|general[0].gpll~FRACTIONAL_PLL  from: refclkin  to: fbclk
    Info (332098): Cell: emu|pll|pll_inst|altera_pll_i|general[0].gpll~PLL_OUTPUT_COUNTER  from: vco0ph[0]  to: divclk
    Info (332098): Cell: emu|pll|pll_inst|altera_pll_i|general[0].gpll~PLL_REFCLK_SELECT  from: clkin[0]  to: clkout
    Info (332098): Cell: emu|pll|pll_inst|altera_pll_i|general[1].gpll~PLL_OUTPUT_COUNTER  from: vco0ph[0]  to: divclk
    Info (332098): Cell: pll_audio|pll_audio_inst|altera_pll_i|general[0].gpll~FRACTIONAL_PLL  from: refclkin  to: fbclk
    Info (332098): Cell: pll_audio|pll_audio_inst|altera_pll_i|general[0].gpll~PLL_OUTPUT_COUNTER  from: vco0ph[0]  to: divclk
    Info (332098): Cell: pll_audio|pll_audio_inst|altera_pll_i|general[0].gpll~PLL_REFCLK_SELECT  from: clkin[0]  to: clkout
    Info (332098): Cell: pll_hdmi|pll_hdmi_inst|altera_pll_i|cyclonev_pll|counter[0].output_counter  from: vco0ph[0]  to: divclk
    Info (332098): Cell: pll_hdmi|pll_hdmi_inst|altera_pll_i|cyclonev_pll|fpll_0|REFCLK_SELECT  from: clkin[0]  to: clkout
    Info (332098): Cell: pll_hdmi|pll_hdmi_inst|altera_pll_i|cyclonev_pll|fpll_0|fpll  from: refclkin  to: fbclk
    Info (332098): From: sysmem|fpga_interfaces|f2sdram|cmd_port_clk_0  to: sysmem_lite:sysmem|sysmem_HPS_fpga_interfaces:fpga_interfaces|f2sdram~FF_762
    Info (332098): From: sysmem|fpga_interfaces|f2sdram|cmd_port_clk_2  to: sysmem_lite:sysmem|sysmem_HPS_fpga_interfaces:fpga_interfaces|f2sdram~FF_920
    Info (332098): From: sysmem|fpga_interfaces|f2sdram|rd_clk_0  to: sysmem_lite:sysmem|sysmem_HPS_fpga_interfaces:fpga_interfaces|f2sdram~FF_7
    Info (332098): From: sysmem|fpga_interfaces|f2sdram|rd_clk_1  to: sysmem_lite:sysmem|sysmem_HPS_fpga_interfaces:fpga_interfaces|f2sdram~FF_6
    Info (332098): From: sysmem|fpga_interfaces|f2sdram|rd_clk_3  to: sysmem_lite:sysmem|sysmem_HPS_fpga_interfaces:fpga_interfaces|f2sdram~FF_4
    Info (332098): From: sysmem|fpga_interfaces|f2sdram|wr_clk_0  to: sysmem_lite:sysmem|sysmem_HPS_fpga_interfaces:fpga_interfaces|f2sdram~FF_3
    Info (332098): From: sysmem|fpga_interfaces|f2sdram|wr_clk_1  to: sysmem_lite:sysmem|sysmem_HPS_fpga_interfaces:fpga_interfaces|f2sdram~FF_2
    Info (332098): From: sysmem|fpga_interfaces|f2sdram|wr_clk_3  to: sysmem_lite:sysmem|sysmem_HPS_fpga_interfaces:fpga_interfaces|f2sdram~FF_0
Info (332123): Deriving Clock Uncertainty. Please refer to report_sdc in TimeQuest to see clock uncertainties.
Info (332129): Detected timing requirements -- optimizing circuit to achieve only the specified requirements
Info (332111): Found 14 clocks
    Info (332111):   Period   Clock Name
    Info (332111): ======== ============
    Info (332111):   33.333 altera_reserved_tck
    Info (332111):    2.279 emu|pll|pll_inst|altera_pll_i|general[0].gpll~FRACTIONAL_PLL|vcoph[0]
    Info (332111):   15.953 emu|pll|pll_inst|altera_pll_i|general[0].gpll~PLL_OUTPUT_COUNTER|divclk
    Info (332111):   31.907 emu|pll|pll_inst|altera_pll_i|general[1].gpll~PLL_OUTPUT_COUNTER|divclk
    Info (332111):   20.000 FPGA_CLK1_50
    Info (332111):   20.000 FPGA_CLK2_50
    Info (332111):   20.000 FPGA_CLK3_50
    Info (332111):  100.000     hdmi_sck
    Info (332111):    2.393 pll_audio|pll_audio_inst|altera_pll_i|general[0].gpll~FRACTIONAL_PLL|vcoph[0]
    Info (332111):   40.682 pll_audio|pll_audio_inst|altera_pll_i|general[0].gpll~PLL_OUTPUT_COUNTER|divclk
    Info (332111):    6.732 pll_hdmi|pll_hdmi_inst|altera_pll_i|cyclonev_pll|counter[0].output_counter|divclk
    Info (332111):    2.244 pll_hdmi|pll_hdmi_inst|altera_pll_i|cyclonev_pll|fpll_0|fpll|vcoph[0]
    Info (332111):   10.000      spi_sck
    Info (332111):   10.000 sysmem|fpga_interfaces|clocks_resets|h2f_user0_clk
Info (176233): Starting register packing
Warning (176225): Can't pack node emu:emu|sdram:sdram|sd_data[0]~reg0 to I/O pin File: C:/Temp/mistercore/lbmactwo_MiSTer/rtl/sdram.v Line: 122
    Warning (176279): Can't pack register node "emu:emu|sdram:sdram|sd_data[0]~reg0" into I/O pin "SDRAM_DQ[0]". The node "emu:emu|sdram:sdram|sd_data[0]~reg0" cannot simultaneously use clear and load signals. File: C:/Temp/mistercore/lbmactwo_MiSTer/rtl/sdram.v Line: 122
Warning (176225): Can't pack node emu:emu|sdram:sdram|sd_data[1]~reg0 to I/O pin File: C:/Temp/mistercore/lbmactwo_MiSTer/rtl/sdram.v Line: 122
    Warning (176279): Can't pack register node "emu:emu|sdram:sdram|sd_data[1]~reg0" into I/O pin "SDRAM_DQ[1]". The node "emu:emu|sdram:sdram|sd_data[1]~reg0" cannot simultaneously use clear and load signals. File: C:/Temp/mistercore/lbmactwo_MiSTer/rtl/sdram.v Line: 122
Warning (176225): Can't pack node emu:emu|sdram:sdram|sd_data[2]~reg0 to I/O pin File: C:/Temp/mistercore/lbmactwo_MiSTer/rtl/sdram.v Line: 122
    Warning (176279): Can't pack register node "emu:emu|sdram:sdram|sd_data[2]~reg0" into I/O pin "SDRAM_DQ[2]". The node "emu:emu|sdram:sdram|sd_data[2]~reg0" cannot simultaneously use clear and load signals. File: C:/Temp/mistercore/lbmactwo_MiSTer/rtl/sdram.v Line: 122
Warning (176225): Can't pack node emu:emu|sdram:sdram|sd_data[3]~reg0 to I/O pin File: C:/Temp/mistercore/lbmactwo_MiSTer/rtl/sdram.v Line: 122
    Warning (176279): Can't pack register node "emu:emu|sdram:sdram|sd_data[3]~reg0" into I/O pin "SDRAM_DQ[3]". The node "emu:emu|sdram:sdram|sd_data[3]~reg0" cannot simultaneously use clear and load signals. File: C:/Temp/mistercore/lbmactwo_MiSTer/rtl/sdram.v Line: 122
Warning (176225): Can't pack node emu:emu|sdram:sdram|sd_data[4]~reg0 to I/O pin File: C:/Temp/mistercore/lbmactwo_MiSTer/rtl/sdram.v Line: 122
    Warning (176279): Can't pack register node "emu:emu|sdram:sdram|sd_data[4]~reg0" into I/O pin "SDRAM_DQ[4]". The node "emu:emu|sdram:sdram|sd_data[4]~reg0" cannot simultaneously use clear and load signals. File: C:/Temp/mistercore/lbmactwo_MiSTer/rtl/sdram.v Line: 122
Warning (176225): Can't pack node emu:emu|sdram:sdram|sd_data[5]~reg0 to I/O pin File: C:/Temp/mistercore/lbmactwo_MiSTer/rtl/sdram.v Line: 122
    Warning (176279): Can't pack register node "emu:emu|sdram:sdram|sd_data[5]~reg0" into I/O pin "SDRAM_DQ[5]". The node "emu:emu|sdram:sdram|sd_data[5]~reg0" cannot simultaneously use clear and load signals. File: C:/Temp/mistercore/lbmactwo_MiSTer/rtl/sdram.v Line: 122
Warning (176225): Can't pack node emu:emu|sdram:sdram|sd_data[6]~reg0 to I/O pin File: C:/Temp/mistercore/lbmactwo_MiSTer/rtl/sdram.v Line: 122
    Warning (176279): Can't pack register node "emu:emu|sdram:sdram|sd_data[6]~reg0" into I/O pin "SDRAM_DQ[6]". The node "emu:emu|sdram:sdram|sd_data[6]~reg0" cannot simultaneously use clear and load signals. File: C:/Temp/mistercore/lbmactwo_MiSTer/rtl/sdram.v Line: 122
Warning (176225): Can't pack node emu:emu|sdram:sdram|sd_data[7]~reg0 to I/O pin File: C:/Temp/mistercore/lbmactwo_MiSTer/rtl/sdram.v Line: 122
    Warning (176279): Can't pack register node "emu:emu|sdram:sdram|sd_data[7]~reg0" into I/O pin "SDRAM_DQ[7]". The node "emu:emu|sdram:sdram|sd_data[7]~reg0" cannot simultaneously use clear and load signals. File: C:/Temp/mistercore/lbmactwo_MiSTer/rtl/sdram.v Line: 122
Warning (176225): Can't pack node emu:emu|sdram:sdram|sd_data[8]~reg0 to I/O pin File: C:/Temp/mistercore/lbmactwo_MiSTer/rtl/sdram.v Line: 122
    Warning (176279): Can't pack register node "emu:emu|sdram:sdram|sd_data[8]~reg0" into I/O pin "SDRAM_DQ[8]". The node "emu:emu|sdram:sdram|sd_data[8]~reg0" cannot simultaneously use clear and load signals. File: C:/Temp/mistercore/lbmactwo_MiSTer/rtl/sdram.v Line: 122
Warning (176225): Can't pack node emu:emu|sdram:sdram|sd_data[9]~reg0 to I/O pin File: C:/Temp/mistercore/lbmactwo_MiSTer/rtl/sdram.v Line: 122
    Warning (176279): Can't pack register node "emu:emu|sdram:sdram|sd_data[9]~reg0" into I/O pin "SDRAM_DQ[9]". The node "emu:emu|sdram:sdram|sd_data[9]~reg0" cannot simultaneously use clear and load signals. File: C:/Temp/mistercore/lbmactwo_MiSTer/rtl/sdram.v Line: 122
Warning (176225): Can't pack node emu:emu|sdram:sdram|sd_data[10]~reg0 to I/O pin File: C:/Temp/mistercore/lbmactwo_MiSTer/rtl/sdram.v Line: 122
    Warning (176279): Can't pack register node "emu:emu|sdram:sdram|sd_data[10]~reg0" into I/O pin "SDRAM_DQ[10]". The node "emu:emu|sdram:sdram|sd_data[10]~reg0" cannot simultaneously use clear and load signals. File: C:/Temp/mistercore/lbmactwo_MiSTer/rtl/sdram.v Line: 122
Warning (176225): Can't pack node emu:emu|sdram:sdram|sd_data[11]~reg0 to I/O pin File: C:/Temp/mistercore/lbmactwo_MiSTer/rtl/sdram.v Line: 122
    Warning (176279): Can't pack register node "emu:emu|sdram:sdram|sd_data[11]~reg0" into I/O pin "SDRAM_DQ[11]". The node "emu:emu|sdram:sdram|sd_data[11]~reg0" cannot simultaneously use clear and load signals. File: C:/Temp/mistercore/lbmactwo_MiSTer/rtl/sdram.v Line: 122
Warning (176225): Can't pack node emu:emu|sdram:sdram|sd_data[12]~reg0 to I/O pin File: C:/Temp/mistercore/lbmactwo_MiSTer/rtl/sdram.v Line: 122
    Warning (176279): Can't pack register node "emu:emu|sdram:sdram|sd_data[12]~reg0" into I/O pin "SDRAM_DQ[12]". The node "emu:emu|sdram:sdram|sd_data[12]~reg0" cannot simultaneously use clear and load signals. File: C:/Temp/mistercore/lbmactwo_MiSTer/rtl/sdram.v Line: 122
Warning (176225): Can't pack node emu:emu|sdram:sdram|sd_data[13]~reg0 to I/O pin File: C:/Temp/mistercore/lbmactwo_MiSTer/rtl/sdram.v Line: 122
    Warning (176279): Can't pack register node "emu:emu|sdram:sdram|sd_data[13]~reg0" into I/O pin "SDRAM_DQ[13]". The node "emu:emu|sdram:sdram|sd_data[13]~reg0" cannot simultaneously use clear and load signals. File: C:/Temp/mistercore/lbmactwo_MiSTer/rtl/sdram.v Line: 122
Warning (176225): Can't pack node emu:emu|sdram:sdram|sd_data[14]~reg0 to I/O pin File: C:/Temp/mistercore/lbmactwo_MiSTer/rtl/sdram.v Line: 122
    Warning (176279): Can't pack register node "emu:emu|sdram:sdram|sd_data[14]~reg0" into I/O pin "SDRAM_DQ[14]". The node "emu:emu|sdram:sdram|sd_data[14]~reg0" cannot simultaneously use clear and load signals. File: C:/Temp/mistercore/lbmactwo_MiSTer/rtl/sdram.v Line: 122
Warning (176225): Can't pack node emu:emu|sdram:sdram|sd_data[15]~reg0 to I/O pin File: C:/Temp/mistercore/lbmactwo_MiSTer/rtl/sdram.v Line: 122
    Warning (176279): Can't pack register node "emu:emu|sdram:sdram|sd_data[15]~reg0" into I/O pin "SDRAM_DQ[15]". The node "emu:emu|sdram:sdram|sd_data[15]~reg0" cannot simultaneously use clear and load signals. File: C:/Temp/mistercore/lbmactwo_MiSTer/rtl/sdram.v Line: 122
Warning (176225): Can't pack node emu:emu|sdram:sdram|sd_data[0]~reg0 to I/O pin File: C:/Temp/mistercore/lbmactwo_MiSTer/rtl/sdram.v Line: 122
    Warning (176279): Can't pack register node "emu:emu|sdram:sdram|sd_data[0]~reg0" into I/O pin "SDRAM_DQ[0]". The node "emu:emu|sdram:sdram|sd_data[0]~reg0" cannot simultaneously use clear and load signals. File: C:/Temp/mistercore/lbmactwo_MiSTer/rtl/sdram.v Line: 122
Warning (176225): Can't pack node emu:emu|sdram:sdram|sd_data[1]~reg0 to I/O pin File: C:/Temp/mistercore/lbmactwo_MiSTer/rtl/sdram.v Line: 122
    Warning (176279): Can't pack register node "emu:emu|sdram:sdram|sd_data[1]~reg0" into I/O pin "SDRAM_DQ[1]". The node "emu:emu|sdram:sdram|sd_data[1]~reg0" cannot simultaneously use clear and load signals. File: C:/Temp/mistercore/lbmactwo_MiSTer/rtl/sdram.v Line: 122
Warning (176225): Can't pack node emu:emu|sdram:sdram|sd_data[2]~reg0 to I/O pin File: C:/Temp/mistercore/lbmactwo_MiSTer/rtl/sdram.v Line: 122
    Warning (176279): Can't pack register node "emu:emu|sdram:sdram|sd_data[2]~reg0" into I/O pin "SDRAM_DQ[2]". The node "emu:emu|sdram:sdram|sd_data[2]~reg0" cannot simultaneously use clear and load signals. File: C:/Temp/mistercore/lbmactwo_MiSTer/rtl/sdram.v Line: 122
Warning (176225): Can't pack node emu:emu|sdram:sdram|sd_data[3]~reg0 to I/O pin File: C:/Temp/mistercore/lbmactwo_MiSTer/rtl/sdram.v Line: 122
    Warning (176279): Can't pack register node "emu:emu|sdram:sdram|sd_data[3]~reg0" into I/O pin "SDRAM_DQ[3]". The node "emu:emu|sdram:sdram|sd_data[3]~reg0" cannot simultaneously use clear and load signals. File: C:/Temp/mistercore/lbmactwo_MiSTer/rtl/sdram.v Line: 122
Warning (176225): Can't pack node emu:emu|sdram:sdram|sd_data[4]~reg0 to I/O pin File: C:/Temp/mistercore/lbmactwo_MiSTer/rtl/sdram.v Line: 122
    Warning (176279): Can't pack register node "emu:emu|sdram:sdram|sd_data[4]~reg0" into I/O pin "SDRAM_DQ[4]". The node "emu:emu|sdram:sdram|sd_data[4]~reg0" cannot simultaneously use clear and load signals. File: C:/Temp/mistercore/lbmactwo_MiSTer/rtl/sdram.v Line: 122
Warning (176225): Can't pack node emu:emu|sdram:sdram|sd_data[5]~reg0 to I/O pin File: C:/Temp/mistercore/lbmactwo_MiSTer/rtl/sdram.v Line: 122
    Warning (176279): Can't pack register node "emu:emu|sdram:sdram|sd_data[5]~reg0" into I/O pin "SDRAM_DQ[5]". The node "emu:emu|sdram:sdram|sd_data[5]~reg0" cannot simultaneously use clear and load signals. File: C:/Temp/mistercore/lbmactwo_MiSTer/rtl/sdram.v Line: 122
Warning (176225): Can't pack node emu:emu|sdram:sdram|sd_data[6]~reg0 to I/O pin File: C:/Temp/mistercore/lbmactwo_MiSTer/rtl/sdram.v Line: 122
    Warning (176279): Can't pack register node "emu:emu|sdram:sdram|sd_data[6]~reg0" into I/O pin "SDRAM_DQ[6]". The node "emu:emu|sdram:sdram|sd_data[6]~reg0" cannot simultaneously use clear and load signals. File: C:/Temp/mistercore/lbmactwo_MiSTer/rtl/sdram.v Line: 122
Warning (176225): Can't pack node emu:emu|sdram:sdram|sd_data[7]~reg0 to I/O pin File: C:/Temp/mistercore/lbmactwo_MiSTer/rtl/sdram.v Line: 122
    Warning (176279): Can't pack register node "emu:emu|sdram:sdram|sd_data[7]~reg0" into I/O pin "SDRAM_DQ[7]". The node "emu:emu|sdram:sdram|sd_data[7]~reg0" cannot simultaneously use clear and load signals. File: C:/Temp/mistercore/lbmactwo_MiSTer/rtl/sdram.v Line: 122
Warning (176225): Can't pack node emu:emu|sdram:sdram|sd_data[8]~reg0 to I/O pin File: C:/Temp/mistercore/lbmactwo_MiSTer/rtl/sdram.v Line: 122
    Warning (176279): Can't pack register node "emu:emu|sdram:sdram|sd_data[8]~reg0" into I/O pin "SDRAM_DQ[8]". The node "emu:emu|sdram:sdram|sd_data[8]~reg0" cannot simultaneously use clear and load signals. File: C:/Temp/mistercore/lbmactwo_MiSTer/rtl/sdram.v Line: 122
Warning (176225): Can't pack node emu:emu|sdram:sdram|sd_data[9]~reg0 to I/O pin File: C:/Temp/mistercore/lbmactwo_MiSTer/rtl/sdram.v Line: 122
    Warning (176279): Can't pack register node "emu:emu|sdram:sdram|sd_data[9]~reg0" into I/O pin "SDRAM_DQ[9]". The node "emu:emu|sdram:sdram|sd_data[9]~reg0" cannot simultaneously use clear and load signals. File: C:/Temp/mistercore/lbmactwo_MiSTer/rtl/sdram.v Line: 122
Warning (176225): Can't pack node emu:emu|sdram:sdram|sd_data[10]~reg0 to I/O pin File: C:/Temp/mistercore/lbmactwo_MiSTer/rtl/sdram.v Line: 122
    Warning (176279): Can't pack register node "emu:emu|sdram:sdram|sd_data[10]~reg0" into I/O pin "SDRAM_DQ[10]". The node "emu:emu|sdram:sdram|sd_data[10]~reg0" cannot simultaneously use clear and load signals. File: C:/Temp/mistercore/lbmactwo_MiSTer/rtl/sdram.v Line: 122
Warning (176225): Can't pack node emu:emu|sdram:sdram|sd_data[11]~reg0 to I/O pin File: C:/Temp/mistercore/lbmactwo_MiSTer/rtl/sdram.v Line: 122
    Warning (176279): Can't pack register node "emu:emu|sdram:sdram|sd_data[11]~reg0" into I/O pin "SDRAM_DQ[11]". The node "emu:emu|sdram:sdram|sd_data[11]~reg0" cannot simultaneously use clear and load signals. File: C:/Temp/mistercore/lbmactwo_MiSTer/rtl/sdram.v Line: 122
Warning (176225): Can't pack node emu:emu|sdram:sdram|sd_data[12]~reg0 to I/O pin File: C:/Temp/mistercore/lbmactwo_MiSTer/rtl/sdram.v Line: 122
    Warning (176279): Can't pack register node "emu:emu|sdram:sdram|sd_data[12]~reg0" into I/O pin "SDRAM_DQ[12]". The node "emu:emu|sdram:sdram|sd_data[12]~reg0" cannot simultaneously use clear and load signals. File: C:/Temp/mistercore/lbmactwo_MiSTer/rtl/sdram.v Line: 122
Warning (176225): Can't pack node emu:emu|sdram:sdram|sd_data[13]~reg0 to I/O pin File: C:/Temp/mistercore/lbmactwo_MiSTer/rtl/sdram.v Line: 122
    Warning (176279): Can't pack register node "emu:emu|sdram:sdram|sd_data[13]~reg0" into I/O pin "SDRAM_DQ[13]". The node "emu:emu|sdram:sdram|sd_data[13]~reg0" cannot simultaneously use clear and load signals. File: C:/Temp/mistercore/lbmactwo_MiSTer/rtl/sdram.v Line: 122
Warning (176225): Can't pack node emu:emu|sdram:sdram|sd_data[14]~reg0 to I/O pin File: C:/Temp/mistercore/lbmactwo_MiSTer/rtl/sdram.v Line: 122
    Warning (176279): Can't pack register node "emu:emu|sdram:sdram|sd_data[14]~reg0" into I/O pin "SDRAM_DQ[14]". The node "emu:emu|sdram:sdram|sd_data[14]~reg0" cannot simultaneously use clear and load signals. File: C:/Temp/mistercore/lbmactwo_MiSTer/rtl/sdram.v Line: 122
Warning (176225): Can't pack node emu:emu|sdram:sdram|sd_data[15]~reg0 to I/O pin File: C:/Temp/mistercore/lbmactwo_MiSTer/rtl/sdram.v Line: 122
    Warning (176279): Can't pack register node "emu:emu|sdram:sdram|sd_data[15]~reg0" into I/O pin "SDRAM_DQ[15]". The node "emu:emu|sdram:sdram|sd_data[15]~reg0" cannot simultaneously use clear and load signals. File: C:/Temp/mistercore/lbmactwo_MiSTer/rtl/sdram.v Line: 122
Warning (176250): Ignoring invalid fast I/O register assignments. See the Ignored Assignments panel in the Fitter Compilation Report for more information.
Warning (176251): Ignoring some wildcard destinations of fast I/O register assignments
    Info (176252): Wildcard assignment "Fast Output Register=ON" to "SDRAM_*" matches multiple destination nodes -- some destinations are not valid targets for this assignment
Info (176235): Finished register packing
    Extra Info (176218): Packed 51 registers into blocks of type Block RAM
    Extra Info (176218): Packed 802 registers into blocks of type DSP block
    Extra Info (176218): Packed 16 registers into blocks of type I/O input buffer
    Extra Info (176218): Packed 64 registers into blocks of type I/O output buffer
    Extra Info (176220): Created 185 register duplicates
Info (128000): Starting physical synthesis optimizations for speed
Info (128002): Starting physical synthesis algorithm register retiming
Info (128003): Physical synthesis algorithm register retiming complete: estimated slack improvement of 13908 ps
Info (128002): Starting physical synthesis algorithm combinational resynthesis using boolean division
Info (128003): Physical synthesis algorithm combinational resynthesis using boolean division complete: estimated slack improvement of 0 ps
Info (128002): Starting physical synthesis algorithm register retiming
Info (128003): Physical synthesis algorithm register retiming complete: estimated slack improvement of 0 ps
Info (128002): Starting physical synthesis algorithm combinational resynthesis using boolean division
Info (128003): Physical synthesis algorithm combinational resynthesis using boolean division complete: estimated slack improvement of 0 ps
Info (128001): Physical synthesis optimizations for speed complete: elapsed time is 00:02:12
Info (176233): Starting register packing
Info (176235): Finished register packing
    Extra Info (176218): Packed 228 registers into blocks of type DSP block
    Extra Info (176220): Created 156 register duplicates
Info (11798): Fitter preparation operations ending: elapsed time is 00:02:44
Info (170189): Fitter placement preparation operations beginning
Info (14951): The Fitter is using Advanced Physical Optimization.
Info (170190): Fitter placement preparation operations ending: elapsed time is 00:02:29
Info (170191): Fitter placement operations beginning
Info (170137): Fitter placement was successful
Info (170192): Fitter placement operations ending: elapsed time is 00:01:23
Info (170193): Fitter routing operations beginning
Info (170089): 7e+03 ns of routing delay (approximately 3.6% of available device routing delay) has been added to meet hold timing. For more information, refer to the Estimated Delay Added for Hold Timing section in the Fitter report.
Info (170195): Router estimated average interconnect usage is 28% of the available device resources
    Info (170196): Router estimated peak interconnect usage is 50% of the available device resources in the region that extends from location X11_Y35 to location X21_Y45
Info (170194): Fitter routing operations ending: elapsed time is 00:03:01
Info (11888): Total time spent on timing analysis during the Fitter is 84.57 seconds.
Info (334003): Started post-fitting delay annotation
Info (334004): Delay annotation completed successfully
Info (334003): Started post-fitting delay annotation
Info (334004): Delay annotation completed successfully
Info (11801): Fitter post-fit operations ending: elapsed time is 00:01:21
Warning (171167): Found invalid Fitter assignments. See the Ignored Assignments panel in the Fitter Compilation Report for more information.
Warning (169064): Following 4 pins have no output enable or a GND or VCC output enable - later changes to this connectivity may change fitting results
    Info (169065): Pin USER_IO[0] has a permanently disabled output enable File: C:/Temp/mistercore/lbmactwo_MiSTer/sys/sys_top.v Line: 125
    Info (169065): Pin USER_IO[1] has a permanently disabled output enable File: C:/Temp/mistercore/lbmactwo_MiSTer/sys/sys_top.v Line: 125
    Info (169065): Pin USER_IO[3] has a permanently disabled output enable File: C:/Temp/mistercore/lbmactwo_MiSTer/sys/sys_top.v Line: 125
    Info (169065): Pin USER_IO[6] has a permanently disabled output enable File: C:/Temp/mistercore/lbmactwo_MiSTer/sys/sys_top.v Line: 125
Info (144001): Generated suppressed messages file C:/Temp/mistercore/lbmactwo_MiSTer/output_files/LBMacTwo.fit.smsg
Info: Quartus Prime Fitter was successful. 0 errors, 73 warnings
    Info: Peak virtual memory: 9597 megabytes
    Info: Processing ended: Thu Jun 04 07:46:09 2026
    Info: Elapsed time: 00:15:30
    Info: Total CPU time (on all processors): 00:59:29
Info: *******************************************************************
Info: Running Quartus Prime Assembler
    Info: Version 17.0.2 Build 602 07/19/2017 SJ Lite Edition
    Info: Processing started: Thu Jun 04 07:46:10 2026
Info: Command: quartus_asm --read_settings_files=off --write_settings_files=off LBMacTwo -c LBMacTwo
Info (115030): Assembler is generating device programming files
Info: Quartus Prime Assembler was successful. 0 errors, 0 warnings
    Info: Peak virtual memory: 5350 megabytes
    Info: Processing ended: Thu Jun 04 07:46:30 2026
    Info: Elapsed time: 00:00:20
    Info: Total CPU time (on all processors): 00:00:19
Info (293026): Skipped module PowerPlay Power Analyzer due to the assignment FLOW_ENABLE_POWER_ANALYZER
Info: *******************************************************************
Info: Running Quartus Prime TimeQuest Timing Analyzer
    Info: Version 17.0.2 Build 602 07/19/2017 SJ Lite Edition
    Info: Processing started: Thu Jun 04 07:46:31 2026
Info: Command: quartus_sta LBMacTwo -c LBMacTwo
Info: qsta_default_script.tcl version: #1
Info (20030): Parallel compilation is enabled and will use 12 of the 12 processors detected
Info (21077): Low junction temperature is -40 degrees C
Info (21077): High junction temperature is 100 degrees C
Info (332164): Evaluating HDL-embedded SDC commands
    Info (332165): Entity altera_std_synchronizer
        Info (332166): set_false_path -to [get_keepers {*altera_std_synchronizer:*|din_s1}]
    Info (332165): Entity sld_hub
        Info (332166): create_clock -name altera_reserved_tck [get_ports {altera_reserved_tck}] -period 30MHz   
        Info (332166): if { [string equal quartus_fit $::TimeQuestInfo(nameofexecutable)] } { set_max_delay -to [get_ports { altera_reserved_tdo } ] 0 }
        Info (332166): set_clock_groups -asynchronous -group {altera_reserved_tck}
Info (332104): Reading SDC File: 'sys/sys_top.sdc'
Info (332110): Deriving PLL clocks
    Info (332110): create_generated_clock -source {pll_hdmi|pll_hdmi_inst|altera_pll_i|cyclonev_pll|counter[0].output_counter|vco0ph[0]} -divide_by 3 -duty_cycle 50.00 -name {pll_hdmi|pll_hdmi_inst|altera_pll_i|cyclonev_pll|counter[0].output_counter|divclk} {pll_hdmi|pll_hdmi_inst|altera_pll_i|cyclonev_pll|counter[0].output_counter|divclk}
    Info (332110): create_generated_clock -source {pll_hdmi|pll_hdmi_inst|altera_pll_i|cyclonev_pll|fpll_0|fpll|refclkin} -divide_by 512 -multiply_by 4563 -duty_cycle 50.00 -name {pll_hdmi|pll_hdmi_inst|altera_pll_i|cyclonev_pll|fpll_0|fpll|vcoph[0]} {pll_hdmi|pll_hdmi_inst|altera_pll_i|cyclonev_pll|fpll_0|fpll|vcoph[0]}
    Info (332110): create_generated_clock -source {pll_audio|pll_audio_inst|altera_pll_i|general[0].gpll~FRACTIONAL_PLL|refclkin} -divide_by 512 -multiply_by 4279 -duty_cycle 50.00 -name {pll_audio|pll_audio_inst|altera_pll_i|general[0].gpll~FRACTIONAL_PLL|vcoph[0]} {pll_audio|pll_audio_inst|altera_pll_i|general[0].gpll~FRACTIONAL_PLL|vcoph[0]}
    Info (332110): create_generated_clock -source {pll_audio|pll_audio_inst|altera_pll_i|general[0].gpll~PLL_OUTPUT_COUNTER|vco0ph[0]} -divide_by 17 -duty_cycle 50.00 -name {pll_audio|pll_audio_inst|altera_pll_i|general[0].gpll~PLL_OUTPUT_COUNTER|divclk} {pll_audio|pll_audio_inst|altera_pll_i|general[0].gpll~PLL_OUTPUT_COUNTER|divclk}
    Info (332110): create_generated_clock -source {emu|pll|pll_inst|altera_pll_i|general[0].gpll~FRACTIONAL_PLL|refclkin} -divide_by 512 -multiply_by 4493 -duty_cycle 50.00 -name {emu|pll|pll_inst|altera_pll_i|general[0].gpll~FRACTIONAL_PLL|vcoph[0]} {emu|pll|pll_inst|altera_pll_i|general[0].gpll~FRACTIONAL_PLL|vcoph[0]}
    Info (332110): create_generated_clock -source {emu|pll|pll_inst|altera_pll_i|general[0].gpll~PLL_OUTPUT_COUNTER|vco0ph[0]} -divide_by 7 -duty_cycle 50.00 -name {emu|pll|pll_inst|altera_pll_i|general[0].gpll~PLL_OUTPUT_COUNTER|divclk} {emu|pll|pll_inst|altera_pll_i|general[0].gpll~PLL_OUTPUT_COUNTER|divclk}
    Info (332110): create_generated_clock -source {emu|pll|pll_inst|altera_pll_i|general[1].gpll~PLL_OUTPUT_COUNTER|vco0ph[0]} -divide_by 14 -duty_cycle 50.00 -name {emu|pll|pll_inst|altera_pll_i|general[1].gpll~PLL_OUTPUT_COUNTER|divclk} {emu|pll|pll_inst|altera_pll_i|general[1].gpll~PLL_OUTPUT_COUNTER|divclk}
Info (332151): Clock uncertainty is not calculated until you update the timing netlist.
Info (332097): The following timing edges are non-unate.  TimeQuest will assume pos-unate behavior for these edges in the clock network.
    Info (332098): Cell: emu|pll|pll_inst|altera_pll_i|general[0].gpll~FRACTIONAL_PLL  from: refclkin  to: fbclk
    Info (332098): Cell: emu|pll|pll_inst|altera_pll_i|general[0].gpll~PLL_OUTPUT_COUNTER  from: vco0ph[0]  to: divclk
    Info (332098): Cell: emu|pll|pll_inst|altera_pll_i|general[0].gpll~PLL_REFCLK_SELECT  from: clkin[0]  to: clkout
    Info (332098): Cell: emu|pll|pll_inst|altera_pll_i|general[1].gpll~PLL_OUTPUT_COUNTER  from: vco0ph[0]  to: divclk
    Info (332098): Cell: pll_audio|pll_audio_inst|altera_pll_i|general[0].gpll~FRACTIONAL_PLL  from: refclkin  to: fbclk
    Info (332098): Cell: pll_audio|pll_audio_inst|altera_pll_i|general[0].gpll~PLL_OUTPUT_COUNTER  from: vco0ph[0]  to: divclk
    Info (332098): Cell: pll_audio|pll_audio_inst|altera_pll_i|general[0].gpll~PLL_REFCLK_SELECT  from: clkin[0]  to: clkout
    Info (332098): Cell: pll_hdmi|pll_hdmi_inst|altera_pll_i|cyclonev_pll|counter[0].output_counter  from: vco0ph[0]  to: divclk
    Info (332098): Cell: pll_hdmi|pll_hdmi_inst|altera_pll_i|cyclonev_pll|fpll_0|REFCLK_SELECT  from: clkin[0]  to: clkout
    Info (332098): Cell: pll_hdmi|pll_hdmi_inst|altera_pll_i|cyclonev_pll|fpll_0|fpll  from: refclkin  to: fbclk
    Info (332098): From: sysmem|fpga_interfaces|f2sdram|cmd_port_clk_0  to: sysmem_lite:sysmem|sysmem_HPS_fpga_interfaces:fpga_interfaces|f2sdram~FF_762
    Info (332098): From: sysmem|fpga_interfaces|f2sdram|cmd_port_clk_2  to: sysmem_lite:sysmem|sysmem_HPS_fpga_interfaces:fpga_interfaces|f2sdram~FF_920
    Info (332098): From: sysmem|fpga_interfaces|f2sdram|rd_clk_0  to: sysmem_lite:sysmem|sysmem_HPS_fpga_interfaces:fpga_interfaces|f2sdram~FF_7
    Info (332098): From: sysmem|fpga_interfaces|f2sdram|rd_clk_1  to: sysmem_lite:sysmem|sysmem_HPS_fpga_interfaces:fpga_interfaces|f2sdram~FF_6
    Info (332098): From: sysmem|fpga_interfaces|f2sdram|rd_clk_3  to: sysmem_lite:sysmem|sysmem_HPS_fpga_interfaces:fpga_interfaces|f2sdram~FF_4
    Info (332098): From: sysmem|fpga_interfaces|f2sdram|wr_clk_0  to: sysmem_lite:sysmem|sysmem_HPS_fpga_interfaces:fpga_interfaces|f2sdram~FF_3
    Info (332098): From: sysmem|fpga_interfaces|f2sdram|wr_clk_1  to: sysmem_lite:sysmem|sysmem_HPS_fpga_interfaces:fpga_interfaces|f2sdram~FF_2
    Info (332098): From: sysmem|fpga_interfaces|f2sdram|wr_clk_3  to: sysmem_lite:sysmem|sysmem_HPS_fpga_interfaces:fpga_interfaces|f2sdram~FF_0
Info (332123): Deriving Clock Uncertainty. Please refer to report_sdc in TimeQuest to see clock uncertainties.
Info: Found TIMEQUEST_REPORT_SCRIPT_INCLUDE_DEFAULT_ANALYSIS = ON
Critical Warning (332148): Timing requirements not met
    Info (11105): For recommendations on closing timing, run Report Timing Closure Recommendations in the TimeQuest Timing Analyzer.
Info (332146): Worst-case setup slack is -175.611
    Info (332119):     Slack       End Point TNS Clock 
    Info (332119): ========= =================== =====================
    Info (332119):  -175.611          -49064.938 emu|pll|pll_inst|altera_pll_i|general[1].gpll~PLL_OUTPUT_COUNTER|divclk 
    Info (332119):     0.179               0.000 pll_hdmi|pll_hdmi_inst|altera_pll_i|cyclonev_pll|counter[0].output_counter|divclk 
    Info (332119):     1.632               0.000 emu|pll|pll_inst|altera_pll_i|general[0].gpll~PLL_OUTPUT_COUNTER|divclk 
    Info (332119):     4.007               0.000 sysmem|fpga_interfaces|clocks_resets|h2f_user0_clk 
    Info (332119):     6.129               0.000 spi_sck 
    Info (332119):     8.173               0.000 altera_reserved_tck 
    Info (332119):     9.222               0.000 FPGA_CLK1_50 
    Info (332119):    12.022               0.000 FPGA_CLK2_50 
    Info (332119):    14.760               0.000 pll_audio|pll_audio_inst|altera_pll_i|general[0].gpll~PLL_OUTPUT_COUNTER|divclk 
Info (332146): Worst-case hold slack is 0.191
    Info (332119):     Slack       End Point TNS Clock 
    Info (332119): ========= =================== =====================
    Info (332119):     0.191               0.000 pll_hdmi|pll_hdmi_inst|altera_pll_i|cyclonev_pll|counter[0].output_counter|divclk 
    Info (332119):     0.238               0.000 pll_audio|pll_audio_inst|altera_pll_i|general[0].gpll~PLL_OUTPUT_COUNTER|divclk 
    Info (332119):     0.246               0.000 emu|pll|pll_inst|altera_pll_i|general[1].gpll~PLL_OUTPUT_COUNTER|divclk 
    Info (332119):     0.286               0.000 FPGA_CLK1_50 
    Info (332119):     0.289               0.000 sysmem|fpga_interfaces|clocks_resets|h2f_user0_clk 
    Info (332119):     0.320               0.000 spi_sck 
    Info (332119):     0.367               0.000 FPGA_CLK2_50 
    Info (332119):     0.432               0.000 altera_reserved_tck 
    Info (332119):     0.444               0.000 emu|pll|pll_inst|altera_pll_i|general[0].gpll~PLL_OUTPUT_COUNTER|divclk 
Info (332146): Worst-case recovery slack is 3.521
    Info (332119):     Slack       End Point TNS Clock 
    Info (332119): ========= =================== =====================
    Info (332119):     3.521               0.000 pll_hdmi|pll_hdmi_inst|altera_pll_i|cyclonev_pll|counter[0].output_counter|divclk 
    Info (332119):     6.944               0.000 sysmem|fpga_interfaces|clocks_resets|h2f_user0_clk 
    Info (332119):    16.975               0.000 emu|pll|pll_inst|altera_pll_i|general[1].gpll~PLL_OUTPUT_COUNTER|divclk 
    Info (332119):    17.274               0.000 FPGA_CLK1_50 
    Info (332119):    26.961               0.000 altera_reserved_tck 
Info (332146): Worst-case removal slack is 0.824
    Info (332119):     Slack       End Point TNS Clock 
    Info (332119): ========= =================== =====================
    Info (332119):     0.824               0.000 FPGA_CLK1_50 
    Info (332119):     1.025               0.000 altera_reserved_tck 
    Info (332119):     1.032               0.000 emu|pll|pll_inst|altera_pll_i|general[1].gpll~PLL_OUTPUT_COUNTER|divclk 
    Info (332119):     1.213               0.000 sysmem|fpga_interfaces|clocks_resets|h2f_user0_clk 
    Info (332119):     1.491               0.000 pll_hdmi|pll_hdmi_inst|altera_pll_i|cyclonev_pll|counter[0].output_counter|divclk 
Info (332146): Worst-case minimum pulse width slack is 1.122
    Info (332119):     Slack       End Point TNS Clock 
    Info (332119): ========= =================== =====================
    Info (332119):     1.122               0.000 pll_hdmi|pll_hdmi_inst|altera_pll_i|cyclonev_pll|fpll_0|fpll|vcoph[0] 
    Info (332119):     1.139               0.000 emu|pll|pll_inst|altera_pll_i|general[0].gpll~FRACTIONAL_PLL|vcoph[0] 
    Info (332119):     1.196               0.000 pll_audio|pll_audio_inst|altera_pll_i|general[0].gpll~FRACTIONAL_PLL|vcoph[0] 
    Info (332119):     1.930               0.000 pll_hdmi|pll_hdmi_inst|altera_pll_i|cyclonev_pll|counter[0].output_counter|divclk 
    Info (332119):     3.588               0.000 sysmem|fpga_interfaces|clocks_resets|h2f_user0_clk 
    Info (332119):     4.257               0.000 spi_sck 
    Info (332119):     6.997               0.000 emu|pll|pll_inst|altera_pll_i|general[0].gpll~PLL_OUTPUT_COUNTER|divclk 
    Info (332119):     8.703               0.000 FPGA_CLK2_50 
    Info (332119):     9.211               0.000 FPGA_CLK1_50 
    Info (332119):     9.730               0.000 FPGA_CLK3_50 
    Info (332119):    14.517               0.000 emu|pll|pll_inst|altera_pll_i|general[1].gpll~PLL_OUTPUT_COUNTER|divclk 
    Info (332119):    15.765               0.000 altera_reserved_tck 
    Info (332119):    18.903               0.000 pll_audio|pll_audio_inst|altera_pll_i|general[0].gpll~PLL_OUTPUT_COUNTER|divclk 
Info (332114): Report Metastability: Found 410 synchronizer chains.
    Info (332114): Worst-Case MTBF of Design is 1e+09 years or 3.15e+16 seconds.
    Info (332114): Typical MTBF of Design is 1e+09 years or 3.15e+16 seconds.

    Info (332114): Number of Synchronizer Chains Found: 410
    Info (332114): Shortest Synchronizer Chain: 1 Registers
    Info (332114): Fraction of Chains for which MTBFs Could Not be Calculated: 0.983
    Info (332114): Worst Case Available Settling Time: 4.082 ns
    Info (332114): Worst-Case MTBF values are calculated based on the worst-case silicon characteristics, with worst-case operating conditions.
    Info (332114):   - Under worst-case conditions, an increase of 100ps in available settling time will increase MTBF values by a factor of 8.0
    Info (332114): Typical MTBF values are calculated based on the nominal silicon characteristics, at nominal operating conditions.
    Info (332114):   - Under typical conditions, an increase of 100ps in available settling time will increase MTBF values by a factor of 17.8
Info (332102): Design is not fully constrained for setup requirements
Info (332102): Design is not fully constrained for hold requirements
Info: Quartus Prime TimeQuest Timing Analyzer was successful. 0 errors, 1 warning
    Info: Peak virtual memory: 5969 megabytes
    Info: Processing ended: Thu Jun 04 07:46:52 2026
    Info: Elapsed time: 00:00:21
    Info: Total CPU time (on all processors): 00:00:28
Info (293000): Quartus Prime Full Compilation was successful. 0 errors, 337 warnings
Info (23030): Evaluation of Tcl script c:/intelfpga_lite/17.0/quartus/common/tcl/internal/qsh_flow.tcl was successful
Info: Quartus Prime Shell was successful. 0 errors, 337 warnings
    Info: Peak virtual memory: 4609 megabytes
    Info: Processing ended: Thu Jun 04 07:46:52 2026
    Info: Elapsed time: 00:21:47
    Info: Total CPU time (on all processors): 01:49:53
[Thu Jun  4 07:46:52 EDT 2026] Compile exit=0 at Thu Jun  4 07:46:53 EDT 2026
-rw-r--r-- 1 spam 197609      26 Jun  4 07:46 output_files/LBMacTwo.done
-rw-r--r-- 1 spam 197609 3736000 Jun  4 07:46 output_files/LBMacTwo.rbf
-rw-r--r-- 1 spam 197609 6712538 Jun  4 07:46 output_files/LBMacTwo.sof
