Info: *******************************************************************
Info: Running Quartus Prime TimeQuest Timing Analyzer
    Info: Version 17.0.2 Build 602 07/19/2017 SJ Lite Edition
    Info: Copyright (C) 2017  Intel Corporation. All rights reserved.
    Info: Your use of Intel Corporation's design tools, logic functions 
    Info: and other software and tools, and its AMPP partner logic 
    Info: functions, and any output files from any of the foregoing 
    Info: (including device programming or simulation files), and any 
    Info: associated documentation or information are expressly subject 
    Info: to the terms and conditions of the Intel Program License 
    Info: Subscription Agreement, the Intel Quartus Prime License Agreement,
    Info: the Intel MegaCore Function License Agreement, or other 
    Info: applicable license agreement, including, without limitation, 
    Info: that your use is for the sole purpose of programming logic 
    Info: devices manufactured by Intel and sold by Intel or its 
    Info: authorized distributors.  Please refer to the applicable 
    Info: agreement for further details.
    Info: Processing started: Thu May 28 15:21:12 2026
Info: Command: quartus_sta -t scripts/sta_diag.tcl
Info (20030): Parallel compilation is enabled and will use 12 of the 12 processors detected
Info (21077): Low junction temperature is -40 degrees C
Info (21077): High junction temperature is 100 degrees C
Info (332164): Evaluating HDL-embedded SDC commands
    Info (332165): Entity altera_std_synchronizer
        Info (332166): set_false_path -to [get_keepers {*altera_std_synchronizer:*|din_s1}]
    Info (332165): Entity sld_hub
        Info (332166): create_clock -name altera_reserved_tck [get_ports {altera_reserved_tck}] -period 30MHz   
        Info (332166): if { [string equal quartus_fit $::TimeQuestInfo(nameofexecutable)] } { set_max_delay -to [get_ports { altera_reserved_tdo } ] 0 }
        Info (332166): set_clock_groups -asynchronous -group {altera_reserved_tck}
Info (332104): Reading SDC File: 'sys/sys_top.sdc'
Info (332110): Deriving PLL clocks
    Info (332110): create_generated_clock -source {pll_hdmi|pll_hdmi_inst|altera_pll_i|cyclonev_pll|counter[0].output_counter|vco0ph[0]} -divide_by 3 -duty_cycle 50.00 -name {pll_hdmi|pll_hdmi_inst|altera_pll_i|cyclonev_pll|counter[0].output_counter|divclk} {pll_hdmi|pll_hdmi_inst|altera_pll_i|cyclonev_pll|counter[0].output_counter|divclk}
    Info (332110): create_generated_clock -source {pll_hdmi|pll_hdmi_inst|altera_pll_i|cyclonev_pll|fpll_0|fpll|refclkin} -divide_by 512 -multiply_by 4563 -duty_cycle 50.00 -name {pll_hdmi|pll_hdmi_inst|altera_pll_i|cyclonev_pll|fpll_0|fpll|vcoph[0]} {pll_hdmi|pll_hdmi_inst|altera_pll_i|cyclonev_pll|fpll_0|fpll|vcoph[0]}
    Info (332110): create_generated_clock -source {pll_audio|pll_audio_inst|altera_pll_i|general[0].gpll~FRACTIONAL_PLL|refclkin} -divide_by 512 -multiply_by 4279 -duty_cycle 50.00 -name {pll_audio|pll_audio_inst|altera_pll_i|general[0].gpll~FRACTIONAL_PLL|vcoph[0]} {pll_audio|pll_audio_inst|altera_pll_i|general[0].gpll~FRACTIONAL_PLL|vcoph[0]}
    Info (332110): create_generated_clock -source {pll_audio|pll_audio_inst|altera_pll_i|general[0].gpll~PLL_OUTPUT_COUNTER|vco0ph[0]} -divide_by 17 -duty_cycle 50.00 -name {pll_audio|pll_audio_inst|altera_pll_i|general[0].gpll~PLL_OUTPUT_COUNTER|divclk} {pll_audio|pll_audio_inst|altera_pll_i|general[0].gpll~PLL_OUTPUT_COUNTER|divclk}
    Info (332110): create_generated_clock -source {emu|pll|pll_inst|altera_pll_i|general[0].gpll~FRACTIONAL_PLL|refclkin} -divide_by 512 -multiply_by 4493 -duty_cycle 50.00 -name {emu|pll|pll_inst|altera_pll_i|general[0].gpll~FRACTIONAL_PLL|vcoph[0]} {emu|pll|pll_inst|altera_pll_i|general[0].gpll~FRACTIONAL_PLL|vcoph[0]}
    Info (332110): create_generated_clock -source {emu|pll|pll_inst|altera_pll_i|general[0].gpll~PLL_OUTPUT_COUNTER|vco0ph[0]} -divide_by 7 -duty_cycle 50.00 -name {emu|pll|pll_inst|altera_pll_i|general[0].gpll~PLL_OUTPUT_COUNTER|divclk} {emu|pll|pll_inst|altera_pll_i|general[0].gpll~PLL_OUTPUT_COUNTER|divclk}
    Info (332110): create_generated_clock -source {emu|pll|pll_inst|altera_pll_i|general[1].gpll~PLL_OUTPUT_COUNTER|vco0ph[0]} -divide_by 14 -duty_cycle 50.00 -name {emu|pll|pll_inst|altera_pll_i|general[1].gpll~PLL_OUTPUT_COUNTER|divclk} {emu|pll|pll_inst|altera_pll_i|general[1].gpll~PLL_OUTPUT_COUNTER|divclk}
Info (332151): Clock uncertainty is not calculated until you update the timing netlist.
Info (332097): The following timing edges are non-unate.  TimeQuest will assume pos-unate behavior for these edges in the clock network.
    Info (332098): Cell: emu|pll|pll_inst|altera_pll_i|general[0].gpll~FRACTIONAL_PLL  from: refclkin  to: fbclk
    Info (332098): Cell: emu|pll|pll_inst|altera_pll_i|general[0].gpll~PLL_OUTPUT_COUNTER  from: vco0ph[0]  to: divclk
    Info (332098): Cell: emu|pll|pll_inst|altera_pll_i|general[0].gpll~PLL_REFCLK_SELECT  from: clkin[0]  to: clkout
    Info (332098): Cell: emu|pll|pll_inst|altera_pll_i|general[1].gpll~PLL_OUTPUT_COUNTER  from: vco0ph[0]  to: divclk
    Info (332098): Cell: pll_audio|pll_audio_inst|altera_pll_i|general[0].gpll~FRACTIONAL_PLL  from: refclkin  to: fbclk
    Info (332098): Cell: pll_audio|pll_audio_inst|altera_pll_i|general[0].gpll~PLL_OUTPUT_COUNTER  from: vco0ph[0]  to: divclk
    Info (332098): Cell: pll_audio|pll_audio_inst|altera_pll_i|general[0].gpll~PLL_REFCLK_SELECT  from: clkin[0]  to: clkout
    Info (332098): Cell: pll_hdmi|pll_hdmi_inst|altera_pll_i|cyclonev_pll|counter[0].output_counter  from: vco0ph[0]  to: divclk
    Info (332098): Cell: pll_hdmi|pll_hdmi_inst|altera_pll_i|cyclonev_pll|fpll_0|REFCLK_SELECT  from: clkin[0]  to: clkout
    Info (332098): Cell: pll_hdmi|pll_hdmi_inst|altera_pll_i|cyclonev_pll|fpll_0|fpll  from: refclkin  to: fbclk
    Info (332098): From: sysmem|fpga_interfaces|f2sdram|cmd_port_clk_0  to: sysmem_lite:sysmem|sysmem_HPS_fpga_interfaces:fpga_interfaces|f2sdram~FF_762
    Info (332098): From: sysmem|fpga_interfaces|f2sdram|cmd_port_clk_2  to: sysmem_lite:sysmem|sysmem_HPS_fpga_interfaces:fpga_interfaces|f2sdram~FF_920
    Info (332098): From: sysmem|fpga_interfaces|f2sdram|rd_clk_0  to: sysmem_lite:sysmem|sysmem_HPS_fpga_interfaces:fpga_interfaces|f2sdram~FF_7
    Info (332098): From: sysmem|fpga_interfaces|f2sdram|rd_clk_1  to: sysmem_lite:sysmem|sysmem_HPS_fpga_interfaces:fpga_interfaces|f2sdram~FF_6
    Info (332098): From: sysmem|fpga_interfaces|f2sdram|rd_clk_3  to: sysmem_lite:sysmem|sysmem_HPS_fpga_interfaces:fpga_interfaces|f2sdram~FF_4
    Info (332098): From: sysmem|fpga_interfaces|f2sdram|wr_clk_0  to: sysmem_lite:sysmem|sysmem_HPS_fpga_interfaces:fpga_interfaces|f2sdram~FF_3
    Info (332098): From: sysmem|fpga_interfaces|f2sdram|wr_clk_1  to: sysmem_lite:sysmem|sysmem_HPS_fpga_interfaces:fpga_interfaces|f2sdram~FF_2
    Info (332098): From: sysmem|fpga_interfaces|f2sdram|wr_clk_3  to: sysmem_lite:sysmem|sysmem_HPS_fpga_interfaces:fpga_interfaces|f2sdram~FF_0
Info (332123): Deriving Clock Uncertainty. Please refer to report_sdc in TimeQuest to see clock uncertainties.
==== WORST 40 SETUP PATHS (all) ====
Info (332115): Report Timing: Found 40 setup paths (40 violated).  Worst case slack is -171.769
    Info (332115): -setup
    Info (332115): -npaths 40
    Info (332115): -detail summary
    Info (332115): -stdout
Info (332115): Path #1: Setup slack is -171.769 (VIOLATED)
    Info (332115):    Slack        : -171.769 (VIOLATED)
    Info (332115):    From Node    : emu:emu|mc68881_fpu_lite:fpu_inst|mc68881_top:u_fpu|fp80_to_int_trunc~28_OTERM3157
    Info (332115):    To Node      : emu:emu|mc68881_fpu_lite:fpu_inst|mc68881_top:u_fpu|result_ex_reg[2]_OTERM1537_OTERM1885_OTERM2091_OTERM2473
    Info (332115):    Launch Clock : emu|pll|pll_inst|altera_pll_i|general[1].gpll~PLL_OUTPUT_COUNTER|divclk
    Info (332115):    Latch Clock  : emu|pll|pll_inst|altera_pll_i|general[1].gpll~PLL_OUTPUT_COUNTER|divclk
    Info (332115):    Relationship : 31.907
    Info (332115):    Clock Skew   : -0.096
    Info (332115):    Data Delay   : 203.380
Info (332115): Path #2: Setup slack is -171.769 (VIOLATED)
    Info (332115):    Slack        : -171.769 (VIOLATED)
    Info (332115):    From Node    : emu:emu|mc68881_fpu_lite:fpu_inst|mc68881_top:u_fpu|fp80_to_int_trunc~28_OTERM3157
    Info (332115):    To Node      : emu:emu|mc68881_fpu_lite:fpu_inst|mc68881_top:u_fpu|result_ex_reg[2]_OTERM1537_OTERM1885_OTERM2091_OTERM2473
    Info (332115):    Launch Clock : emu|pll|pll_inst|altera_pll_i|general[1].gpll~PLL_OUTPUT_COUNTER|divclk
    Info (332115):    Latch Clock  : emu|pll|pll_inst|altera_pll_i|general[1].gpll~PLL_OUTPUT_COUNTER|divclk
    Info (332115):    Relationship : 31.907
    Info (332115):    Clock Skew   : -0.096
    Info (332115):    Data Delay   : 203.380
Info (332115): Path #3: Setup slack is -171.769 (VIOLATED)
    Info (332115):    Slack        : -171.769 (VIOLATED)
    Info (332115):    From Node    : emu:emu|mc68881_fpu_lite:fpu_inst|mc68881_top:u_fpu|fp80_to_int_trunc~28_OTERM3157
    Info (332115):    To Node      : emu:emu|mc68881_fpu_lite:fpu_inst|mc68881_top:u_fpu|result_ex_reg[2]_OTERM1537_OTERM1885_OTERM2091_OTERM2473
    Info (332115):    Launch Clock : emu|pll|pll_inst|altera_pll_i|general[1].gpll~PLL_OUTPUT_COUNTER|divclk
    Info (332115):    Latch Clock  : emu|pll|pll_inst|altera_pll_i|general[1].gpll~PLL_OUTPUT_COUNTER|divclk
    Info (332115):    Relationship : 31.907
    Info (332115):    Clock Skew   : -0.096
    Info (332115):    Data Delay   : 203.380
Info (332115): Path #4: Setup slack is -171.769 (VIOLATED)
    Info (332115):    Slack        : -171.769 (VIOLATED)
    Info (332115):    From Node    : emu:emu|mc68881_fpu_lite:fpu_inst|mc68881_top:u_fpu|fp80_to_int_trunc~28_OTERM3157
    Info (332115):    To Node      : emu:emu|mc68881_fpu_lite:fpu_inst|mc68881_top:u_fpu|result_ex_reg[2]_OTERM1537_OTERM1885_OTERM2091_OTERM2473
    Info (332115):    Launch Clock : emu|pll|pll_inst|altera_pll_i|general[1].gpll~PLL_OUTPUT_COUNTER|divclk
    Info (332115):    Latch Clock  : emu|pll|pll_inst|altera_pll_i|general[1].gpll~PLL_OUTPUT_COUNTER|divclk
    Info (332115):    Relationship : 31.907
    Info (332115):    Clock Skew   : -0.096
    Info (332115):    Data Delay   : 203.380
Info (332115): Path #5: Setup slack is -171.769 (VIOLATED)
    Info (332115):    Slack        : -171.769 (VIOLATED)
    Info (332115):    From Node    : emu:emu|mc68881_fpu_lite:fpu_inst|mc68881_top:u_fpu|fp80_to_int_trunc~28_OTERM3157
    Info (332115):    To Node      : emu:emu|mc68881_fpu_lite:fpu_inst|mc68881_top:u_fpu|result_ex_reg[2]_OTERM1537_OTERM1885_OTERM2091_OTERM2473
    Info (332115):    Launch Clock : emu|pll|pll_inst|altera_pll_i|general[1].gpll~PLL_OUTPUT_COUNTER|divclk
    Info (332115):    Latch Clock  : emu|pll|pll_inst|altera_pll_i|general[1].gpll~PLL_OUTPUT_COUNTER|divclk
    Info (332115):    Relationship : 31.907
    Info (332115):    Clock Skew   : -0.096
    Info (332115):    Data Delay   : 203.380
Info (332115): Path #6: Setup slack is -171.769 (VIOLATED)
    Info (332115):    Slack        : -171.769 (VIOLATED)
    Info (332115):    From Node    : emu:emu|mc68881_fpu_lite:fpu_inst|mc68881_top:u_fpu|fp80_to_int_trunc~28_OTERM3157
    Info (332115):    To Node      : emu:emu|mc68881_fpu_lite:fpu_inst|mc68881_top:u_fpu|result_ex_reg[2]_OTERM1537_OTERM1885_OTERM2091_OTERM2473
    Info (332115):    Launch Clock : emu|pll|pll_inst|altera_pll_i|general[1].gpll~PLL_OUTPUT_COUNTER|divclk
    Info (332115):    Latch Clock  : emu|pll|pll_inst|altera_pll_i|general[1].gpll~PLL_OUTPUT_COUNTER|divclk
    Info (332115):    Relationship : 31.907
    Info (332115):    Clock Skew   : -0.096
    Info (332115):    Data Delay   : 203.380
Info (332115): Path #7: Setup slack is -171.769 (VIOLATED)
    Info (332115):    Slack        : -171.769 (VIOLATED)
    Info (332115):    From Node    : emu:emu|mc68881_fpu_lite:fpu_inst|mc68881_top:u_fpu|fp80_to_int_trunc~28_OTERM3157
    Info (332115):    To Node      : emu:emu|mc68881_fpu_lite:fpu_inst|mc68881_top:u_fpu|result_ex_reg[2]_OTERM1537_OTERM1885_OTERM2091_OTERM2473
    Info (332115):    Launch Clock : emu|pll|pll_inst|altera_pll_i|general[1].gpll~PLL_OUTPUT_COUNTER|divclk
    Info (332115):    Latch Clock  : emu|pll|pll_inst|altera_pll_i|general[1].gpll~PLL_OUTPUT_COUNTER|divclk
    Info (332115):    Relationship : 31.907
    Info (332115):    Clock Skew   : -0.096
    Info (332115):    Data Delay   : 203.380
Info (332115): Path #8: Setup slack is -171.769 (VIOLATED)
    Info (332115):    Slack        : -171.769 (VIOLATED)
    Info (332115):    From Node    : emu:emu|mc68881_fpu_lite:fpu_inst|mc68881_top:u_fpu|fp80_to_int_trunc~28_OTERM3157
    Info (332115):    To Node      : emu:emu|mc68881_fpu_lite:fpu_inst|mc68881_top:u_fpu|result_ex_reg[2]_OTERM1537_OTERM1885_OTERM2091_OTERM2473
    Info (332115):    Launch Clock : emu|pll|pll_inst|altera_pll_i|general[1].gpll~PLL_OUTPUT_COUNTER|divclk
    Info (332115):    Latch Clock  : emu|pll|pll_inst|altera_pll_i|general[1].gpll~PLL_OUTPUT_COUNTER|divclk
    Info (332115):    Relationship : 31.907
    Info (332115):    Clock Skew   : -0.096
    Info (332115):    Data Delay   : 203.380
Info (332115): Path #9: Setup slack is -171.769 (VIOLATED)
    Info (332115):    Slack        : -171.769 (VIOLATED)
    Info (332115):    From Node    : emu:emu|mc68881_fpu_lite:fpu_inst|mc68881_top:u_fpu|fp80_to_int_trunc~28_OTERM3157
    Info (332115):    To Node      : emu:emu|mc68881_fpu_lite:fpu_inst|mc68881_top:u_fpu|result_ex_reg[2]_OTERM1537_OTERM1885_OTERM2091_OTERM2473
    Info (332115):    Launch Clock : emu|pll|pll_inst|altera_pll_i|general[1].gpll~PLL_OUTPUT_COUNTER|divclk
    Info (332115):    Latch Clock  : emu|pll|pll_inst|altera_pll_i|general[1].gpll~PLL_OUTPUT_COUNTER|divclk
    Info (332115):    Relationship : 31.907
    Info (332115):    Clock Skew   : -0.096
    Info (332115):    Data Delay   : 203.380
Info (332115): Path #10: Setup slack is -171.769 (VIOLATED)
    Info (332115):    Slack        : -171.769 (VIOLATED)
    Info (332115):    From Node    : emu:emu|mc68881_fpu_lite:fpu_inst|mc68881_top:u_fpu|fp80_to_int_trunc~28_OTERM3157
    Info (332115):    To Node      : emu:emu|mc68881_fpu_lite:fpu_inst|mc68881_top:u_fpu|result_ex_reg[2]_OTERM1537_OTERM1885_OTERM2091_OTERM2473
    Info (332115):    Launch Clock : emu|pll|pll_inst|altera_pll_i|general[1].gpll~PLL_OUTPUT_COUNTER|divclk
    Info (332115):    Latch Clock  : emu|pll|pll_inst|altera_pll_i|general[1].gpll~PLL_OUTPUT_COUNTER|divclk
    Info (332115):    Relationship : 31.907
    Info (332115):    Clock Skew   : -0.096
    Info (332115):    Data Delay   : 203.380
Info (332115): Path #11: Setup slack is -171.769 (VIOLATED)
    Info (332115):    Slack        : -171.769 (VIOLATED)
    Info (332115):    From Node    : emu:emu|mc68881_fpu_lite:fpu_inst|mc68881_top:u_fpu|fp80_to_int_trunc~28_OTERM3157
    Info (332115):    To Node      : emu:emu|mc68881_fpu_lite:fpu_inst|mc68881_top:u_fpu|result_ex_reg[2]_OTERM1537_OTERM1885_OTERM2091_OTERM2473
    Info (332115):    Launch Clock : emu|pll|pll_inst|altera_pll_i|general[1].gpll~PLL_OUTPUT_COUNTER|divclk
    Info (332115):    Latch Clock  : emu|pll|pll_inst|altera_pll_i|general[1].gpll~PLL_OUTPUT_COUNTER|divclk
    Info (332115):    Relationship : 31.907
    Info (332115):    Clock Skew   : -0.096
    Info (332115):    Data Delay   : 203.380
Info (332115): Path #12: Setup slack is -171.769 (VIOLATED)
    Info (332115):    Slack        : -171.769 (VIOLATED)
    Info (332115):    From Node    : emu:emu|mc68881_fpu_lite:fpu_inst|mc68881_top:u_fpu|fp80_to_int_trunc~28_OTERM3157
    Info (332115):    To Node      : emu:emu|mc68881_fpu_lite:fpu_inst|mc68881_top:u_fpu|result_ex_reg[2]_OTERM1537_OTERM1885_OTERM2091_OTERM2473
    Info (332115):    Launch Clock : emu|pll|pll_inst|altera_pll_i|general[1].gpll~PLL_OUTPUT_COUNTER|divclk
    Info (332115):    Latch Clock  : emu|pll|pll_inst|altera_pll_i|general[1].gpll~PLL_OUTPUT_COUNTER|divclk
    Info (332115):    Relationship : 31.907
    Info (332115):    Clock Skew   : -0.096
    Info (332115):    Data Delay   : 203.380
Info (332115): Path #13: Setup slack is -171.769 (VIOLATED)
    Info (332115):    Slack        : -171.769 (VIOLATED)
    Info (332115):    From Node    : emu:emu|mc68881_fpu_lite:fpu_inst|mc68881_top:u_fpu|fp80_to_int_trunc~28_OTERM3157
    Info (332115):    To Node      : emu:emu|mc68881_fpu_lite:fpu_inst|mc68881_top:u_fpu|result_ex_reg[2]_OTERM1537_OTERM1885_OTERM2091_OTERM2473
    Info (332115):    Launch Clock : emu|pll|pll_inst|altera_pll_i|general[1].gpll~PLL_OUTPUT_COUNTER|divclk
    Info (332115):    Latch Clock  : emu|pll|pll_inst|altera_pll_i|general[1].gpll~PLL_OUTPUT_COUNTER|divclk
    Info (332115):    Relationship : 31.907
    Info (332115):    Clock Skew   : -0.096
    Info (332115):    Data Delay   : 203.380
Info (332115): Path #14: Setup slack is -171.769 (VIOLATED)
    Info (332115):    Slack        : -171.769 (VIOLATED)
    Info (332115):    From Node    : emu:emu|mc68881_fpu_lite:fpu_inst|mc68881_top:u_fpu|fp80_to_int_trunc~28_OTERM3157
    Info (332115):    To Node      : emu:emu|mc68881_fpu_lite:fpu_inst|mc68881_top:u_fpu|result_ex_reg[2]_OTERM1537_OTERM1885_OTERM2091_OTERM2473
    Info (332115):    Launch Clock : emu|pll|pll_inst|altera_pll_i|general[1].gpll~PLL_OUTPUT_COUNTER|divclk
    Info (332115):    Latch Clock  : emu|pll|pll_inst|altera_pll_i|general[1].gpll~PLL_OUTPUT_COUNTER|divclk
    Info (332115):    Relationship : 31.907
    Info (332115):    Clock Skew   : -0.096
    Info (332115):    Data Delay   : 203.380
Info (332115): Path #15: Setup slack is -171.769 (VIOLATED)
    Info (332115):    Slack        : -171.769 (VIOLATED)
    Info (332115):    From Node    : emu:emu|mc68881_fpu_lite:fpu_inst|mc68881_top:u_fpu|fp80_to_int_trunc~28_OTERM3157
    Info (332115):    To Node      : emu:emu|mc68881_fpu_lite:fpu_inst|mc68881_top:u_fpu|result_ex_reg[2]_OTERM1537_OTERM1885_OTERM2091_OTERM2473
    Info (332115):    Launch Clock : emu|pll|pll_inst|altera_pll_i|general[1].gpll~PLL_OUTPUT_COUNTER|divclk
    Info (332115):    Latch Clock  : emu|pll|pll_inst|altera_pll_i|general[1].gpll~PLL_OUTPUT_COUNTER|divclk
    Info (332115):    Relationship : 31.907
    Info (332115):    Clock Skew   : -0.096
    Info (332115):    Data Delay   : 203.380
Info (332115): Path #16: Setup slack is -171.769 (VIOLATED)
    Info (332115):    Slack        : -171.769 (VIOLATED)
    Info (332115):    From Node    : emu:emu|mc68881_fpu_lite:fpu_inst|mc68881_top:u_fpu|fp80_to_int_trunc~28_OTERM3157
    Info (332115):    To Node      : emu:emu|mc68881_fpu_lite:fpu_inst|mc68881_top:u_fpu|result_ex_reg[2]_OTERM1537_OTERM1885_OTERM2091_OTERM2473
    Info (332115):    Launch Clock : emu|pll|pll_inst|altera_pll_i|general[1].gpll~PLL_OUTPUT_COUNTER|divclk
    Info (332115):    Latch Clock  : emu|pll|pll_inst|altera_pll_i|general[1].gpll~PLL_OUTPUT_COUNTER|divclk
    Info (332115):    Relationship : 31.907
    Info (332115):    Clock Skew   : -0.096
    Info (332115):    Data Delay   : 203.380
Info (332115): Path #17: Setup slack is -171.769 (VIOLATED)
    Info (332115):    Slack        : -171.769 (VIOLATED)
    Info (332115):    From Node    : emu:emu|mc68881_fpu_lite:fpu_inst|mc68881_top:u_fpu|fp80_to_int_trunc~28_OTERM3157
    Info (332115):    To Node      : emu:emu|mc68881_fpu_lite:fpu_inst|mc68881_top:u_fpu|result_ex_reg[2]_OTERM1537_OTERM1885_OTERM2091_OTERM2473
    Info (332115):    Launch Clock : emu|pll|pll_inst|altera_pll_i|general[1].gpll~PLL_OUTPUT_COUNTER|divclk
    Info (332115):    Latch Clock  : emu|pll|pll_inst|altera_pll_i|general[1].gpll~PLL_OUTPUT_COUNTER|divclk
    Info (332115):    Relationship : 31.907
    Info (332115):    Clock Skew   : -0.096
    Info (332115):    Data Delay   : 203.380
Info (332115): Path #18: Setup slack is -171.769 (VIOLATED)
    Info (332115):    Slack        : -171.769 (VIOLATED)
    Info (332115):    From Node    : emu:emu|mc68881_fpu_lite:fpu_inst|mc68881_top:u_fpu|fp80_to_int_trunc~28_OTERM3157
    Info (332115):    To Node      : emu:emu|mc68881_fpu_lite:fpu_inst|mc68881_top:u_fpu|result_ex_reg[2]_OTERM1537_OTERM1885_OTERM2091_OTERM2473
    Info (332115):    Launch Clock : emu|pll|pll_inst|altera_pll_i|general[1].gpll~PLL_OUTPUT_COUNTER|divclk
    Info (332115):    Latch Clock  : emu|pll|pll_inst|altera_pll_i|general[1].gpll~PLL_OUTPUT_COUNTER|divclk
    Info (332115):    Relationship : 31.907
    Info (332115):    Clock Skew   : -0.096
    Info (332115):    Data Delay   : 203.380
Info (332115): Path #19: Setup slack is -171.769 (VIOLATED)
    Info (332115):    Slack        : -171.769 (VIOLATED)
    Info (332115):    From Node    : emu:emu|mc68881_fpu_lite:fpu_inst|mc68881_top:u_fpu|fp80_to_int_trunc~28_OTERM3157
    Info (332115):    To Node      : emu:emu|mc68881_fpu_lite:fpu_inst|mc68881_top:u_fpu|result_ex_reg[2]_OTERM1537_OTERM1885_OTERM2091_OTERM2473
    Info (332115):    Launch Clock : emu|pll|pll_inst|altera_pll_i|general[1].gpll~PLL_OUTPUT_COUNTER|divclk
    Info (332115):    Latch Clock  : emu|pll|pll_inst|altera_pll_i|general[1].gpll~PLL_OUTPUT_COUNTER|divclk
    Info (332115):    Relationship : 31.907
    Info (332115):    Clock Skew   : -0.096
    Info (332115):    Data Delay   : 203.380
Info (332115): Path #20: Setup slack is -171.769 (VIOLATED)
    Info (332115):    Slack        : -171.769 (VIOLATED)
    Info (332115):    From Node    : emu:emu|mc68881_fpu_lite:fpu_inst|mc68881_top:u_fpu|fp80_to_int_trunc~28_OTERM3157
    Info (332115):    To Node      : emu:emu|mc68881_fpu_lite:fpu_inst|mc68881_top:u_fpu|result_ex_reg[2]_OTERM1537_OTERM1885_OTERM2091_OTERM2473
    Info (332115):    Launch Clock : emu|pll|pll_inst|altera_pll_i|general[1].gpll~PLL_OUTPUT_COUNTER|divclk
    Info (332115):    Latch Clock  : emu|pll|pll_inst|altera_pll_i|general[1].gpll~PLL_OUTPUT_COUNTER|divclk
    Info (332115):    Relationship : 31.907
    Info (332115):    Clock Skew   : -0.096
    Info (332115):    Data Delay   : 203.380
Info (332115): Path #21: Setup slack is -171.769 (VIOLATED)
    Info (332115):    Slack        : -171.769 (VIOLATED)
    Info (332115):    From Node    : emu:emu|mc68881_fpu_lite:fpu_inst|mc68881_top:u_fpu|fp80_to_int_trunc~28_OTERM3157
    Info (332115):    To Node      : emu:emu|mc68881_fpu_lite:fpu_inst|mc68881_top:u_fpu|result_ex_reg[2]_OTERM1537_OTERM1885_OTERM2091_OTERM2473
    Info (332115):    Launch Clock : emu|pll|pll_inst|altera_pll_i|general[1].gpll~PLL_OUTPUT_COUNTER|divclk
    Info (332115):    Latch Clock  : emu|pll|pll_inst|altera_pll_i|general[1].gpll~PLL_OUTPUT_COUNTER|divclk
    Info (332115):    Relationship : 31.907
    Info (332115):    Clock Skew   : -0.096
    Info (332115):    Data Delay   : 203.380
Info (332115): Path #22: Setup slack is -171.769 (VIOLATED)
    Info (332115):    Slack        : -171.769 (VIOLATED)
    Info (332115):    From Node    : emu:emu|mc68881_fpu_lite:fpu_inst|mc68881_top:u_fpu|fp80_to_int_trunc~28_OTERM3157
    Info (332115):    To Node      : emu:emu|mc68881_fpu_lite:fpu_inst|mc68881_top:u_fpu|result_ex_reg[2]_OTERM1537_OTERM1885_OTERM2091_OTERM2473
    Info (332115):    Launch Clock : emu|pll|pll_inst|altera_pll_i|general[1].gpll~PLL_OUTPUT_COUNTER|divclk
    Info (332115):    Latch Clock  : emu|pll|pll_inst|altera_pll_i|general[1].gpll~PLL_OUTPUT_COUNTER|divclk
    Info (332115):    Relationship : 31.907
    Info (332115):    Clock Skew   : -0.096
    Info (332115):    Data Delay   : 203.380
Info (332115): Path #23: Setup slack is -171.769 (VIOLATED)
    Info (332115):    Slack        : -171.769 (VIOLATED)
    Info (332115):    From Node    : emu:emu|mc68881_fpu_lite:fpu_inst|mc68881_top:u_fpu|fp80_to_int_trunc~28_OTERM3157
    Info (332115):    To Node      : emu:emu|mc68881_fpu_lite:fpu_inst|mc68881_top:u_fpu|result_ex_reg[2]_OTERM1537_OTERM1885_OTERM2091_OTERM2473
    Info (332115):    Launch Clock : emu|pll|pll_inst|altera_pll_i|general[1].gpll~PLL_OUTPUT_COUNTER|divclk
    Info (332115):    Latch Clock  : emu|pll|pll_inst|altera_pll_i|general[1].gpll~PLL_OUTPUT_COUNTER|divclk
    Info (332115):    Relationship : 31.907
    Info (332115):    Clock Skew   : -0.096
    Info (332115):    Data Delay   : 203.380
Info (332115): Path #24: Setup slack is -171.769 (VIOLATED)
    Info (332115):    Slack        : -171.769 (VIOLATED)
    Info (332115):    From Node    : emu:emu|mc68881_fpu_lite:fpu_inst|mc68881_top:u_fpu|fp80_to_int_trunc~28_OTERM3157
    Info (332115):    To Node      : emu:emu|mc68881_fpu_lite:fpu_inst|mc68881_top:u_fpu|result_ex_reg[2]_OTERM1537_OTERM1885_OTERM2091_OTERM2473
    Info (332115):    Launch Clock : emu|pll|pll_inst|altera_pll_i|general[1].gpll~PLL_OUTPUT_COUNTER|divclk
    Info (332115):    Latch Clock  : emu|pll|pll_inst|altera_pll_i|general[1].gpll~PLL_OUTPUT_COUNTER|divclk
    Info (332115):    Relationship : 31.907
    Info (332115):    Clock Skew   : -0.096
    Info (332115):    Data Delay   : 203.380
Info (332115): Path #25: Setup slack is -171.769 (VIOLATED)
    Info (332115):    Slack        : -171.769 (VIOLATED)
    Info (332115):    From Node    : emu:emu|mc68881_fpu_lite:fpu_inst|mc68881_top:u_fpu|fp80_to_int_trunc~28_OTERM3157
    Info (332115):    To Node      : emu:emu|mc68881_fpu_lite:fpu_inst|mc68881_top:u_fpu|result_ex_reg[2]_OTERM1537_OTERM1885_OTERM2091_OTERM2473
    Info (332115):    Launch Clock : emu|pll|pll_inst|altera_pll_i|general[1].gpll~PLL_OUTPUT_COUNTER|divclk
    Info (332115):    Latch Clock  : emu|pll|pll_inst|altera_pll_i|general[1].gpll~PLL_OUTPUT_COUNTER|divclk
    Info (332115):    Relationship : 31.907
    Info (332115):    Clock Skew   : -0.096
    Info (332115):    Data Delay   : 203.380
Info (332115): Path #26: Setup slack is -171.769 (VIOLATED)
    Info (332115):    Slack        : -171.769 (VIOLATED)
    Info (332115):    From Node    : emu:emu|mc68881_fpu_lite:fpu_inst|mc68881_top:u_fpu|fp80_to_int_trunc~28_OTERM3157
    Info (332115):    To Node      : emu:emu|mc68881_fpu_lite:fpu_inst|mc68881_top:u_fpu|result_ex_reg[2]_OTERM1537_OTERM1885_OTERM2091_OTERM2473
    Info (332115):    Launch Clock : emu|pll|pll_inst|altera_pll_i|general[1].gpll~PLL_OUTPUT_COUNTER|divclk
    Info (332115):    Latch Clock  : emu|pll|pll_inst|altera_pll_i|general[1].gpll~PLL_OUTPUT_COUNTER|divclk
    Info (332115):    Relationship : 31.907
    Info (332115):    Clock Skew   : -0.096
    Info (332115):    Data Delay   : 203.380
Info (332115): Path #27: Setup slack is -171.769 (VIOLATED)
    Info (332115):    Slack        : -171.769 (VIOLATED)
    Info (332115):    From Node    : emu:emu|mc68881_fpu_lite:fpu_inst|mc68881_top:u_fpu|fp80_to_int_trunc~28_OTERM3157
    Info (332115):    To Node      : emu:emu|mc68881_fpu_lite:fpu_inst|mc68881_top:u_fpu|result_ex_reg[2]_OTERM1537_OTERM1885_OTERM2091_OTERM2473
    Info (332115):    Launch Clock : emu|pll|pll_inst|altera_pll_i|general[1].gpll~PLL_OUTPUT_COUNTER|divclk
    Info (332115):    Latch Clock  : emu|pll|pll_inst|altera_pll_i|general[1].gpll~PLL_OUTPUT_COUNTER|divclk
    Info (332115):    Relationship : 31.907
    Info (332115):    Clock Skew   : -0.096
    Info (332115):    Data Delay   : 203.380
Info (332115): Path #28: Setup slack is -171.769 (VIOLATED)
    Info (332115):    Slack        : -171.769 (VIOLATED)
    Info (332115):    From Node    : emu:emu|mc68881_fpu_lite:fpu_inst|mc68881_top:u_fpu|fp80_to_int_trunc~28_OTERM3157
    Info (332115):    To Node      : emu:emu|mc68881_fpu_lite:fpu_inst|mc68881_top:u_fpu|result_ex_reg[2]_OTERM1537_OTERM1885_OTERM2091_OTERM2473
    Info (332115):    Launch Clock : emu|pll|pll_inst|altera_pll_i|general[1].gpll~PLL_OUTPUT_COUNTER|divclk
    Info (332115):    Latch Clock  : emu|pll|pll_inst|altera_pll_i|general[1].gpll~PLL_OUTPUT_COUNTER|divclk
    Info (332115):    Relationship : 31.907
    Info (332115):    Clock Skew   : -0.096
    Info (332115):    Data Delay   : 203.380
Info (332115): Path #29: Setup slack is -171.769 (VIOLATED)
    Info (332115):    Slack        : -171.769 (VIOLATED)
    Info (332115):    From Node    : emu:emu|mc68881_fpu_lite:fpu_inst|mc68881_top:u_fpu|fp80_to_int_trunc~28_OTERM3157
    Info (332115):    To Node      : emu:emu|mc68881_fpu_lite:fpu_inst|mc68881_top:u_fpu|result_ex_reg[2]_OTERM1537_OTERM1885_OTERM2091_OTERM2473
    Info (332115):    Launch Clock : emu|pll|pll_inst|altera_pll_i|general[1].gpll~PLL_OUTPUT_COUNTER|divclk
    Info (332115):    Latch Clock  : emu|pll|pll_inst|altera_pll_i|general[1].gpll~PLL_OUTPUT_COUNTER|divclk
    Info (332115):    Relationship : 31.907
    Info (332115):    Clock Skew   : -0.096
    Info (332115):    Data Delay   : 203.380
Info (332115): Path #30: Setup slack is -171.769 (VIOLATED)
    Info (332115):    Slack        : -171.769 (VIOLATED)
    Info (332115):    From Node    : emu:emu|mc68881_fpu_lite:fpu_inst|mc68881_top:u_fpu|fp80_to_int_trunc~28_OTERM3157
    Info (332115):    To Node      : emu:emu|mc68881_fpu_lite:fpu_inst|mc68881_top:u_fpu|result_ex_reg[2]_OTERM1537_OTERM1885_OTERM2091_OTERM2473
    Info (332115):    Launch Clock : emu|pll|pll_inst|altera_pll_i|general[1].gpll~PLL_OUTPUT_COUNTER|divclk
    Info (332115):    Latch Clock  : emu|pll|pll_inst|altera_pll_i|general[1].gpll~PLL_OUTPUT_COUNTER|divclk
    Info (332115):    Relationship : 31.907
    Info (332115):    Clock Skew   : -0.096
    Info (332115):    Data Delay   : 203.380
Info (332115): Path #31: Setup slack is -171.769 (VIOLATED)
    Info (332115):    Slack        : -171.769 (VIOLATED)
    Info (332115):    From Node    : emu:emu|mc68881_fpu_lite:fpu_inst|mc68881_top:u_fpu|fp80_to_int_trunc~28_OTERM3157
    Info (332115):    To Node      : emu:emu|mc68881_fpu_lite:fpu_inst|mc68881_top:u_fpu|result_ex_reg[2]_OTERM1537_OTERM1885_OTERM2091_OTERM2473
    Info (332115):    Launch Clock : emu|pll|pll_inst|altera_pll_i|general[1].gpll~PLL_OUTPUT_COUNTER|divclk
    Info (332115):    Latch Clock  : emu|pll|pll_inst|altera_pll_i|general[1].gpll~PLL_OUTPUT_COUNTER|divclk
    Info (332115):    Relationship : 31.907
    Info (332115):    Clock Skew   : -0.096
    Info (332115):    Data Delay   : 203.380
Info (332115): Path #32: Setup slack is -171.769 (VIOLATED)
    Info (332115):    Slack        : -171.769 (VIOLATED)
    Info (332115):    From Node    : emu:emu|mc68881_fpu_lite:fpu_inst|mc68881_top:u_fpu|fp80_to_int_trunc~28_OTERM3157
    Info (332115):    To Node      : emu:emu|mc68881_fpu_lite:fpu_inst|mc68881_top:u_fpu|result_ex_reg[2]_OTERM1537_OTERM1885_OTERM2091_OTERM2473
    Info (332115):    Launch Clock : emu|pll|pll_inst|altera_pll_i|general[1].gpll~PLL_OUTPUT_COUNTER|divclk
    Info (332115):    Latch Clock  : emu|pll|pll_inst|altera_pll_i|general[1].gpll~PLL_OUTPUT_COUNTER|divclk
    Info (332115):    Relationship : 31.907
    Info (332115):    Clock Skew   : -0.096
    Info (332115):    Data Delay   : 203.380
Info (332115): Path #33: Setup slack is -171.769 (VIOLATED)
    Info (332115):    Slack        : -171.769 (VIOLATED)
    Info (332115):    From Node    : emu:emu|mc68881_fpu_lite:fpu_inst|mc68881_top:u_fpu|fp80_to_int_trunc~28_OTERM3157
    Info (332115):    To Node      : emu:emu|mc68881_fpu_lite:fpu_inst|mc68881_top:u_fpu|result_ex_reg[2]_OTERM1537_OTERM1885_OTERM2091_OTERM2473
    Info (332115):    Launch Clock : emu|pll|pll_inst|altera_pll_i|general[1].gpll~PLL_OUTPUT_COUNTER|divclk
    Info (332115):    Latch Clock  : emu|pll|pll_inst|altera_pll_i|general[1].gpll~PLL_OUTPUT_COUNTER|divclk
    Info (332115):    Relationship : 31.907
    Info (332115):    Clock Skew   : -0.096
    Info (332115):    Data Delay   : 203.380
Info (332115): Path #34: Setup slack is -171.769 (VIOLATED)
    Info (332115):    Slack        : -171.769 (VIOLATED)
    Info (332115):    From Node    : emu:emu|mc68881_fpu_lite:fpu_inst|mc68881_top:u_fpu|fp80_to_int_trunc~28_OTERM3157
    Info (332115):    To Node      : emu:emu|mc68881_fpu_lite:fpu_inst|mc68881_top:u_fpu|result_ex_reg[2]_OTERM1537_OTERM1885_OTERM2091_OTERM2473
    Info (332115):    Launch Clock : emu|pll|pll_inst|altera_pll_i|general[1].gpll~PLL_OUTPUT_COUNTER|divclk
    Info (332115):    Latch Clock  : emu|pll|pll_inst|altera_pll_i|general[1].gpll~PLL_OUTPUT_COUNTER|divclk
    Info (332115):    Relationship : 31.907
    Info (332115):    Clock Skew   : -0.096
    Info (332115):    Data Delay   : 203.380
Info (332115): Path #35: Setup slack is -171.769 (VIOLATED)
    Info (332115):    Slack        : -171.769 (VIOLATED)
    Info (332115):    From Node    : emu:emu|mc68881_fpu_lite:fpu_inst|mc68881_top:u_fpu|fp80_to_int_trunc~28_OTERM3157
    Info (332115):    To Node      : emu:emu|mc68881_fpu_lite:fpu_inst|mc68881_top:u_fpu|result_ex_reg[2]_OTERM1537_OTERM1885_OTERM2091_OTERM2473
    Info (332115):    Launch Clock : emu|pll|pll_inst|altera_pll_i|general[1].gpll~PLL_OUTPUT_COUNTER|divclk
    Info (332115):    Latch Clock  : emu|pll|pll_inst|altera_pll_i|general[1].gpll~PLL_OUTPUT_COUNTER|divclk
    Info (332115):    Relationship : 31.907
    Info (332115):    Clock Skew   : -0.096
    Info (332115):    Data Delay   : 203.380
Info (332115): Path #36: Setup slack is -171.769 (VIOLATED)
    Info (332115):    Slack        : -171.769 (VIOLATED)
    Info (332115):    From Node    : emu:emu|mc68881_fpu_lite:fpu_inst|mc68881_top:u_fpu|fp80_to_int_trunc~28_OTERM3157
    Info (332115):    To Node      : emu:emu|mc68881_fpu_lite:fpu_inst|mc68881_top:u_fpu|result_ex_reg[2]_OTERM1537_OTERM1885_OTERM2091_OTERM2473
    Info (332115):    Launch Clock : emu|pll|pll_inst|altera_pll_i|general[1].gpll~PLL_OUTPUT_COUNTER|divclk
    Info (332115):    Latch Clock  : emu|pll|pll_inst|altera_pll_i|general[1].gpll~PLL_OUTPUT_COUNTER|divclk
    Info (332115):    Relationship : 31.907
    Info (332115):    Clock Skew   : -0.096
    Info (332115):    Data Delay   : 203.380
Info (332115): Path #37: Setup slack is -171.769 (VIOLATED)
    Info (332115):    Slack        : -171.769 (VIOLATED)
    Info (332115):    From Node    : emu:emu|mc68881_fpu_lite:fpu_inst|mc68881_top:u_fpu|fp80_to_int_trunc~28_OTERM3157
    Info (332115):    To Node      : emu:emu|mc68881_fpu_lite:fpu_inst|mc68881_top:u_fpu|result_ex_reg[2]_OTERM1537_OTERM1885_OTERM2091_OTERM2473
    Info (332115):    Launch Clock : emu|pll|pll_inst|altera_pll_i|general[1].gpll~PLL_OUTPUT_COUNTER|divclk
    Info (332115):    Latch Clock  : emu|pll|pll_inst|altera_pll_i|general[1].gpll~PLL_OUTPUT_COUNTER|divclk
    Info (332115):    Relationship : 31.907
    Info (332115):    Clock Skew   : -0.096
    Info (332115):    Data Delay   : 203.380
Info (332115): Path #38: Setup slack is -171.769 (VIOLATED)
    Info (332115):    Slack        : -171.769 (VIOLATED)
    Info (332115):    From Node    : emu:emu|mc68881_fpu_lite:fpu_inst|mc68881_top:u_fpu|fp80_to_int_trunc~28_OTERM3157
    Info (332115):    To Node      : emu:emu|mc68881_fpu_lite:fpu_inst|mc68881_top:u_fpu|result_ex_reg[2]_OTERM1537_OTERM1885_OTERM2091_OTERM2473
    Info (332115):    Launch Clock : emu|pll|pll_inst|altera_pll_i|general[1].gpll~PLL_OUTPUT_COUNTER|divclk
    Info (332115):    Latch Clock  : emu|pll|pll_inst|altera_pll_i|general[1].gpll~PLL_OUTPUT_COUNTER|divclk
    Info (332115):    Relationship : 31.907
    Info (332115):    Clock Skew   : -0.096
    Info (332115):    Data Delay   : 203.380
Info (332115): Path #39: Setup slack is -171.769 (VIOLATED)
    Info (332115):    Slack        : -171.769 (VIOLATED)
    Info (332115):    From Node    : emu:emu|mc68881_fpu_lite:fpu_inst|mc68881_top:u_fpu|fp80_to_int_trunc~28_OTERM3157
    Info (332115):    To Node      : emu:emu|mc68881_fpu_lite:fpu_inst|mc68881_top:u_fpu|result_ex_reg[2]_OTERM1537_OTERM1885_OTERM2091_OTERM2473
    Info (332115):    Launch Clock : emu|pll|pll_inst|altera_pll_i|general[1].gpll~PLL_OUTPUT_COUNTER|divclk
    Info (332115):    Latch Clock  : emu|pll|pll_inst|altera_pll_i|general[1].gpll~PLL_OUTPUT_COUNTER|divclk
    Info (332115):    Relationship : 31.907
    Info (332115):    Clock Skew   : -0.096
    Info (332115):    Data Delay   : 203.380
Info (332115): Path #40: Setup slack is -171.769 (VIOLATED)
    Info (332115):    Slack        : -171.769 (VIOLATED)
    Info (332115):    From Node    : emu:emu|mc68881_fpu_lite:fpu_inst|mc68881_top:u_fpu|fp80_to_int_trunc~28_OTERM3157
    Info (332115):    To Node      : emu:emu|mc68881_fpu_lite:fpu_inst|mc68881_top:u_fpu|result_ex_reg[2]_OTERM1537_OTERM1885_OTERM2091_OTERM2473
    Info (332115):    Launch Clock : emu|pll|pll_inst|altera_pll_i|general[1].gpll~PLL_OUTPUT_COUNTER|divclk
    Info (332115):    Latch Clock  : emu|pll|pll_inst|altera_pll_i|general[1].gpll~PLL_OUTPUT_COUNTER|divclk
    Info (332115):    Relationship : 31.907
    Info (332115):    Clock Skew   : -0.096
    Info (332115):    Data Delay   : 203.380
==== SETUP PATHS WITH SLACK < 2.0 ns (near-threshold) ====
Info (332115): Report Timing: Found 500 setup paths (500 violated).  Worst case slack is -171.769
    Info (332115): -setup
    Info (332115): -less_than_slack 2.0
    Info (332115): -npaths 500
    Info (332115): -detail summary
    Info (332115): -stdout
Info (332115): Path #1: Setup slack is -171.769 (VIOLATED)
    Info (332115):    Slack        : -171.769 (VIOLATED)
    Info (332115):    From Node    : emu:emu|mc68881_fpu_lite:fpu_inst|mc68881_top:u_fpu|fp80_to_int_trunc~28_OTERM3157
    Info (332115):    To Node      : emu:emu|mc68881_fpu_lite:fpu_inst|mc68881_top:u_fpu|result_ex_reg[2]_OTERM1537_OTERM1885_OTERM2091_OTERM2473
    Info (332115):    Launch Clock : emu|pll|pll_inst|altera_pll_i|general[1].gpll~PLL_OUTPUT_COUNTER|divclk
    Info (332115):    Latch Clock  : emu|pll|pll_inst|altera_pll_i|general[1].gpll~PLL_OUTPUT_COUNTER|divclk
    Info (332115):    Relationship : 31.907
    Info (332115):    Clock Skew   : -0.096
    Info (332115):    Data Delay   : 203.380
Info (332115): Path #2: Setup slack is -171.769 (VIOLATED)
    Info (332115):    Slack        : -171.769 (VIOLATED)
    Info (332115):    From Node    : emu:emu|mc68881_fpu_lite:fpu_inst|mc68881_top:u_fpu|fp80_to_int_trunc~28_OTERM3157
    Info (332115):    To Node      : emu:emu|mc68881_fpu_lite:fpu_inst|mc68881_top:u_fpu|result_ex_reg[2]_OTERM1537_OTERM1885_OTERM2091_OTERM2473
    Info (332115):    Launch Clock : emu|pll|pll_inst|altera_pll_i|general[1].gpll~PLL_OUTPUT_COUNTER|divclk
    Info (332115):    Latch Clock  : emu|pll|pll_inst|altera_pll_i|general[1].gpll~PLL_OUTPUT_COUNTER|divclk
    Info (332115):    Relationship : 31.907
    Info (332115):    Clock Skew   : -0.096
    Info (332115):    Data Delay   : 203.380
Info (332115): Path #3: Setup slack is -171.769 (VIOLATED)
    Info (332115):    Slack        : -171.769 (VIOLATED)
    Info (332115):    From Node    : emu:emu|mc68881_fpu_lite:fpu_inst|mc68881_top:u_fpu|fp80_to_int_trunc~28_OTERM3157
    Info (332115):    To Node      : emu:emu|mc68881_fpu_lite:fpu_inst|mc68881_top:u_fpu|result_ex_reg[2]_OTERM1537_OTERM1885_OTERM2091_OTERM2473
    Info (332115):    Launch Clock : emu|pll|pll_inst|altera_pll_i|general[1].gpll~PLL_OUTPUT_COUNTER|divclk
    Info (332115):    Latch Clock  : emu|pll|pll_inst|altera_pll_i|general[1].gpll~PLL_OUTPUT_COUNTER|divclk
    Info (332115):    Relationship : 31.907
    Info (332115):    Clock Skew   : -0.096
    Info (332115):    Data Delay   : 203.380
Info (332115): Path #4: Setup slack is -171.769 (VIOLATED)
    Info (332115):    Slack        : -171.769 (VIOLATED)
    Info (332115):    From Node    : emu:emu|mc68881_fpu_lite:fpu_inst|mc68881_top:u_fpu|fp80_to_int_trunc~28_OTERM3157
    Info (332115):    To Node      : emu:emu|mc68881_fpu_lite:fpu_inst|mc68881_top:u_fpu|result_ex_reg[2]_OTERM1537_OTERM1885_OTERM2091_OTERM2473
    Info (332115):    Launch Clock : emu|pll|pll_inst|altera_pll_i|general[1].gpll~PLL_OUTPUT_COUNTER|divclk
    Info (332115):    Latch Clock  : emu|pll|pll_inst|altera_pll_i|general[1].gpll~PLL_OUTPUT_COUNTER|divclk
    Info (332115):    Relationship : 31.907
    Info (332115):    Clock Skew   : -0.096
    Info (332115):    Data Delay   : 203.380
Info (332115): Path #5: Setup slack is -171.769 (VIOLATED)
    Info (332115):    Slack        : -171.769 (VIOLATED)
    Info (332115):    From Node    : emu:emu|mc68881_fpu_lite:fpu_inst|mc68881_top:u_fpu|fp80_to_int_trunc~28_OTERM3157
    Info (332115):    To Node      : emu:emu|mc68881_fpu_lite:fpu_inst|mc68881_top:u_fpu|result_ex_reg[2]_OTERM1537_OTERM1885_OTERM2091_OTERM2473
    Info (332115):    Launch Clock : emu|pll|pll_inst|altera_pll_i|general[1].gpll~PLL_OUTPUT_COUNTER|divclk
    Info (332115):    Latch Clock  : emu|pll|pll_inst|altera_pll_i|general[1].gpll~PLL_OUTPUT_COUNTER|divclk
    Info (332115):    Relationship : 31.907
    Info (332115):    Clock Skew   : -0.096
    Info (332115):    Data Delay   : 203.380
Info (332115): Path #6: Setup slack is -171.769 (VIOLATED)
    Info (332115):    Slack        : -171.769 (VIOLATED)
    Info (332115):    From Node    : emu:emu|mc68881_fpu_lite:fpu_inst|mc68881_top:u_fpu|fp80_to_int_trunc~28_OTERM3157
    Info (332115):    To Node      : emu:emu|mc68881_fpu_lite:fpu_inst|mc68881_top:u_fpu|result_ex_reg[2]_OTERM1537_OTERM1885_OTERM2091_OTERM2473
    Info (332115):    Launch Clock : emu|pll|pll_inst|altera_pll_i|general[1].gpll~PLL_OUTPUT_COUNTER|divclk
    Info (332115):    Latch Clock  : emu|pll|pll_inst|altera_pll_i|general[1].gpll~PLL_OUTPUT_COUNTER|divclk
    Info (332115):    Relationship : 31.907
    Info (332115):    Clock Skew   : -0.096
    Info (332115):    Data Delay   : 203.380
Info (332115): Path #7: Setup slack is -171.769 (VIOLATED)
    Info (332115):    Slack        : -171.769 (VIOLATED)
    Info (332115):    From Node    : emu:emu|mc68881_fpu_lite:fpu_inst|mc68881_top:u_fpu|fp80_to_int_trunc~28_OTERM3157
    Info (332115):    To Node      : emu:emu|mc68881_fpu_lite:fpu_inst|mc68881_top:u_fpu|result_ex_reg[2]_OTERM1537_OTERM1885_OTERM2091_OTERM2473
    Info (332115):    Launch Clock : emu|pll|pll_inst|altera_pll_i|general[1].gpll~PLL_OUTPUT_COUNTER|divclk
    Info (332115):    Latch Clock  : emu|pll|pll_inst|altera_pll_i|general[1].gpll~PLL_OUTPUT_COUNTER|divclk
    Info (332115):    Relationship : 31.907
    Info (332115):    Clock Skew   : -0.096
    Info (332115):    Data Delay   : 203.380
Info (332115): Path #8: Setup slack is -171.769 (VIOLATED)
    Info (332115):    Slack        : -171.769 (VIOLATED)
    Info (332115):    From Node    : emu:emu|mc68881_fpu_lite:fpu_inst|mc68881_top:u_fpu|fp80_to_int_trunc~28_OTERM3157
    Info (332115):    To Node      : emu:emu|mc68881_fpu_lite:fpu_inst|mc68881_top:u_fpu|result_ex_reg[2]_OTERM1537_OTERM1885_OTERM2091_OTERM2473
    Info (332115):    Launch Clock : emu|pll|pll_inst|altera_pll_i|general[1].gpll~PLL_OUTPUT_COUNTER|divclk
    Info (332115):    Latch Clock  : emu|pll|pll_inst|altera_pll_i|general[1].gpll~PLL_OUTPUT_COUNTER|divclk
    Info (332115):    Relationship : 31.907
    Info (332115):    Clock Skew   : -0.096
    Info (332115):    Data Delay   : 203.380
Info (332115): Path #9: Setup slack is -171.769 (VIOLATED)
    Info (332115):    Slack        : -171.769 (VIOLATED)
    Info (332115):    From Node    : emu:emu|mc68881_fpu_lite:fpu_inst|mc68881_top:u_fpu|fp80_to_int_trunc~28_OTERM3157
    Info (332115):    To Node      : emu:emu|mc68881_fpu_lite:fpu_inst|mc68881_top:u_fpu|result_ex_reg[2]_OTERM1537_OTERM1885_OTERM2091_OTERM2473
    Info (332115):    Launch Clock : emu|pll|pll_inst|altera_pll_i|general[1].gpll~PLL_OUTPUT_COUNTER|divclk
    Info (332115):    Latch Clock  : emu|pll|pll_inst|altera_pll_i|general[1].gpll~PLL_OUTPUT_COUNTER|divclk
    Info (332115):    Relationship : 31.907
    Info (332115):    Clock Skew   : -0.096
    Info (332115):    Data Delay   : 203.380
Info (332115): Path #10: Setup slack is -171.769 (VIOLATED)
    Info (332115):    Slack        : -171.769 (VIOLATED)
    Info (332115):    From Node    : emu:emu|mc68881_fpu_lite:fpu_inst|mc68881_top:u_fpu|fp80_to_int_trunc~28_OTERM3157
    Info (332115):    To Node      : emu:emu|mc68881_fpu_lite:fpu_inst|mc68881_top:u_fpu|result_ex_reg[2]_OTERM1537_OTERM1885_OTERM2091_OTERM2473
    Info (332115):    Launch Clock : emu|pll|pll_inst|altera_pll_i|general[1].gpll~PLL_OUTPUT_COUNTER|divclk
    Info (332115):    Latch Clock  : emu|pll|pll_inst|altera_pll_i|general[1].gpll~PLL_OUTPUT_COUNTER|divclk
    Info (332115):    Relationship : 31.907
    Info (332115):    Clock Skew   : -0.096
    Info (332115):    Data Delay   : 203.380
Info (332115): Path #11: Setup slack is -171.769 (VIOLATED)
    Info (332115):    Slack        : -171.769 (VIOLATED)
    Info (332115):    From Node    : emu:emu|mc68881_fpu_lite:fpu_inst|mc68881_top:u_fpu|fp80_to_int_trunc~28_OTERM3157
    Info (332115):    To Node      : emu:emu|mc68881_fpu_lite:fpu_inst|mc68881_top:u_fpu|result_ex_reg[2]_OTERM1537_OTERM1885_OTERM2091_OTERM2473
    Info (332115):    Launch Clock : emu|pll|pll_inst|altera_pll_i|general[1].gpll~PLL_OUTPUT_COUNTER|divclk
    Info (332115):    Latch Clock  : emu|pll|pll_inst|altera_pll_i|general[1].gpll~PLL_OUTPUT_COUNTER|divclk
    Info (332115):    Relationship : 31.907
    Info (332115):    Clock Skew   : -0.096
    Info (332115):    Data Delay   : 203.380
Info (332115): Path #12: Setup slack is -171.769 (VIOLATED)
    Info (332115):    Slack        : -171.769 (VIOLATED)
    Info (332115):    From Node    : emu:emu|mc68881_fpu_lite:fpu_inst|mc68881_top:u_fpu|fp80_to_int_trunc~28_OTERM3157
    Info (332115):    To Node      : emu:emu|mc68881_fpu_lite:fpu_inst|mc68881_top:u_fpu|result_ex_reg[2]_OTERM1537_OTERM1885_OTERM2091_OTERM2473
    Info (332115):    Launch Clock : emu|pll|pll_inst|altera_pll_i|general[1].gpll~PLL_OUTPUT_COUNTER|divclk
    Info (332115):    Latch Clock  : emu|pll|pll_inst|altera_pll_i|general[1].gpll~PLL_OUTPUT_COUNTER|divclk
    Info (332115):    Relationship : 31.907
    Info (332115):    Clock Skew   : -0.096
    Info (332115):    Data Delay   : 203.380
Info (332115): Path #13: Setup slack is -171.769 (VIOLATED)
    Info (332115):    Slack        : -171.769 (VIOLATED)
    Info (332115):    From Node    : emu:emu|mc68881_fpu_lite:fpu_inst|mc68881_top:u_fpu|fp80_to_int_trunc~28_OTERM3157
    Info (332115):    To Node      : emu:emu|mc68881_fpu_lite:fpu_inst|mc68881_top:u_fpu|result_ex_reg[2]_OTERM1537_OTERM1885_OTERM2091_OTERM2473
    Info (332115):    Launch Clock : emu|pll|pll_inst|altera_pll_i|general[1].gpll~PLL_OUTPUT_COUNTER|divclk
    Info (332115):    Latch Clock  : emu|pll|pll_inst|altera_pll_i|general[1].gpll~PLL_OUTPUT_COUNTER|divclk
    Info (332115):    Relationship : 31.907
    Info (332115):    Clock Skew   : -0.096
    Info (332115):    Data Delay   : 203.380
Info (332115): Path #14: Setup slack is -171.769 (VIOLATED)
    Info (332115):    Slack        : -171.769 (VIOLATED)
    Info (332115):    From Node    : emu:emu|mc68881_fpu_lite:fpu_inst|mc68881_top:u_fpu|fp80_to_int_trunc~28_OTERM3157
    Info (332115):    To Node      : emu:emu|mc68881_fpu_lite:fpu_inst|mc68881_top:u_fpu|result_ex_reg[2]_OTERM1537_OTERM1885_OTERM2091_OTERM2473
    Info (332115):    Launch Clock : emu|pll|pll_inst|altera_pll_i|general[1].gpll~PLL_OUTPUT_COUNTER|divclk
    Info (332115):    Latch Clock  : emu|pll|pll_inst|altera_pll_i|general[1].gpll~PLL_OUTPUT_COUNTER|divclk
    Info (332115):    Relationship : 31.907
    Info (332115):    Clock Skew   : -0.096
    Info (332115):    Data Delay   : 203.380
Info (332115): Path #15: Setup slack is -171.769 (VIOLATED)
    Info (332115):    Slack        : -171.769 (VIOLATED)
    Info (332115):    From Node    : emu:emu|mc68881_fpu_lite:fpu_inst|mc68881_top:u_fpu|fp80_to_int_trunc~28_OTERM3157
    Info (332115):    To Node      : emu:emu|mc68881_fpu_lite:fpu_inst|mc68881_top:u_fpu|result_ex_reg[2]_OTERM1537_OTERM1885_OTERM2091_OTERM2473
    Info (332115):    Launch Clock : emu|pll|pll_inst|altera_pll_i|general[1].gpll~PLL_OUTPUT_COUNTER|divclk
    Info (332115):    Latch Clock  : emu|pll|pll_inst|altera_pll_i|general[1].gpll~PLL_OUTPUT_COUNTER|divclk
    Info (332115):    Relationship : 31.907
    Info (332115):    Clock Skew   : -0.096
    Info (332115):    Data Delay   : 203.380
Info (332115): Path #16: Setup slack is -171.769 (VIOLATED)
    Info (332115):    Slack        : -171.769 (VIOLATED)
    Info (332115):    From Node    : emu:emu|mc68881_fpu_lite:fpu_inst|mc68881_top:u_fpu|fp80_to_int_trunc~28_OTERM3157
    Info (332115):    To Node      : emu:emu|mc68881_fpu_lite:fpu_inst|mc68881_top:u_fpu|result_ex_reg[2]_OTERM1537_OTERM1885_OTERM2091_OTERM2473
    Info (332115):    Launch Clock : emu|pll|pll_inst|altera_pll_i|general[1].gpll~PLL_OUTPUT_COUNTER|divclk
    Info (332115):    Latch Clock  : emu|pll|pll_inst|altera_pll_i|general[1].gpll~PLL_OUTPUT_COUNTER|divclk
    Info (332115):    Relationship : 31.907
    Info (332115):    Clock Skew   : -0.096
    Info (332115):    Data Delay   : 203.380
Info (332115): Path #17: Setup slack is -171.769 (VIOLATED)
    Info (332115):    Slack        : -171.769 (VIOLATED)
    Info (332115):    From Node    : emu:emu|mc68881_fpu_lite:fpu_inst|mc68881_top:u_fpu|fp80_to_int_trunc~28_OTERM3157
    Info (332115):    To Node      : emu:emu|mc68881_fpu_lite:fpu_inst|mc68881_top:u_fpu|result_ex_reg[2]_OTERM1537_OTERM1885_OTERM2091_OTERM2473
    Info (332115):    Launch Clock : emu|pll|pll_inst|altera_pll_i|general[1].gpll~PLL_OUTPUT_COUNTER|divclk
    Info (332115):    Latch Clock  : emu|pll|pll_inst|altera_pll_i|general[1].gpll~PLL_OUTPUT_COUNTER|divclk
    Info (332115):    Relationship : 31.907
    Info (332115):    Clock Skew   : -0.096
    Info (332115):    Data Delay   : 203.380
Info (332115): Path #18: Setup slack is -171.769 (VIOLATED)
    Info (332115):    Slack        : -171.769 (VIOLATED)
    Info (332115):    From Node    : emu:emu|mc68881_fpu_lite:fpu_inst|mc68881_top:u_fpu|fp80_to_int_trunc~28_OTERM3157
    Info (332115):    To Node      : emu:emu|mc68881_fpu_lite:fpu_inst|mc68881_top:u_fpu|result_ex_reg[2]_OTERM1537_OTERM1885_OTERM2091_OTERM2473
    Info (332115):    Launch Clock : emu|pll|pll_inst|altera_pll_i|general[1].gpll~PLL_OUTPUT_COUNTER|divclk
    Info (332115):    Latch Clock  : emu|pll|pll_inst|altera_pll_i|general[1].gpll~PLL_OUTPUT_COUNTER|divclk
    Info (332115):    Relationship : 31.907
    Info (332115):    Clock Skew   : -0.096
    Info (332115):    Data Delay   : 203.380
Info (332115): Path #19: Setup slack is -171.769 (VIOLATED)
    Info (332115):    Slack        : -171.769 (VIOLATED)
    Info (332115):    From Node    : emu:emu|mc68881_fpu_lite:fpu_inst|mc68881_top:u_fpu|fp80_to_int_trunc~28_OTERM3157
    Info (332115):    To Node      : emu:emu|mc68881_fpu_lite:fpu_inst|mc68881_top:u_fpu|result_ex_reg[2]_OTERM1537_OTERM1885_OTERM2091_OTERM2473
    Info (332115):    Launch Clock : emu|pll|pll_inst|altera_pll_i|general[1].gpll~PLL_OUTPUT_COUNTER|divclk
    Info (332115):    Latch Clock  : emu|pll|pll_inst|altera_pll_i|general[1].gpll~PLL_OUTPUT_COUNTER|divclk
    Info (332115):    Relationship : 31.907
    Info (332115):    Clock Skew   : -0.096
    Info (332115):    Data Delay   : 203.380
Info (332115): Path #20: Setup slack is -171.769 (VIOLATED)
    Info (332115):    Slack        : -171.769 (VIOLATED)
    Info (332115):    From Node    : emu:emu|mc68881_fpu_lite:fpu_inst|mc68881_top:u_fpu|fp80_to_int_trunc~28_OTERM3157
    Info (332115):    To Node      : emu:emu|mc68881_fpu_lite:fpu_inst|mc68881_top:u_fpu|result_ex_reg[2]_OTERM1537_OTERM1885_OTERM2091_OTERM2473
    Info (332115):    Launch Clock : emu|pll|pll_inst|altera_pll_i|general[1].gpll~PLL_OUTPUT_COUNTER|divclk
    Info (332115):    Latch Clock  : emu|pll|pll_inst|altera_pll_i|general[1].gpll~PLL_OUTPUT_COUNTER|divclk
    Info (332115):    Relationship : 31.907
    Info (332115):    Clock Skew   : -0.096
    Info (332115):    Data Delay   : 203.380
Info (332115): Path #21: Setup slack is -171.769 (VIOLATED)
    Info (332115):    Slack        : -171.769 (VIOLATED)
    Info (332115):    From Node    : emu:emu|mc68881_fpu_lite:fpu_inst|mc68881_top:u_fpu|fp80_to_int_trunc~28_OTERM3157
    Info (332115):    To Node      : emu:emu|mc68881_fpu_lite:fpu_inst|mc68881_top:u_fpu|result_ex_reg[2]_OTERM1537_OTERM1885_OTERM2091_OTERM2473
    Info (332115):    Launch Clock : emu|pll|pll_inst|altera_pll_i|general[1].gpll~PLL_OUTPUT_COUNTER|divclk
    Info (332115):    Latch Clock  : emu|pll|pll_inst|altera_pll_i|general[1].gpll~PLL_OUTPUT_COUNTER|divclk
    Info (332115):    Relationship : 31.907
    Info (332115):    Clock Skew   : -0.096
    Info (332115):    Data Delay   : 203.380
Info (332115): Path #22: Setup slack is -171.769 (VIOLATED)
    Info (332115):    Slack        : -171.769 (VIOLATED)
    Info (332115):    From Node    : emu:emu|mc68881_fpu_lite:fpu_inst|mc68881_top:u_fpu|fp80_to_int_trunc~28_OTERM3157
    Info (332115):    To Node      : emu:emu|mc68881_fpu_lite:fpu_inst|mc68881_top:u_fpu|result_ex_reg[2]_OTERM1537_OTERM1885_OTERM2091_OTERM2473
    Info (332115):    Launch Clock : emu|pll|pll_inst|altera_pll_i|general[1].gpll~PLL_OUTPUT_COUNTER|divclk
    Info (332115):    Latch Clock  : emu|pll|pll_inst|altera_pll_i|general[1].gpll~PLL_OUTPUT_COUNTER|divclk
    Info (332115):    Relationship : 31.907
    Info (332115):    Clock Skew   : -0.096
    Info (332115):    Data Delay   : 203.380
Info (332115): Path #23: Setup slack is -171.769 (VIOLATED)
    Info (332115):    Slack        : -171.769 (VIOLATED)
    Info (332115):    From Node    : emu:emu|mc68881_fpu_lite:fpu_inst|mc68881_top:u_fpu|fp80_to_int_trunc~28_OTERM3157
    Info (332115):    To Node      : emu:emu|mc68881_fpu_lite:fpu_inst|mc68881_top:u_fpu|result_ex_reg[2]_OTERM1537_OTERM1885_OTERM2091_OTERM2473
    Info (332115):    Launch Clock : emu|pll|pll_inst|altera_pll_i|general[1].gpll~PLL_OUTPUT_COUNTER|divclk
    Info (332115):    Latch Clock  : emu|pll|pll_inst|altera_pll_i|general[1].gpll~PLL_OUTPUT_COUNTER|divclk
    Info (332115):    Relationship : 31.907
    Info (332115):    Clock Skew   : -0.096
    Info (332115):    Data Delay   : 203.380
Info (332115): Path #24: Setup slack is -171.769 (VIOLATED)
    Info (332115):    Slack        : -171.769 (VIOLATED)
    Info (332115):    From Node    : emu:emu|mc68881_fpu_lite:fpu_inst|mc68881_top:u_fpu|fp80_to_int_trunc~28_OTERM3157
    Info (332115):    To Node      : emu:emu|mc68881_fpu_lite:fpu_inst|mc68881_top:u_fpu|result_ex_reg[2]_OTERM1537_OTERM1885_OTERM2091_OTERM2473
    Info (332115):    Launch Clock : emu|pll|pll_inst|altera_pll_i|general[1].gpll~PLL_OUTPUT_COUNTER|divclk
    Info (332115):    Latch Clock  : emu|pll|pll_inst|altera_pll_i|general[1].gpll~PLL_OUTPUT_COUNTER|divclk
    Info (332115):    Relationship : 31.907
    Info (332115):    Clock Skew   : -0.096
    Info (332115):    Data Delay   : 203.380
Info (332115): Path #25: Setup slack is -171.769 (VIOLATED)
    Info (332115):    Slack        : -171.769 (VIOLATED)
    Info (332115):    From Node    : emu:emu|mc68881_fpu_lite:fpu_inst|mc68881_top:u_fpu|fp80_to_int_trunc~28_OTERM3157
    Info (332115):    To Node      : emu:emu|mc68881_fpu_lite:fpu_inst|mc68881_top:u_fpu|result_ex_reg[2]_OTERM1537_OTERM1885_OTERM2091_OTERM2473
    Info (332115):    Launch Clock : emu|pll|pll_inst|altera_pll_i|general[1].gpll~PLL_OUTPUT_COUNTER|divclk
    Info (332115):    Latch Clock  : emu|pll|pll_inst|altera_pll_i|general[1].gpll~PLL_OUTPUT_COUNTER|divclk
    Info (332115):    Relationship : 31.907
    Info (332115):    Clock Skew   : -0.096
    Info (332115):    Data Delay   : 203.380
Info (332115): Path #26: Setup slack is -171.769 (VIOLATED)
    Info (332115):    Slack        : -171.769 (VIOLATED)
    Info (332115):    From Node    : emu:emu|mc68881_fpu_lite:fpu_inst|mc68881_top:u_fpu|fp80_to_int_trunc~28_OTERM3157
    Info (332115):    To Node      : emu:emu|mc68881_fpu_lite:fpu_inst|mc68881_top:u_fpu|result_ex_reg[2]_OTERM1537_OTERM1885_OTERM2091_OTERM2473
    Info (332115):    Launch Clock : emu|pll|pll_inst|altera_pll_i|general[1].gpll~PLL_OUTPUT_COUNTER|divclk
    Info (332115):    Latch Clock  : emu|pll|pll_inst|altera_pll_i|general[1].gpll~PLL_OUTPUT_COUNTER|divclk
    Info (332115):    Relationship : 31.907
    Info (332115):    Clock Skew   : -0.096
    Info (332115):    Data Delay   : 203.380
Info (332115): Path #27: Setup slack is -171.769 (VIOLATED)
    Info (332115):    Slack        : -171.769 (VIOLATED)
    Info (332115):    From Node    : emu:emu|mc68881_fpu_lite:fpu_inst|mc68881_top:u_fpu|fp80_to_int_trunc~28_OTERM3157
    Info (332115):    To Node      : emu:emu|mc68881_fpu_lite:fpu_inst|mc68881_top:u_fpu|result_ex_reg[2]_OTERM1537_OTERM1885_OTERM2091_OTERM2473
    Info (332115):    Launch Clock : emu|pll|pll_inst|altera_pll_i|general[1].gpll~PLL_OUTPUT_COUNTER|divclk
    Info (332115):    Latch Clock  : emu|pll|pll_inst|altera_pll_i|general[1].gpll~PLL_OUTPUT_COUNTER|divclk
    Info (332115):    Relationship : 31.907
    Info (332115):    Clock Skew   : -0.096
    Info (332115):    Data Delay   : 203.380
Info (332115): Path #28: Setup slack is -171.769 (VIOLATED)
    Info (332115):    Slack        : -171.769 (VIOLATED)
    Info (332115):    From Node    : emu:emu|mc68881_fpu_lite:fpu_inst|mc68881_top:u_fpu|fp80_to_int_trunc~28_OTERM3157
    Info (332115):    To Node      : emu:emu|mc68881_fpu_lite:fpu_inst|mc68881_top:u_fpu|result_ex_reg[2]_OTERM1537_OTERM1885_OTERM2091_OTERM2473
    Info (332115):    Launch Clock : emu|pll|pll_inst|altera_pll_i|general[1].gpll~PLL_OUTPUT_COUNTER|divclk
    Info (332115):    Latch Clock  : emu|pll|pll_inst|altera_pll_i|general[1].gpll~PLL_OUTPUT_COUNTER|divclk
    Info (332115):    Relationship : 31.907
    Info (332115):    Clock Skew   : -0.096
    Info (332115):    Data Delay   : 203.380
Info (332115): Path #29: Setup slack is -171.769 (VIOLATED)
    Info (332115):    Slack        : -171.769 (VIOLATED)
    Info (332115):    From Node    : emu:emu|mc68881_fpu_lite:fpu_inst|mc68881_top:u_fpu|fp80_to_int_trunc~28_OTERM3157
    Info (332115):    To Node      : emu:emu|mc68881_fpu_lite:fpu_inst|mc68881_top:u_fpu|result_ex_reg[2]_OTERM1537_OTERM1885_OTERM2091_OTERM2473
    Info (332115):    Launch Clock : emu|pll|pll_inst|altera_pll_i|general[1].gpll~PLL_OUTPUT_COUNTER|divclk
    Info (332115):    Latch Clock  : emu|pll|pll_inst|altera_pll_i|general[1].gpll~PLL_OUTPUT_COUNTER|divclk
    Info (332115):    Relationship : 31.907
    Info (332115):    Clock Skew   : -0.096
    Info (332115):    Data Delay   : 203.380
Info (332115): Path #30: Setup slack is -171.769 (VIOLATED)
    Info (332115):    Slack        : -171.769 (VIOLATED)
    Info (332115):    From Node    : emu:emu|mc68881_fpu_lite:fpu_inst|mc68881_top:u_fpu|fp80_to_int_trunc~28_OTERM3157
    Info (332115):    To Node      : emu:emu|mc68881_fpu_lite:fpu_inst|mc68881_top:u_fpu|result_ex_reg[2]_OTERM1537_OTERM1885_OTERM2091_OTERM2473
    Info (332115):    Launch Clock : emu|pll|pll_inst|altera_pll_i|general[1].gpll~PLL_OUTPUT_COUNTER|divclk
    Info (332115):    Latch Clock  : emu|pll|pll_inst|altera_pll_i|general[1].gpll~PLL_OUTPUT_COUNTER|divclk
    Info (332115):    Relationship : 31.907
    Info (332115):    Clock Skew   : -0.096
    Info (332115):    Data Delay   : 203.380
Info (332115): Path #31: Setup slack is -171.769 (VIOLATED)
    Info (332115):    Slack        : -171.769 (VIOLATED)
    Info (332115):    From Node    : emu:emu|mc68881_fpu_lite:fpu_inst|mc68881_top:u_fpu|fp80_to_int_trunc~28_OTERM3157
    Info (332115):    To Node      : emu:emu|mc68881_fpu_lite:fpu_inst|mc68881_top:u_fpu|result_ex_reg[2]_OTERM1537_OTERM1885_OTERM2091_OTERM2473
    Info (332115):    Launch Clock : emu|pll|pll_inst|altera_pll_i|general[1].gpll~PLL_OUTPUT_COUNTER|divclk
    Info (332115):    Latch Clock  : emu|pll|pll_inst|altera_pll_i|general[1].gpll~PLL_OUTPUT_COUNTER|divclk
    Info (332115):    Relationship : 31.907
    Info (332115):    Clock Skew   : -0.096
    Info (332115):    Data Delay   : 203.380
Info (332115): Path #32: Setup slack is -171.769 (VIOLATED)
    Info (332115):    Slack        : -171.769 (VIOLATED)
    Info (332115):    From Node    : emu:emu|mc68881_fpu_lite:fpu_inst|mc68881_top:u_fpu|fp80_to_int_trunc~28_OTERM3157
    Info (332115):    To Node      : emu:emu|mc68881_fpu_lite:fpu_inst|mc68881_top:u_fpu|result_ex_reg[2]_OTERM1537_OTERM1885_OTERM2091_OTERM2473
    Info (332115):    Launch Clock : emu|pll|pll_inst|altera_pll_i|general[1].gpll~PLL_OUTPUT_COUNTER|divclk
    Info (332115):    Latch Clock  : emu|pll|pll_inst|altera_pll_i|general[1].gpll~PLL_OUTPUT_COUNTER|divclk
    Info (332115):    Relationship : 31.907
    Info (332115):    Clock Skew   : -0.096
    Info (332115):    Data Delay   : 203.380
Info (332115): Path #33: Setup slack is -171.769 (VIOLATED)
    Info (332115):    Slack        : -171.769 (VIOLATED)
    Info (332115):    From Node    : emu:emu|mc68881_fpu_lite:fpu_inst|mc68881_top:u_fpu|fp80_to_int_trunc~28_OTERM3157
    Info (332115):    To Node      : emu:emu|mc68881_fpu_lite:fpu_inst|mc68881_top:u_fpu|result_ex_reg[2]_OTERM1537_OTERM1885_OTERM2091_OTERM2473
    Info (332115):    Launch Clock : emu|pll|pll_inst|altera_pll_i|general[1].gpll~PLL_OUTPUT_COUNTER|divclk
    Info (332115):    Latch Clock  : emu|pll|pll_inst|altera_pll_i|general[1].gpll~PLL_OUTPUT_COUNTER|divclk
    Info (332115):    Relationship : 31.907
    Info (332115):    Clock Skew   : -0.096
    Info (332115):    Data Delay   : 203.380
Info (332115): Path #34: Setup slack is -171.769 (VIOLATED)
    Info (332115):    Slack        : -171.769 (VIOLATED)
    Info (332115):    From Node    : emu:emu|mc68881_fpu_lite:fpu_inst|mc68881_top:u_fpu|fp80_to_int_trunc~28_OTERM3157
    Info (332115):    To Node      : emu:emu|mc68881_fpu_lite:fpu_inst|mc68881_top:u_fpu|result_ex_reg[2]_OTERM1537_OTERM1885_OTERM2091_OTERM2473
    Info (332115):    Launch Clock : emu|pll|pll_inst|altera_pll_i|general[1].gpll~PLL_OUTPUT_COUNTER|divclk
    Info (332115):    Latch Clock  : emu|pll|pll_inst|altera_pll_i|general[1].gpll~PLL_OUTPUT_COUNTER|divclk
    Info (332115):    Relationship : 31.907
    Info (332115):    Clock Skew   : -0.096
    Info (332115):    Data Delay   : 203.380
Info (332115): Path #35: Setup slack is -171.769 (VIOLATED)
    Info (332115):    Slack        : -171.769 (VIOLATED)
    Info (332115):    From Node    : emu:emu|mc68881_fpu_lite:fpu_inst|mc68881_top:u_fpu|fp80_to_int_trunc~28_OTERM3157
    Info (332115):    To Node      : emu:emu|mc68881_fpu_lite:fpu_inst|mc68881_top:u_fpu|result_ex_reg[2]_OTERM1537_OTERM1885_OTERM2091_OTERM2473
    Info (332115):    Launch Clock : emu|pll|pll_inst|altera_pll_i|general[1].gpll~PLL_OUTPUT_COUNTER|divclk
    Info (332115):    Latch Clock  : emu|pll|pll_inst|altera_pll_i|general[1].gpll~PLL_OUTPUT_COUNTER|divclk
    Info (332115):    Relationship : 31.907
    Info (332115):    Clock Skew   : -0.096
    Info (332115):    Data Delay   : 203.380
Info (332115): Path #36: Setup slack is -171.769 (VIOLATED)
    Info (332115):    Slack        : -171.769 (VIOLATED)
    Info (332115):    From Node    : emu:emu|mc68881_fpu_lite:fpu_inst|mc68881_top:u_fpu|fp80_to_int_trunc~28_OTERM3157
    Info (332115):    To Node      : emu:emu|mc68881_fpu_lite:fpu_inst|mc68881_top:u_fpu|result_ex_reg[2]_OTERM1537_OTERM1885_OTERM2091_OTERM2473
    Info (332115):    Launch Clock : emu|pll|pll_inst|altera_pll_i|general[1].gpll~PLL_OUTPUT_COUNTER|divclk
    Info (332115):    Latch Clock  : emu|pll|pll_inst|altera_pll_i|general[1].gpll~PLL_OUTPUT_COUNTER|divclk
    Info (332115):    Relationship : 31.907
    Info (332115):    Clock Skew   : -0.096
    Info (332115):    Data Delay   : 203.380
Info (332115): Path #37: Setup slack is -171.769 (VIOLATED)
    Info (332115):    Slack        : -171.769 (VIOLATED)
    Info (332115):    From Node    : emu:emu|mc68881_fpu_lite:fpu_inst|mc68881_top:u_fpu|fp80_to_int_trunc~28_OTERM3157
    Info (332115):    To Node      : emu:emu|mc68881_fpu_lite:fpu_inst|mc68881_top:u_fpu|result_ex_reg[2]_OTERM1537_OTERM1885_OTERM2091_OTERM2473
    Info (332115):    Launch Clock : emu|pll|pll_inst|altera_pll_i|general[1].gpll~PLL_OUTPUT_COUNTER|divclk
    Info (332115):    Latch Clock  : emu|pll|pll_inst|altera_pll_i|general[1].gpll~PLL_OUTPUT_COUNTER|divclk
    Info (332115):    Relationship : 31.907
    Info (332115):    Clock Skew   : -0.096
    Info (332115):    Data Delay   : 203.380
Info (332115): Path #38: Setup slack is -171.769 (VIOLATED)
    Info (332115):    Slack        : -171.769 (VIOLATED)
    Info (332115):    From Node    : emu:emu|mc68881_fpu_lite:fpu_inst|mc68881_top:u_fpu|fp80_to_int_trunc~28_OTERM3157
    Info (332115):    To Node      : emu:emu|mc68881_fpu_lite:fpu_inst|mc68881_top:u_fpu|result_ex_reg[2]_OTERM1537_OTERM1885_OTERM2091_OTERM2473
    Info (332115):    Launch Clock : emu|pll|pll_inst|altera_pll_i|general[1].gpll~PLL_OUTPUT_COUNTER|divclk
    Info (332115):    Latch Clock  : emu|pll|pll_inst|altera_pll_i|general[1].gpll~PLL_OUTPUT_COUNTER|divclk
    Info (332115):    Relationship : 31.907
    Info (332115):    Clock Skew   : -0.096
    Info (332115):    Data Delay   : 203.380
Info (332115): Path #39: Setup slack is -171.769 (VIOLATED)
    Info (332115):    Slack        : -171.769 (VIOLATED)
    Info (332115):    From Node    : emu:emu|mc68881_fpu_lite:fpu_inst|mc68881_top:u_fpu|fp80_to_int_trunc~28_OTERM3157
    Info (332115):    To Node      : emu:emu|mc68881_fpu_lite:fpu_inst|mc68881_top:u_fpu|result_ex_reg[2]_OTERM1537_OTERM1885_OTERM2091_OTERM2473
    Info (332115):    Launch Clock : emu|pll|pll_inst|altera_pll_i|general[1].gpll~PLL_OUTPUT_COUNTER|divclk
    Info (332115):    Latch Clock  : emu|pll|pll_inst|altera_pll_i|general[1].gpll~PLL_OUTPUT_COUNTER|divclk
    Info (332115):    Relationship : 31.907
    Info (332115):    Clock Skew   : -0.096
    Info (332115):    Data Delay   : 203.380
Info (332115): Path #40: Setup slack is -171.769 (VIOLATED)
    Info (332115):    Slack        : -171.769 (VIOLATED)
    Info (332115):    From Node    : emu:emu|mc68881_fpu_lite:fpu_inst|mc68881_top:u_fpu|fp80_to_int_trunc~28_OTERM3157
    Info (332115):    To Node      : emu:emu|mc68881_fpu_lite:fpu_inst|mc68881_top:u_fpu|result_ex_reg[2]_OTERM1537_OTERM1885_OTERM2091_OTERM2473
    Info (332115):    Launch Clock : emu|pll|pll_inst|altera_pll_i|general[1].gpll~PLL_OUTPUT_COUNTER|divclk
    Info (332115):    Latch Clock  : emu|pll|pll_inst|altera_pll_i|general[1].gpll~PLL_OUTPUT_COUNTER|divclk
    Info (332115):    Relationship : 31.907
    Info (332115):    Clock Skew   : -0.096
    Info (332115):    Data Delay   : 203.380
Info (332115): Path #41: Setup slack is -171.769 (VIOLATED)
    Info (332115):    Slack        : -171.769 (VIOLATED)
    Info (332115):    From Node    : emu:emu|mc68881_fpu_lite:fpu_inst|mc68881_top:u_fpu|fp80_to_int_trunc~28_OTERM3157
    Info (332115):    To Node      : emu:emu|mc68881_fpu_lite:fpu_inst|mc68881_top:u_fpu|result_ex_reg[2]_OTERM1537_OTERM1885_OTERM2091_OTERM2473
    Info (332115):    Launch Clock : emu|pll|pll_inst|altera_pll_i|general[1].gpll~PLL_OUTPUT_COUNTER|divclk
    Info (332115):    Latch Clock  : emu|pll|pll_inst|altera_pll_i|general[1].gpll~PLL_OUTPUT_COUNTER|divclk
    Info (332115):    Relationship : 31.907
    Info (332115):    Clock Skew   : -0.096
    Info (332115):    Data Delay   : 203.380
Info (332115): Path #42: Setup slack is -171.769 (VIOLATED)
    Info (332115):    Slack        : -171.769 (VIOLATED)
    Info (332115):    From Node    : emu:emu|mc68881_fpu_lite:fpu_inst|mc68881_top:u_fpu|fp80_to_int_trunc~28_OTERM3157
    Info (332115):    To Node      : emu:emu|mc68881_fpu_lite:fpu_inst|mc68881_top:u_fpu|result_ex_reg[2]_OTERM1537_OTERM1885_OTERM2091_OTERM2473
    Info (332115):    Launch Clock : emu|pll|pll_inst|altera_pll_i|general[1].gpll~PLL_OUTPUT_COUNTER|divclk
    Info (332115):    Latch Clock  : emu|pll|pll_inst|altera_pll_i|general[1].gpll~PLL_OUTPUT_COUNTER|divclk
    Info (332115):    Relationship : 31.907
    Info (332115):    Clock Skew   : -0.096
    Info (332115):    Data Delay   : 203.380
Info (332115): Path #43: Setup slack is -171.769 (VIOLATED)
    Info (332115):    Slack        : -171.769 (VIOLATED)
    Info (332115):    From Node    : emu:emu|mc68881_fpu_lite:fpu_inst|mc68881_top:u_fpu|fp80_to_int_trunc~28_OTERM3157
    Info (332115):    To Node      : emu:emu|mc68881_fpu_lite:fpu_inst|mc68881_top:u_fpu|result_ex_reg[2]_OTERM1537_OTERM1885_OTERM2091_OTERM2473
    Info (332115):    Launch Clock : emu|pll|pll_inst|altera_pll_i|general[1].gpll~PLL_OUTPUT_COUNTER|divclk
    Info (332115):    Latch Clock  : emu|pll|pll_inst|altera_pll_i|general[1].gpll~PLL_OUTPUT_COUNTER|divclk
    Info (332115):    Relationship : 31.907
    Info (332115):    Clock Skew   : -0.096
    Info (332115):    Data Delay   : 203.380
Info (332115): Path #44: Setup slack is -171.769 (VIOLATED)
    Info (332115):    Slack        : -171.769 (VIOLATED)
    Info (332115):    From Node    : emu:emu|mc68881_fpu_lite:fpu_inst|mc68881_top:u_fpu|fp80_to_int_trunc~28_OTERM3157
    Info (332115):    To Node      : emu:emu|mc68881_fpu_lite:fpu_inst|mc68881_top:u_fpu|result_ex_reg[2]_OTERM1537_OTERM1885_OTERM2091_OTERM2473
    Info (332115):    Launch Clock : emu|pll|pll_inst|altera_pll_i|general[1].gpll~PLL_OUTPUT_COUNTER|divclk
    Info (332115):    Latch Clock  : emu|pll|pll_inst|altera_pll_i|general[1].gpll~PLL_OUTPUT_COUNTER|divclk
    Info (332115):    Relationship : 31.907
    Info (332115):    Clock Skew   : -0.096
    Info (332115):    Data Delay   : 203.380
Info (332115): Path #45: Setup slack is -171.769 (VIOLATED)
    Info (332115):    Slack        : -171.769 (VIOLATED)
    Info (332115):    From Node    : emu:emu|mc68881_fpu_lite:fpu_inst|mc68881_top:u_fpu|fp80_to_int_trunc~28_OTERM3157
    Info (332115):    To Node      : emu:emu|mc68881_fpu_lite:fpu_inst|mc68881_top:u_fpu|result_ex_reg[2]_OTERM1537_OTERM1885_OTERM2091_OTERM2473
    Info (332115):    Launch Clock : emu|pll|pll_inst|altera_pll_i|general[1].gpll~PLL_OUTPUT_COUNTER|divclk
    Info (332115):    Latch Clock  : emu|pll|pll_inst|altera_pll_i|general[1].gpll~PLL_OUTPUT_COUNTER|divclk
    Info (332115):    Relationship : 31.907
    Info (332115):    Clock Skew   : -0.096
    Info (332115):    Data Delay   : 203.380
Info (332115): Path #46: Setup slack is -171.769 (VIOLATED)
    Info (332115):    Slack        : -171.769 (VIOLATED)
    Info (332115):    From Node    : emu:emu|mc68881_fpu_lite:fpu_inst|mc68881_top:u_fpu|fp80_to_int_trunc~28_OTERM3157
    Info (332115):    To Node      : emu:emu|mc68881_fpu_lite:fpu_inst|mc68881_top:u_fpu|result_ex_reg[2]_OTERM1537_OTERM1885_OTERM2091_OTERM2473
    Info (332115):    Launch Clock : emu|pll|pll_inst|altera_pll_i|general[1].gpll~PLL_OUTPUT_COUNTER|divclk
    Info (332115):    Latch Clock  : emu|pll|pll_inst|altera_pll_i|general[1].gpll~PLL_OUTPUT_COUNTER|divclk
    Info (332115):    Relationship : 31.907
    Info (332115):    Clock Skew   : -0.096
    Info (332115):    Data Delay   : 203.380
Info (332115): Path #47: Setup slack is -171.769 (VIOLATED)
    Info (332115):    Slack        : -171.769 (VIOLATED)
    Info (332115):    From Node    : emu:emu|mc68881_fpu_lite:fpu_inst|mc68881_top:u_fpu|fp80_to_int_trunc~28_OTERM3157
    Info (332115):    To Node      : emu:emu|mc68881_fpu_lite:fpu_inst|mc68881_top:u_fpu|result_ex_reg[2]_OTERM1537_OTERM1885_OTERM2091_OTERM2473
    Info (332115):    Launch Clock : emu|pll|pll_inst|altera_pll_i|general[1].gpll~PLL_OUTPUT_COUNTER|divclk
    Info (332115):    Latch Clock  : emu|pll|pll_inst|altera_pll_i|general[1].gpll~PLL_OUTPUT_COUNTER|divclk
    Info (332115):    Relationship : 31.907
    Info (332115):    Clock Skew   : -0.096
    Info (332115):    Data Delay   : 203.380
Info (332115): Path #48: Setup slack is -171.769 (VIOLATED)
    Info (332115):    Slack        : -171.769 (VIOLATED)
    Info (332115):    From Node    : emu:emu|mc68881_fpu_lite:fpu_inst|mc68881_top:u_fpu|fp80_to_int_trunc~28_OTERM3157
    Info (332115):    To Node      : emu:emu|mc68881_fpu_lite:fpu_inst|mc68881_top:u_fpu|result_ex_reg[2]_OTERM1537_OTERM1885_OTERM2091_OTERM2473
    Info (332115):    Launch Clock : emu|pll|pll_inst|altera_pll_i|general[1].gpll~PLL_OUTPUT_COUNTER|divclk
    Info (332115):    Latch Clock  : emu|pll|pll_inst|altera_pll_i|general[1].gpll~PLL_OUTPUT_COUNTER|divclk
    Info (332115):    Relationship : 31.907
    Info (332115):    Clock Skew   : -0.096
    Info (332115):    Data Delay   : 203.380
Info (332115): Path #49: Setup slack is -171.769 (VIOLATED)
    Info (332115):    Slack        : -171.769 (VIOLATED)
    Info (332115):    From Node    : emu:emu|mc68881_fpu_lite:fpu_inst|mc68881_top:u_fpu|fp80_to_int_trunc~28_OTERM3157
    Info (332115):    To Node      : emu:emu|mc68881_fpu_lite:fpu_inst|mc68881_top:u_fpu|result_ex_reg[2]_OTERM1537_OTERM1885_OTERM2091_OTERM2473
    Info (332115):    Launch Clock : emu|pll|pll_inst|altera_pll_i|general[1].gpll~PLL_OUTPUT_COUNTER|divclk
    Info (332115):    Latch Clock  : emu|pll|pll_inst|altera_pll_i|general[1].gpll~PLL_OUTPUT_COUNTER|divclk
    Info (332115):    Relationship : 31.907
    Info (332115):    Clock Skew   : -0.096
    Info (332115):    Data Delay   : 203.380
Info (332115): Path #50: Setup slack is -171.769 (VIOLATED)
    Info (332115):    Slack        : -171.769 (VIOLATED)
    Info (332115):    From Node    : emu:emu|mc68881_fpu_lite:fpu_inst|mc68881_top:u_fpu|fp80_to_int_trunc~28_OTERM3157
    Info (332115):    To Node      : emu:emu|mc68881_fpu_lite:fpu_inst|mc68881_top:u_fpu|result_ex_reg[2]_OTERM1537_OTERM1885_OTERM2091_OTERM2473
    Info (332115):    Launch Clock : emu|pll|pll_inst|altera_pll_i|general[1].gpll~PLL_OUTPUT_COUNTER|divclk
    Info (332115):    Latch Clock  : emu|pll|pll_inst|altera_pll_i|general[1].gpll~PLL_OUTPUT_COUNTER|divclk
    Info (332115):    Relationship : 31.907
    Info (332115):    Clock Skew   : -0.096
    Info (332115):    Data Delay   : 203.380
Info (332115): Path #51: Setup slack is -171.769 (VIOLATED)
    Info (332115):    Slack        : -171.769 (VIOLATED)
    Info (332115):    From Node    : emu:emu|mc68881_fpu_lite:fpu_inst|mc68881_top:u_fpu|fp80_to_int_trunc~28_OTERM3157
    Info (332115):    To Node      : emu:emu|mc68881_fpu_lite:fpu_inst|mc68881_top:u_fpu|result_ex_reg[2]_OTERM1537_OTERM1885_OTERM2091_OTERM2473
    Info (332115):    Launch Clock : emu|pll|pll_inst|altera_pll_i|general[1].gpll~PLL_OUTPUT_COUNTER|divclk
    Info (332115):    Latch Clock  : emu|pll|pll_inst|altera_pll_i|general[1].gpll~PLL_OUTPUT_COUNTER|divclk
    Info (332115):    Relationship : 31.907
    Info (332115):    Clock Skew   : -0.096
    Info (332115):    Data Delay   : 203.380
Info (332115): Path #52: Setup slack is -171.769 (VIOLATED)
    Info (332115):    Slack        : -171.769 (VIOLATED)
    Info (332115):    From Node    : emu:emu|mc68881_fpu_lite:fpu_inst|mc68881_top:u_fpu|fp80_to_int_trunc~28_OTERM3157
    Info (332115):    To Node      : emu:emu|mc68881_fpu_lite:fpu_inst|mc68881_top:u_fpu|result_ex_reg[2]_OTERM1537_OTERM1885_OTERM2091_OTERM2473
    Info (332115):    Launch Clock : emu|pll|pll_inst|altera_pll_i|general[1].gpll~PLL_OUTPUT_COUNTER|divclk
    Info (332115):    Latch Clock  : emu|pll|pll_inst|altera_pll_i|general[1].gpll~PLL_OUTPUT_COUNTER|divclk
    Info (332115):    Relationship : 31.907
    Info (332115):    Clock Skew   : -0.096
    Info (332115):    Data Delay   : 203.380
Info (332115): Path #53: Setup slack is -171.769 (VIOLATED)
    Info (332115):    Slack        : -171.769 (VIOLATED)
    Info (332115):    From Node    : emu:emu|mc68881_fpu_lite:fpu_inst|mc68881_top:u_fpu|fp80_to_int_trunc~28_OTERM3157
    Info (332115):    To Node      : emu:emu|mc68881_fpu_lite:fpu_inst|mc68881_top:u_fpu|result_ex_reg[2]_OTERM1537_OTERM1885_OTERM2091_OTERM2473
    Info (332115):    Launch Clock : emu|pll|pll_inst|altera_pll_i|general[1].gpll~PLL_OUTPUT_COUNTER|divclk
    Info (332115):    Latch Clock  : emu|pll|pll_inst|altera_pll_i|general[1].gpll~PLL_OUTPUT_COUNTER|divclk
    Info (332115):    Relationship : 31.907
    Info (332115):    Clock Skew   : -0.096
    Info (332115):    Data Delay   : 203.380
Info (332115): Path #54: Setup slack is -171.769 (VIOLATED)
    Info (332115):    Slack        : -171.769 (VIOLATED)
    Info (332115):    From Node    : emu:emu|mc68881_fpu_lite:fpu_inst|mc68881_top:u_fpu|fp80_to_int_trunc~28_OTERM3157
    Info (332115):    To Node      : emu:emu|mc68881_fpu_lite:fpu_inst|mc68881_top:u_fpu|result_ex_reg[2]_OTERM1537_OTERM1885_OTERM2091_OTERM2473
    Info (332115):    Launch Clock : emu|pll|pll_inst|altera_pll_i|general[1].gpll~PLL_OUTPUT_COUNTER|divclk
    Info (332115):    Latch Clock  : emu|pll|pll_inst|altera_pll_i|general[1].gpll~PLL_OUTPUT_COUNTER|divclk
    Info (332115):    Relationship : 31.907
    Info (332115):    Clock Skew   : -0.096
    Info (332115):    Data Delay   : 203.380
Info (332115): Path #55: Setup slack is -171.769 (VIOLATED)
    Info (332115):    Slack        : -171.769 (VIOLATED)
    Info (332115):    From Node    : emu:emu|mc68881_fpu_lite:fpu_inst|mc68881_top:u_fpu|fp80_to_int_trunc~28_OTERM3157
    Info (332115):    To Node      : emu:emu|mc68881_fpu_lite:fpu_inst|mc68881_top:u_fpu|result_ex_reg[2]_OTERM1537_OTERM1885_OTERM2091_OTERM2473
    Info (332115):    Launch Clock : emu|pll|pll_inst|altera_pll_i|general[1].gpll~PLL_OUTPUT_COUNTER|divclk
    Info (332115):    Latch Clock  : emu|pll|pll_inst|altera_pll_i|general[1].gpll~PLL_OUTPUT_COUNTER|divclk
    Info (332115):    Relationship : 31.907
    Info (332115):    Clock Skew   : -0.096
    Info (332115):    Data Delay   : 203.380
Info (332115): Path #56: Setup slack is -171.769 (VIOLATED)
    Info (332115):    Slack        : -171.769 (VIOLATED)
    Info (332115):    From Node    : emu:emu|mc68881_fpu_lite:fpu_inst|mc68881_top:u_fpu|fp80_to_int_trunc~28_OTERM3157
    Info (332115):    To Node      : emu:emu|mc68881_fpu_lite:fpu_inst|mc68881_top:u_fpu|result_ex_reg[2]_OTERM1537_OTERM1885_OTERM2091_OTERM2473
    Info (332115):    Launch Clock : emu|pll|pll_inst|altera_pll_i|general[1].gpll~PLL_OUTPUT_COUNTER|divclk
    Info (332115):    Latch Clock  : emu|pll|pll_inst|altera_pll_i|general[1].gpll~PLL_OUTPUT_COUNTER|divclk
    Info (332115):    Relationship : 31.907
    Info (332115):    Clock Skew   : -0.096
    Info (332115):    Data Delay   : 203.380
Info (332115): Path #57: Setup slack is -171.769 (VIOLATED)
    Info (332115):    Slack        : -171.769 (VIOLATED)
    Info (332115):    From Node    : emu:emu|mc68881_fpu_lite:fpu_inst|mc68881_top:u_fpu|fp80_to_int_trunc~28_OTERM3157
    Info (332115):    To Node      : emu:emu|mc68881_fpu_lite:fpu_inst|mc68881_top:u_fpu|result_ex_reg[2]_OTERM1537_OTERM1885_OTERM2091_OTERM2473
    Info (332115):    Launch Clock : emu|pll|pll_inst|altera_pll_i|general[1].gpll~PLL_OUTPUT_COUNTER|divclk
    Info (332115):    Latch Clock  : emu|pll|pll_inst|altera_pll_i|general[1].gpll~PLL_OUTPUT_COUNTER|divclk
    Info (332115):    Relationship : 31.907
    Info (332115):    Clock Skew   : -0.096
    Info (332115):    Data Delay   : 203.380
Info (332115): Path #58: Setup slack is -171.769 (VIOLATED)
    Info (332115):    Slack        : -171.769 (VIOLATED)
    Info (332115):    From Node    : emu:emu|mc68881_fpu_lite:fpu_inst|mc68881_top:u_fpu|fp80_to_int_trunc~28_OTERM3157
    Info (332115):    To Node      : emu:emu|mc68881_fpu_lite:fpu_inst|mc68881_top:u_fpu|result_ex_reg[2]_OTERM1537_OTERM1885_OTERM2091_OTERM2473
    Info (332115):    Launch Clock : emu|pll|pll_inst|altera_pll_i|general[1].gpll~PLL_OUTPUT_COUNTER|divclk
    Info (332115):    Latch Clock  : emu|pll|pll_inst|altera_pll_i|general[1].gpll~PLL_OUTPUT_COUNTER|divclk
    Info (332115):    Relationship : 31.907
    Info (332115):    Clock Skew   : -0.096
    Info (332115):    Data Delay   : 203.380
Info (332115): Path #59: Setup slack is -171.769 (VIOLATED)
    Info (332115):    Slack        : -171.769 (VIOLATED)
    Info (332115):    From Node    : emu:emu|mc68881_fpu_lite:fpu_inst|mc68881_top:u_fpu|fp80_to_int_trunc~28_OTERM3157
    Info (332115):    To Node      : emu:emu|mc68881_fpu_lite:fpu_inst|mc68881_top:u_fpu|result_ex_reg[2]_OTERM1537_OTERM1885_OTERM2091_OTERM2473
    Info (332115):    Launch Clock : emu|pll|pll_inst|altera_pll_i|general[1].gpll~PLL_OUTPUT_COUNTER|divclk
    Info (332115):    Latch Clock  : emu|pll|pll_inst|altera_pll_i|general[1].gpll~PLL_OUTPUT_COUNTER|divclk
    Info (332115):    Relationship : 31.907
    Info (332115):    Clock Skew   : -0.096
    Info (332115):    Data Delay   : 203.380
Info (332115): Path #60: Setup slack is -171.769 (VIOLATED)
    Info (332115):    Slack        : -171.769 (VIOLATED)
    Info (332115):    From Node    : emu:emu|mc68881_fpu_lite:fpu_inst|mc68881_top:u_fpu|fp80_to_int_trunc~28_OTERM3157
    Info (332115):    To Node      : emu:emu|mc68881_fpu_lite:fpu_inst|mc68881_top:u_fpu|result_ex_reg[2]_OTERM1537_OTERM1885_OTERM2091_OTERM2473
    Info (332115):    Launch Clock : emu|pll|pll_inst|altera_pll_i|general[1].gpll~PLL_OUTPUT_COUNTER|divclk
    Info (332115):    Latch Clock  : emu|pll|pll_inst|altera_pll_i|general[1].gpll~PLL_OUTPUT_COUNTER|divclk
    Info (332115):    Relationship : 31.907
    Info (332115):    Clock Skew   : -0.096
    Info (332115):    Data Delay   : 203.380
Info (332115): Path #61: Setup slack is -171.769 (VIOLATED)
    Info (332115):    Slack        : -171.769 (VIOLATED)
    Info (332115):    From Node    : emu:emu|mc68881_fpu_lite:fpu_inst|mc68881_top:u_fpu|fp80_to_int_trunc~28_OTERM3157
    Info (332115):    To Node      : emu:emu|mc68881_fpu_lite:fpu_inst|mc68881_top:u_fpu|result_ex_reg[2]_OTERM1537_OTERM1885_OTERM2091_OTERM2473
    Info (332115):    Launch Clock : emu|pll|pll_inst|altera_pll_i|general[1].gpll~PLL_OUTPUT_COUNTER|divclk
    Info (332115):    Latch Clock  : emu|pll|pll_inst|altera_pll_i|general[1].gpll~PLL_OUTPUT_COUNTER|divclk
    Info (332115):    Relationship : 31.907
    Info (332115):    Clock Skew   : -0.096
    Info (332115):    Data Delay   : 203.380
Info (332115): Path #62: Setup slack is -171.769 (VIOLATED)
    Info (332115):    Slack        : -171.769 (VIOLATED)
    Info (332115):    From Node    : emu:emu|mc68881_fpu_lite:fpu_inst|mc68881_top:u_fpu|fp80_to_int_trunc~28_OTERM3157
    Info (332115):    To Node      : emu:emu|mc68881_fpu_lite:fpu_inst|mc68881_top:u_fpu|result_ex_reg[2]_OTERM1537_OTERM1885_OTERM2091_OTERM2473
    Info (332115):    Launch Clock : emu|pll|pll_inst|altera_pll_i|general[1].gpll~PLL_OUTPUT_COUNTER|divclk
    Info (332115):    Latch Clock  : emu|pll|pll_inst|altera_pll_i|general[1].gpll~PLL_OUTPUT_COUNTER|divclk
    Info (332115):    Relationship : 31.907
    Info (332115):    Clock Skew   : -0.096
    Info (332115):    Data Delay   : 203.380
Info (332115): Path #63: Setup slack is -171.769 (VIOLATED)
    Info (332115):    Slack        : -171.769 (VIOLATED)
    Info (332115):    From Node    : emu:emu|mc68881_fpu_lite:fpu_inst|mc68881_top:u_fpu|fp80_to_int_trunc~28_OTERM3157
    Info (332115):    To Node      : emu:emu|mc68881_fpu_lite:fpu_inst|mc68881_top:u_fpu|result_ex_reg[2]_OTERM1537_OTERM1885_OTERM2091_OTERM2473
    Info (332115):    Launch Clock : emu|pll|pll_inst|altera_pll_i|general[1].gpll~PLL_OUTPUT_COUNTER|divclk
    Info (332115):    Latch Clock  : emu|pll|pll_inst|altera_pll_i|general[1].gpll~PLL_OUTPUT_COUNTER|divclk
    Info (332115):    Relationship : 31.907
    Info (332115):    Clock Skew   : -0.096
    Info (332115):    Data Delay   : 203.380
Info (332115): Path #64: Setup slack is -171.769 (VIOLATED)
    Info (332115):    Slack        : -171.769 (VIOLATED)
    Info (332115):    From Node    : emu:emu|mc68881_fpu_lite:fpu_inst|mc68881_top:u_fpu|fp80_to_int_trunc~28_OTERM3157
    Info (332115):    To Node      : emu:emu|mc68881_fpu_lite:fpu_inst|mc68881_top:u_fpu|result_ex_reg[2]_OTERM1537_OTERM1885_OTERM2091_OTERM2473
    Info (332115):    Launch Clock : emu|pll|pll_inst|altera_pll_i|general[1].gpll~PLL_OUTPUT_COUNTER|divclk
    Info (332115):    Latch Clock  : emu|pll|pll_inst|altera_pll_i|general[1].gpll~PLL_OUTPUT_COUNTER|divclk
    Info (332115):    Relationship : 31.907
    Info (332115):    Clock Skew   : -0.096
    Info (332115):    Data Delay   : 203.380
Info (332115): Path #65: Setup slack is -171.769 (VIOLATED)
    Info (332115):    Slack        : -171.769 (VIOLATED)
    Info (332115):    From Node    : emu:emu|mc68881_fpu_lite:fpu_inst|mc68881_top:u_fpu|fp80_to_int_trunc~28_OTERM3157
    Info (332115):    To Node      : emu:emu|mc68881_fpu_lite:fpu_inst|mc68881_top:u_fpu|result_ex_reg[2]_OTERM1537_OTERM1885_OTERM2091_OTERM2473
    Info (332115):    Launch Clock : emu|pll|pll_inst|altera_pll_i|general[1].gpll~PLL_OUTPUT_COUNTER|divclk
    Info (332115):    Latch Clock  : emu|pll|pll_inst|altera_pll_i|general[1].gpll~PLL_OUTPUT_COUNTER|divclk
    Info (332115):    Relationship : 31.907
    Info (332115):    Clock Skew   : -0.096
    Info (332115):    Data Delay   : 203.380
Info (332115): Path #66: Setup slack is -171.769 (VIOLATED)
    Info (332115):    Slack        : -171.769 (VIOLATED)
    Info (332115):    From Node    : emu:emu|mc68881_fpu_lite:fpu_inst|mc68881_top:u_fpu|fp80_to_int_trunc~28_OTERM3157
    Info (332115):    To Node      : emu:emu|mc68881_fpu_lite:fpu_inst|mc68881_top:u_fpu|result_ex_reg[2]_OTERM1537_OTERM1885_OTERM2091_OTERM2473
    Info (332115):    Launch Clock : emu|pll|pll_inst|altera_pll_i|general[1].gpll~PLL_OUTPUT_COUNTER|divclk
    Info (332115):    Latch Clock  : emu|pll|pll_inst|altera_pll_i|general[1].gpll~PLL_OUTPUT_COUNTER|divclk
    Info (332115):    Relationship : 31.907
    Info (332115):    Clock Skew   : -0.096
    Info (332115):    Data Delay   : 203.380
Info (332115): Path #67: Setup slack is -171.769 (VIOLATED)
    Info (332115):    Slack        : -171.769 (VIOLATED)
    Info (332115):    From Node    : emu:emu|mc68881_fpu_lite:fpu_inst|mc68881_top:u_fpu|fp80_to_int_trunc~28_OTERM3157
    Info (332115):    To Node      : emu:emu|mc68881_fpu_lite:fpu_inst|mc68881_top:u_fpu|result_ex_reg[2]_OTERM1537_OTERM1885_OTERM2091_OTERM2473
    Info (332115):    Launch Clock : emu|pll|pll_inst|altera_pll_i|general[1].gpll~PLL_OUTPUT_COUNTER|divclk
    Info (332115):    Latch Clock  : emu|pll|pll_inst|altera_pll_i|general[1].gpll~PLL_OUTPUT_COUNTER|divclk
    Info (332115):    Relationship : 31.907
    Info (332115):    Clock Skew   : -0.096
    Info (332115):    Data Delay   : 203.380
Info (332115): Path #68: Setup slack is -171.769 (VIOLATED)
    Info (332115):    Slack        : -171.769 (VIOLATED)
    Info (332115):    From Node    : emu:emu|mc68881_fpu_lite:fpu_inst|mc68881_top:u_fpu|fp80_to_int_trunc~28_OTERM3157
    Info (332115):    To Node      : emu:emu|mc68881_fpu_lite:fpu_inst|mc68881_top:u_fpu|result_ex_reg[2]_OTERM1537_OTERM1885_OTERM2091_OTERM2473
    Info (332115):    Launch Clock : emu|pll|pll_inst|altera_pll_i|general[1].gpll~PLL_OUTPUT_COUNTER|divclk
    Info (332115):    Latch Clock  : emu|pll|pll_inst|altera_pll_i|general[1].gpll~PLL_OUTPUT_COUNTER|divclk
    Info (332115):    Relationship : 31.907
    Info (332115):    Clock Skew   : -0.096
    Info (332115):    Data Delay   : 203.380
Info (332115): Path #69: Setup slack is -171.769 (VIOLATED)
    Info (332115):    Slack        : -171.769 (VIOLATED)
    Info (332115):    From Node    : emu:emu|mc68881_fpu_lite:fpu_inst|mc68881_top:u_fpu|fp80_to_int_trunc~28_OTERM3157
    Info (332115):    To Node      : emu:emu|mc68881_fpu_lite:fpu_inst|mc68881_top:u_fpu|result_ex_reg[2]_OTERM1537_OTERM1885_OTERM2091_OTERM2473
    Info (332115):    Launch Clock : emu|pll|pll_inst|altera_pll_i|general[1].gpll~PLL_OUTPUT_COUNTER|divclk
    Info (332115):    Latch Clock  : emu|pll|pll_inst|altera_pll_i|general[1].gpll~PLL_OUTPUT_COUNTER|divclk
    Info (332115):    Relationship : 31.907
    Info (332115):    Clock Skew   : -0.096
    Info (332115):    Data Delay   : 203.380
Info (332115): Path #70: Setup slack is -171.769 (VIOLATED)
    Info (332115):    Slack        : -171.769 (VIOLATED)
    Info (332115):    From Node    : emu:emu|mc68881_fpu_lite:fpu_inst|mc68881_top:u_fpu|fp80_to_int_trunc~28_OTERM3157
    Info (332115):    To Node      : emu:emu|mc68881_fpu_lite:fpu_inst|mc68881_top:u_fpu|result_ex_reg[2]_OTERM1537_OTERM1885_OTERM2091_OTERM2473
    Info (332115):    Launch Clock : emu|pll|pll_inst|altera_pll_i|general[1].gpll~PLL_OUTPUT_COUNTER|divclk
    Info (332115):    Latch Clock  : emu|pll|pll_inst|altera_pll_i|general[1].gpll~PLL_OUTPUT_COUNTER|divclk
    Info (332115):    Relationship : 31.907
    Info (332115):    Clock Skew   : -0.096
    Info (332115):    Data Delay   : 203.380
Info (332115): Path #71: Setup slack is -171.769 (VIOLATED)
    Info (332115):    Slack        : -171.769 (VIOLATED)
    Info (332115):    From Node    : emu:emu|mc68881_fpu_lite:fpu_inst|mc68881_top:u_fpu|fp80_to_int_trunc~28_OTERM3157
    Info (332115):    To Node      : emu:emu|mc68881_fpu_lite:fpu_inst|mc68881_top:u_fpu|result_ex_reg[2]_OTERM1537_OTERM1885_OTERM2091_OTERM2473
    Info (332115):    Launch Clock : emu|pll|pll_inst|altera_pll_i|general[1].gpll~PLL_OUTPUT_COUNTER|divclk
    Info (332115):    Latch Clock  : emu|pll|pll_inst|altera_pll_i|general[1].gpll~PLL_OUTPUT_COUNTER|divclk
    Info (332115):    Relationship : 31.907
    Info (332115):    Clock Skew   : -0.096
    Info (332115):    Data Delay   : 203.380
Info (332115): Path #72: Setup slack is -171.769 (VIOLATED)
    Info (332115):    Slack        : -171.769 (VIOLATED)
    Info (332115):    From Node    : emu:emu|mc68881_fpu_lite:fpu_inst|mc68881_top:u_fpu|fp80_to_int_trunc~28_OTERM3157
    Info (332115):    To Node      : emu:emu|mc68881_fpu_lite:fpu_inst|mc68881_top:u_fpu|result_ex_reg[2]_OTERM1537_OTERM1885_OTERM2091_OTERM2473
    Info (332115):    Launch Clock : emu|pll|pll_inst|altera_pll_i|general[1].gpll~PLL_OUTPUT_COUNTER|divclk
    Info (332115):    Latch Clock  : emu|pll|pll_inst|altera_pll_i|general[1].gpll~PLL_OUTPUT_COUNTER|divclk
    Info (332115):    Relationship : 31.907
    Info (332115):    Clock Skew   : -0.096
    Info (332115):    Data Delay   : 203.380
Info (332115): Path #73: Setup slack is -171.769 (VIOLATED)
    Info (332115):    Slack        : -171.769 (VIOLATED)
    Info (332115):    From Node    : emu:emu|mc68881_fpu_lite:fpu_inst|mc68881_top:u_fpu|fp80_to_int_trunc~28_OTERM3157
    Info (332115):    To Node      : emu:emu|mc68881_fpu_lite:fpu_inst|mc68881_top:u_fpu|result_ex_reg[2]_OTERM1537_OTERM1885_OTERM2091_OTERM2473
    Info (332115):    Launch Clock : emu|pll|pll_inst|altera_pll_i|general[1].gpll~PLL_OUTPUT_COUNTER|divclk
    Info (332115):    Latch Clock  : emu|pll|pll_inst|altera_pll_i|general[1].gpll~PLL_OUTPUT_COUNTER|divclk
    Info (332115):    Relationship : 31.907
    Info (332115):    Clock Skew   : -0.096
    Info (332115):    Data Delay   : 203.380
Info (332115): Path #74: Setup slack is -171.769 (VIOLATED)
    Info (332115):    Slack        : -171.769 (VIOLATED)
    Info (332115):    From Node    : emu:emu|mc68881_fpu_lite:fpu_inst|mc68881_top:u_fpu|fp80_to_int_trunc~28_OTERM3157
    Info (332115):    To Node      : emu:emu|mc68881_fpu_lite:fpu_inst|mc68881_top:u_fpu|result_ex_reg[2]_OTERM1537_OTERM1885_OTERM2091_OTERM2473
    Info (332115):    Launch Clock : emu|pll|pll_inst|altera_pll_i|general[1].gpll~PLL_OUTPUT_COUNTER|divclk
    Info (332115):    Latch Clock  : emu|pll|pll_inst|altera_pll_i|general[1].gpll~PLL_OUTPUT_COUNTER|divclk
    Info (332115):    Relationship : 31.907
    Info (332115):    Clock Skew   : -0.096
    Info (332115):    Data Delay   : 203.380
Info (332115): Path #75: Setup slack is -171.769 (VIOLATED)
    Info (332115):    Slack        : -171.769 (VIOLATED)
    Info (332115):    From Node    : emu:emu|mc68881_fpu_lite:fpu_inst|mc68881_top:u_fpu|fp80_to_int_trunc~28_OTERM3157
    Info (332115):    To Node      : emu:emu|mc68881_fpu_lite:fpu_inst|mc68881_top:u_fpu|result_ex_reg[2]_OTERM1537_OTERM1885_OTERM2091_OTERM2473
    Info (332115):    Launch Clock : emu|pll|pll_inst|altera_pll_i|general[1].gpll~PLL_OUTPUT_COUNTER|divclk
    Info (332115):    Latch Clock  : emu|pll|pll_inst|altera_pll_i|general[1].gpll~PLL_OUTPUT_COUNTER|divclk
    Info (332115):    Relationship : 31.907
    Info (332115):    Clock Skew   : -0.096
    Info (332115):    Data Delay   : 203.380
Info (332115): Path #76: Setup slack is -171.769 (VIOLATED)
    Info (332115):    Slack        : -171.769 (VIOLATED)
    Info (332115):    From Node    : emu:emu|mc68881_fpu_lite:fpu_inst|mc68881_top:u_fpu|fp80_to_int_trunc~28_OTERM3157
    Info (332115):    To Node      : emu:emu|mc68881_fpu_lite:fpu_inst|mc68881_top:u_fpu|result_ex_reg[2]_OTERM1537_OTERM1885_OTERM2091_OTERM2473
    Info (332115):    Launch Clock : emu|pll|pll_inst|altera_pll_i|general[1].gpll~PLL_OUTPUT_COUNTER|divclk
    Info (332115):    Latch Clock  : emu|pll|pll_inst|altera_pll_i|general[1].gpll~PLL_OUTPUT_COUNTER|divclk
    Info (332115):    Relationship : 31.907
    Info (332115):    Clock Skew   : -0.096
    Info (332115):    Data Delay   : 203.380
Info (332115): Path #77: Setup slack is -171.769 (VIOLATED)
    Info (332115):    Slack        : -171.769 (VIOLATED)
    Info (332115):    From Node    : emu:emu|mc68881_fpu_lite:fpu_inst|mc68881_top:u_fpu|fp80_to_int_trunc~28_OTERM3157
    Info (332115):    To Node      : emu:emu|mc68881_fpu_lite:fpu_inst|mc68881_top:u_fpu|result_ex_reg[2]_OTERM1537_OTERM1885_OTERM2091_OTERM2473
    Info (332115):    Launch Clock : emu|pll|pll_inst|altera_pll_i|general[1].gpll~PLL_OUTPUT_COUNTER|divclk
    Info (332115):    Latch Clock  : emu|pll|pll_inst|altera_pll_i|general[1].gpll~PLL_OUTPUT_COUNTER|divclk
    Info (332115):    Relationship : 31.907
    Info (332115):    Clock Skew   : -0.096
    Info (332115):    Data Delay   : 203.380
Info (332115): Path #78: Setup slack is -171.769 (VIOLATED)
    Info (332115):    Slack        : -171.769 (VIOLATED)
    Info (332115):    From Node    : emu:emu|mc68881_fpu_lite:fpu_inst|mc68881_top:u_fpu|fp80_to_int_trunc~28_OTERM3157
    Info (332115):    To Node      : emu:emu|mc68881_fpu_lite:fpu_inst|mc68881_top:u_fpu|result_ex_reg[2]_OTERM1537_OTERM1885_OTERM2091_OTERM2473
    Info (332115):    Launch Clock : emu|pll|pll_inst|altera_pll_i|general[1].gpll~PLL_OUTPUT_COUNTER|divclk
    Info (332115):    Latch Clock  : emu|pll|pll_inst|altera_pll_i|general[1].gpll~PLL_OUTPUT_COUNTER|divclk
    Info (332115):    Relationship : 31.907
    Info (332115):    Clock Skew   : -0.096
    Info (332115):    Data Delay   : 203.380
Info (332115): Path #79: Setup slack is -171.769 (VIOLATED)
    Info (332115):    Slack        : -171.769 (VIOLATED)
    Info (332115):    From Node    : emu:emu|mc68881_fpu_lite:fpu_inst|mc68881_top:u_fpu|fp80_to_int_trunc~28_OTERM3157
    Info (332115):    To Node      : emu:emu|mc68881_fpu_lite:fpu_inst|mc68881_top:u_fpu|result_ex_reg[2]_OTERM1537_OTERM1885_OTERM2091_OTERM2473
    Info (332115):    Launch Clock : emu|pll|pll_inst|altera_pll_i|general[1].gpll~PLL_OUTPUT_COUNTER|divclk
    Info (332115):    Latch Clock  : emu|pll|pll_inst|altera_pll_i|general[1].gpll~PLL_OUTPUT_COUNTER|divclk
    Info (332115):    Relationship : 31.907
    Info (332115):    Clock Skew   : -0.096
    Info (332115):    Data Delay   : 203.380
Info (332115): Path #80: Setup slack is -171.769 (VIOLATED)
    Info (332115):    Slack        : -171.769 (VIOLATED)
    Info (332115):    From Node    : emu:emu|mc68881_fpu_lite:fpu_inst|mc68881_top:u_fpu|fp80_to_int_trunc~28_OTERM3157
    Info (332115):    To Node      : emu:emu|mc68881_fpu_lite:fpu_inst|mc68881_top:u_fpu|result_ex_reg[2]_OTERM1537_OTERM1885_OTERM2091_OTERM2473
    Info (332115):    Launch Clock : emu|pll|pll_inst|altera_pll_i|general[1].gpll~PLL_OUTPUT_COUNTER|divclk
    Info (332115):    Latch Clock  : emu|pll|pll_inst|altera_pll_i|general[1].gpll~PLL_OUTPUT_COUNTER|divclk
    Info (332115):    Relationship : 31.907
    Info (332115):    Clock Skew   : -0.096
    Info (332115):    Data Delay   : 203.380
Info (332115): Path #81: Setup slack is -171.769 (VIOLATED)
    Info (332115):    Slack        : -171.769 (VIOLATED)
    Info (332115):    From Node    : emu:emu|mc68881_fpu_lite:fpu_inst|mc68881_top:u_fpu|fp80_to_int_trunc~28_OTERM3157
    Info (332115):    To Node      : emu:emu|mc68881_fpu_lite:fpu_inst|mc68881_top:u_fpu|result_ex_reg[2]_OTERM1537_OTERM1885_OTERM2091_OTERM2473
    Info (332115):    Launch Clock : emu|pll|pll_inst|altera_pll_i|general[1].gpll~PLL_OUTPUT_COUNTER|divclk
    Info (332115):    Latch Clock  : emu|pll|pll_inst|altera_pll_i|general[1].gpll~PLL_OUTPUT_COUNTER|divclk
    Info (332115):    Relationship : 31.907
    Info (332115):    Clock Skew   : -0.096
    Info (332115):    Data Delay   : 203.380
Info (332115): Path #82: Setup slack is -171.769 (VIOLATED)
    Info (332115):    Slack        : -171.769 (VIOLATED)
    Info (332115):    From Node    : emu:emu|mc68881_fpu_lite:fpu_inst|mc68881_top:u_fpu|fp80_to_int_trunc~28_OTERM3157
    Info (332115):    To Node      : emu:emu|mc68881_fpu_lite:fpu_inst|mc68881_top:u_fpu|result_ex_reg[2]_OTERM1537_OTERM1885_OTERM2091_OTERM2473
    Info (332115):    Launch Clock : emu|pll|pll_inst|altera_pll_i|general[1].gpll~PLL_OUTPUT_COUNTER|divclk
    Info (332115):    Latch Clock  : emu|pll|pll_inst|altera_pll_i|general[1].gpll~PLL_OUTPUT_COUNTER|divclk
    Info (332115):    Relationship : 31.907
    Info (332115):    Clock Skew   : -0.096
    Info (332115):    Data Delay   : 203.380
Info (332115): Path #83: Setup slack is -171.769 (VIOLATED)
    Info (332115):    Slack        : -171.769 (VIOLATED)
    Info (332115):    From Node    : emu:emu|mc68881_fpu_lite:fpu_inst|mc68881_top:u_fpu|fp80_to_int_trunc~28_OTERM3157
    Info (332115):    To Node      : emu:emu|mc68881_fpu_lite:fpu_inst|mc68881_top:u_fpu|result_ex_reg[2]_OTERM1537_OTERM1885_OTERM2091_OTERM2473
    Info (332115):    Launch Clock : emu|pll|pll_inst|altera_pll_i|general[1].gpll~PLL_OUTPUT_COUNTER|divclk
    Info (332115):    Latch Clock  : emu|pll|pll_inst|altera_pll_i|general[1].gpll~PLL_OUTPUT_COUNTER|divclk
    Info (332115):    Relationship : 31.907
    Info (332115):    Clock Skew   : -0.096
    Info (332115):    Data Delay   : 203.380
Info (332115): Path #84: Setup slack is -171.769 (VIOLATED)
    Info (332115):    Slack        : -171.769 (VIOLATED)
    Info (332115):    From Node    : emu:emu|mc68881_fpu_lite:fpu_inst|mc68881_top:u_fpu|fp80_to_int_trunc~28_OTERM3157
    Info (332115):    To Node      : emu:emu|mc68881_fpu_lite:fpu_inst|mc68881_top:u_fpu|result_ex_reg[2]_OTERM1537_OTERM1885_OTERM2091_OTERM2473
    Info (332115):    Launch Clock : emu|pll|pll_inst|altera_pll_i|general[1].gpll~PLL_OUTPUT_COUNTER|divclk
    Info (332115):    Latch Clock  : emu|pll|pll_inst|altera_pll_i|general[1].gpll~PLL_OUTPUT_COUNTER|divclk
    Info (332115):    Relationship : 31.907
    Info (332115):    Clock Skew   : -0.096
    Info (332115):    Data Delay   : 203.380
Info (332115): Path #85: Setup slack is -171.769 (VIOLATED)
    Info (332115):    Slack        : -171.769 (VIOLATED)
    Info (332115):    From Node    : emu:emu|mc68881_fpu_lite:fpu_inst|mc68881_top:u_fpu|fp80_to_int_trunc~28_OTERM3157
    Info (332115):    To Node      : emu:emu|mc68881_fpu_lite:fpu_inst|mc68881_top:u_fpu|result_ex_reg[2]_OTERM1537_OTERM1885_OTERM2091_OTERM2473
    Info (332115):    Launch Clock : emu|pll|pll_inst|altera_pll_i|general[1].gpll~PLL_OUTPUT_COUNTER|divclk
    Info (332115):    Latch Clock  : emu|pll|pll_inst|altera_pll_i|general[1].gpll~PLL_OUTPUT_COUNTER|divclk
    Info (332115):    Relationship : 31.907
    Info (332115):    Clock Skew   : -0.096
    Info (332115):    Data Delay   : 203.380
Info (332115): Path #86: Setup slack is -171.769 (VIOLATED)
    Info (332115):    Slack        : -171.769 (VIOLATED)
    Info (332115):    From Node    : emu:emu|mc68881_fpu_lite:fpu_inst|mc68881_top:u_fpu|fp80_to_int_trunc~28_OTERM3157
    Info (332115):    To Node      : emu:emu|mc68881_fpu_lite:fpu_inst|mc68881_top:u_fpu|result_ex_reg[2]_OTERM1537_OTERM1885_OTERM2091_OTERM2473
    Info (332115):    Launch Clock : emu|pll|pll_inst|altera_pll_i|general[1].gpll~PLL_OUTPUT_COUNTER|divclk
    Info (332115):    Latch Clock  : emu|pll|pll_inst|altera_pll_i|general[1].gpll~PLL_OUTPUT_COUNTER|divclk
    Info (332115):    Relationship : 31.907
    Info (332115):    Clock Skew   : -0.096
    Info (332115):    Data Delay   : 203.380
Info (332115): Path #87: Setup slack is -171.769 (VIOLATED)
    Info (332115):    Slack        : -171.769 (VIOLATED)
    Info (332115):    From Node    : emu:emu|mc68881_fpu_lite:fpu_inst|mc68881_top:u_fpu|fp80_to_int_trunc~28_OTERM3157
    Info (332115):    To Node      : emu:emu|mc68881_fpu_lite:fpu_inst|mc68881_top:u_fpu|result_ex_reg[2]_OTERM1537_OTERM1885_OTERM2091_OTERM2473
    Info (332115):    Launch Clock : emu|pll|pll_inst|altera_pll_i|general[1].gpll~PLL_OUTPUT_COUNTER|divclk
    Info (332115):    Latch Clock  : emu|pll|pll_inst|altera_pll_i|general[1].gpll~PLL_OUTPUT_COUNTER|divclk
    Info (332115):    Relationship : 31.907
    Info (332115):    Clock Skew   : -0.096
    Info (332115):    Data Delay   : 203.380
Info (332115): Path #88: Setup slack is -171.769 (VIOLATED)
    Info (332115):    Slack        : -171.769 (VIOLATED)
    Info (332115):    From Node    : emu:emu|mc68881_fpu_lite:fpu_inst|mc68881_top:u_fpu|fp80_to_int_trunc~28_OTERM3157
    Info (332115):    To Node      : emu:emu|mc68881_fpu_lite:fpu_inst|mc68881_top:u_fpu|result_ex_reg[2]_OTERM1537_OTERM1885_OTERM2091_OTERM2473
    Info (332115):    Launch Clock : emu|pll|pll_inst|altera_pll_i|general[1].gpll~PLL_OUTPUT_COUNTER|divclk
    Info (332115):    Latch Clock  : emu|pll|pll_inst|altera_pll_i|general[1].gpll~PLL_OUTPUT_COUNTER|divclk
    Info (332115):    Relationship : 31.907
    Info (332115):    Clock Skew   : -0.096
    Info (332115):    Data Delay   : 203.380
Info (332115): Path #89: Setup slack is -171.769 (VIOLATED)
    Info (332115):    Slack        : -171.769 (VIOLATED)
    Info (332115):    From Node    : emu:emu|mc68881_fpu_lite:fpu_inst|mc68881_top:u_fpu|fp80_to_int_trunc~28_OTERM3157
    Info (332115):    To Node      : emu:emu|mc68881_fpu_lite:fpu_inst|mc68881_top:u_fpu|result_ex_reg[2]_OTERM1537_OTERM1885_OTERM2091_OTERM2473
    Info (332115):    Launch Clock : emu|pll|pll_inst|altera_pll_i|general[1].gpll~PLL_OUTPUT_COUNTER|divclk
    Info (332115):    Latch Clock  : emu|pll|pll_inst|altera_pll_i|general[1].gpll~PLL_OUTPUT_COUNTER|divclk
    Info (332115):    Relationship : 31.907
    Info (332115):    Clock Skew   : -0.096
    Info (332115):    Data Delay   : 203.380
Info (332115): Path #90: Setup slack is -171.769 (VIOLATED)
    Info (332115):    Slack        : -171.769 (VIOLATED)
    Info (332115):    From Node    : emu:emu|mc68881_fpu_lite:fpu_inst|mc68881_top:u_fpu|fp80_to_int_trunc~28_OTERM3157
    Info (332115):    To Node      : emu:emu|mc68881_fpu_lite:fpu_inst|mc68881_top:u_fpu|result_ex_reg[2]_OTERM1537_OTERM1885_OTERM2091_OTERM2473
    Info (332115):    Launch Clock : emu|pll|pll_inst|altera_pll_i|general[1].gpll~PLL_OUTPUT_COUNTER|divclk
    Info (332115):    Latch Clock  : emu|pll|pll_inst|altera_pll_i|general[1].gpll~PLL_OUTPUT_COUNTER|divclk
    Info (332115):    Relationship : 31.907
    Info (332115):    Clock Skew   : -0.096
    Info (332115):    Data Delay   : 203.380
Info (332115): Path #91: Setup slack is -171.769 (VIOLATED)
    Info (332115):    Slack        : -171.769 (VIOLATED)
    Info (332115):    From Node    : emu:emu|mc68881_fpu_lite:fpu_inst|mc68881_top:u_fpu|fp80_to_int_trunc~28_OTERM3157
    Info (332115):    To Node      : emu:emu|mc68881_fpu_lite:fpu_inst|mc68881_top:u_fpu|result_ex_reg[2]_OTERM1537_OTERM1885_OTERM2091_OTERM2473
    Info (332115):    Launch Clock : emu|pll|pll_inst|altera_pll_i|general[1].gpll~PLL_OUTPUT_COUNTER|divclk
    Info (332115):    Latch Clock  : emu|pll|pll_inst|altera_pll_i|general[1].gpll~PLL_OUTPUT_COUNTER|divclk
    Info (332115):    Relationship : 31.907
    Info (332115):    Clock Skew   : -0.096
    Info (332115):    Data Delay   : 203.380
Info (332115): Path #92: Setup slack is -171.769 (VIOLATED)
    Info (332115):    Slack        : -171.769 (VIOLATED)
    Info (332115):    From Node    : emu:emu|mc68881_fpu_lite:fpu_inst|mc68881_top:u_fpu|fp80_to_int_trunc~28_OTERM3157
    Info (332115):    To Node      : emu:emu|mc68881_fpu_lite:fpu_inst|mc68881_top:u_fpu|result_ex_reg[2]_OTERM1537_OTERM1885_OTERM2091_OTERM2473
    Info (332115):    Launch Clock : emu|pll|pll_inst|altera_pll_i|general[1].gpll~PLL_OUTPUT_COUNTER|divclk
    Info (332115):    Latch Clock  : emu|pll|pll_inst|altera_pll_i|general[1].gpll~PLL_OUTPUT_COUNTER|divclk
    Info (332115):    Relationship : 31.907
    Info (332115):    Clock Skew   : -0.096
    Info (332115):    Data Delay   : 203.380
Info (332115): Path #93: Setup slack is -171.769 (VIOLATED)
    Info (332115):    Slack        : -171.769 (VIOLATED)
    Info (332115):    From Node    : emu:emu|mc68881_fpu_lite:fpu_inst|mc68881_top:u_fpu|fp80_to_int_trunc~28_OTERM3157
    Info (332115):    To Node      : emu:emu|mc68881_fpu_lite:fpu_inst|mc68881_top:u_fpu|result_ex_reg[2]_OTERM1537_OTERM1885_OTERM2091_OTERM2473
    Info (332115):    Launch Clock : emu|pll|pll_inst|altera_pll_i|general[1].gpll~PLL_OUTPUT_COUNTER|divclk
    Info (332115):    Latch Clock  : emu|pll|pll_inst|altera_pll_i|general[1].gpll~PLL_OUTPUT_COUNTER|divclk
    Info (332115):    Relationship : 31.907
    Info (332115):    Clock Skew   : -0.096
    Info (332115):    Data Delay   : 203.380
Info (332115): Path #94: Setup slack is -171.769 (VIOLATED)
    Info (332115):    Slack        : -171.769 (VIOLATED)
    Info (332115):    From Node    : emu:emu|mc68881_fpu_lite:fpu_inst|mc68881_top:u_fpu|fp80_to_int_trunc~28_OTERM3157
    Info (332115):    To Node      : emu:emu|mc68881_fpu_lite:fpu_inst|mc68881_top:u_fpu|result_ex_reg[2]_OTERM1537_OTERM1885_OTERM2091_OTERM2473
    Info (332115):    Launch Clock : emu|pll|pll_inst|altera_pll_i|general[1].gpll~PLL_OUTPUT_COUNTER|divclk
    Info (332115):    Latch Clock  : emu|pll|pll_inst|altera_pll_i|general[1].gpll~PLL_OUTPUT_COUNTER|divclk
    Info (332115):    Relationship : 31.907
    Info (332115):    Clock Skew   : -0.096
    Info (332115):    Data Delay   : 203.380
Info (332115): Path #95: Setup slack is -171.769 (VIOLATED)
    Info (332115):    Slack        : -171.769 (VIOLATED)
    Info (332115):    From Node    : emu:emu|mc68881_fpu_lite:fpu_inst|mc68881_top:u_fpu|fp80_to_int_trunc~28_OTERM3157
    Info (332115):    To Node      : emu:emu|mc68881_fpu_lite:fpu_inst|mc68881_top:u_fpu|result_ex_reg[2]_OTERM1537_OTERM1885_OTERM2091_OTERM2473
    Info (332115):    Launch Clock : emu|pll|pll_inst|altera_pll_i|general[1].gpll~PLL_OUTPUT_COUNTER|divclk
    Info (332115):    Latch Clock  : emu|pll|pll_inst|altera_pll_i|general[1].gpll~PLL_OUTPUT_COUNTER|divclk
    Info (332115):    Relationship : 31.907
    Info (332115):    Clock Skew   : -0.096
    Info (332115):    Data Delay   : 203.380
Info (332115): Path #96: Setup slack is -171.769 (VIOLATED)
    Info (332115):    Slack        : -171.769 (VIOLATED)
    Info (332115):    From Node    : emu:emu|mc68881_fpu_lite:fpu_inst|mc68881_top:u_fpu|fp80_to_int_trunc~28_OTERM3157
    Info (332115):    To Node      : emu:emu|mc68881_fpu_lite:fpu_inst|mc68881_top:u_fpu|result_ex_reg[2]_OTERM1537_OTERM1885_OTERM2091_OTERM2473
    Info (332115):    Launch Clock : emu|pll|pll_inst|altera_pll_i|general[1].gpll~PLL_OUTPUT_COUNTER|divclk
    Info (332115):    Latch Clock  : emu|pll|pll_inst|altera_pll_i|general[1].gpll~PLL_OUTPUT_COUNTER|divclk
    Info (332115):    Relationship : 31.907
    Info (332115):    Clock Skew   : -0.096
    Info (332115):    Data Delay   : 203.380
Info (332115): Path #97: Setup slack is -171.769 (VIOLATED)
    Info (332115):    Slack        : -171.769 (VIOLATED)
    Info (332115):    From Node    : emu:emu|mc68881_fpu_lite:fpu_inst|mc68881_top:u_fpu|fp80_to_int_trunc~28_OTERM3157
    Info (332115):    To Node      : emu:emu|mc68881_fpu_lite:fpu_inst|mc68881_top:u_fpu|result_ex_reg[2]_OTERM1537_OTERM1885_OTERM2091_OTERM2473
    Info (332115):    Launch Clock : emu|pll|pll_inst|altera_pll_i|general[1].gpll~PLL_OUTPUT_COUNTER|divclk
    Info (332115):    Latch Clock  : emu|pll|pll_inst|altera_pll_i|general[1].gpll~PLL_OUTPUT_COUNTER|divclk
    Info (332115):    Relationship : 31.907
    Info (332115):    Clock Skew   : -0.096
    Info (332115):    Data Delay   : 203.380
Info (332115): Path #98: Setup slack is -171.769 (VIOLATED)
    Info (332115):    Slack        : -171.769 (VIOLATED)
    Info (332115):    From Node    : emu:emu|mc68881_fpu_lite:fpu_inst|mc68881_top:u_fpu|fp80_to_int_trunc~28_OTERM3157
    Info (332115):    To Node      : emu:emu|mc68881_fpu_lite:fpu_inst|mc68881_top:u_fpu|result_ex_reg[2]_OTERM1537_OTERM1885_OTERM2091_OTERM2473
    Info (332115):    Launch Clock : emu|pll|pll_inst|altera_pll_i|general[1].gpll~PLL_OUTPUT_COUNTER|divclk
    Info (332115):    Latch Clock  : emu|pll|pll_inst|altera_pll_i|general[1].gpll~PLL_OUTPUT_COUNTER|divclk
    Info (332115):    Relationship : 31.907
    Info (332115):    Clock Skew   : -0.096
    Info (332115):    Data Delay   : 203.380
Info (332115): Path #99: Setup slack is -171.769 (VIOLATED)
    Info (332115):    Slack        : -171.769 (VIOLATED)
    Info (332115):    From Node    : emu:emu|mc68881_fpu_lite:fpu_inst|mc68881_top:u_fpu|fp80_to_int_trunc~28_OTERM3157
    Info (332115):    To Node      : emu:emu|mc68881_fpu_lite:fpu_inst|mc68881_top:u_fpu|result_ex_reg[2]_OTERM1537_OTERM1885_OTERM2091_OTERM2473
    Info (332115):    Launch Clock : emu|pll|pll_inst|altera_pll_i|general[1].gpll~PLL_OUTPUT_COUNTER|divclk
    Info (332115):    Latch Clock  : emu|pll|pll_inst|altera_pll_i|general[1].gpll~PLL_OUTPUT_COUNTER|divclk
    Info (332115):    Relationship : 31.907
    Info (332115):    Clock Skew   : -0.096
    Info (332115):    Data Delay   : 203.380
Info (332115): Path #100: Setup slack is -171.769 (VIOLATED)
    Info (332115):    Slack        : -171.769 (VIOLATED)
    Info (332115):    From Node    : emu:emu|mc68881_fpu_lite:fpu_inst|mc68881_top:u_fpu|fp80_to_int_trunc~28_OTERM3157
    Info (332115):    To Node      : emu:emu|mc68881_fpu_lite:fpu_inst|mc68881_top:u_fpu|result_ex_reg[2]_OTERM1537_OTERM1885_OTERM2091_OTERM2473
    Info (332115):    Launch Clock : emu|pll|pll_inst|altera_pll_i|general[1].gpll~PLL_OUTPUT_COUNTER|divclk
    Info (332115):    Latch Clock  : emu|pll|pll_inst|altera_pll_i|general[1].gpll~PLL_OUTPUT_COUNTER|divclk
    Info (332115):    Relationship : 31.907
    Info (332115):    Clock Skew   : -0.096
    Info (332115):    Data Delay   : 203.380
Info (332115): Path #101: Setup slack is -171.769 (VIOLATED)
    Info (332115):    Slack        : -171.769 (VIOLATED)
    Info (332115):    From Node    : emu:emu|mc68881_fpu_lite:fpu_inst|mc68881_top:u_fpu|fp80_to_int_trunc~28_OTERM3157
    Info (332115):    To Node      : emu:emu|mc68881_fpu_lite:fpu_inst|mc68881_top:u_fpu|result_ex_reg[2]_OTERM1537_OTERM1885_OTERM2091_OTERM2473
    Info (332115):    Launch Clock : emu|pll|pll_inst|altera_pll_i|general[1].gpll~PLL_OUTPUT_COUNTER|divclk
    Info (332115):    Latch Clock  : emu|pll|pll_inst|altera_pll_i|general[1].gpll~PLL_OUTPUT_COUNTER|divclk
    Info (332115):    Relationship : 31.907
    Info (332115):    Clock Skew   : -0.096
    Info (332115):    Data Delay   : 203.380
Info (332115): Path #102: Setup slack is -171.769 (VIOLATED)
    Info (332115):    Slack        : -171.769 (VIOLATED)
    Info (332115):    From Node    : emu:emu|mc68881_fpu_lite:fpu_inst|mc68881_top:u_fpu|fp80_to_int_trunc~28_OTERM3157
    Info (332115):    To Node      : emu:emu|mc68881_fpu_lite:fpu_inst|mc68881_top:u_fpu|result_ex_reg[2]_OTERM1537_OTERM1885_OTERM2091_OTERM2473
    Info (332115):    Launch Clock : emu|pll|pll_inst|altera_pll_i|general[1].gpll~PLL_OUTPUT_COUNTER|divclk
    Info (332115):    Latch Clock  : emu|pll|pll_inst|altera_pll_i|general[1].gpll~PLL_OUTPUT_COUNTER|divclk
    Info (332115):    Relationship : 31.907
    Info (332115):    Clock Skew   : -0.096
    Info (332115):    Data Delay   : 203.380
Info (332115): Path #103: Setup slack is -171.769 (VIOLATED)
    Info (332115):    Slack        : -171.769 (VIOLATED)
    Info (332115):    From Node    : emu:emu|mc68881_fpu_lite:fpu_inst|mc68881_top:u_fpu|fp80_to_int_trunc~28_OTERM3157
    Info (332115):    To Node      : emu:emu|mc68881_fpu_lite:fpu_inst|mc68881_top:u_fpu|result_ex_reg[2]_OTERM1537_OTERM1885_OTERM2091_OTERM2473
    Info (332115):    Launch Clock : emu|pll|pll_inst|altera_pll_i|general[1].gpll~PLL_OUTPUT_COUNTER|divclk
    Info (332115):    Latch Clock  : emu|pll|pll_inst|altera_pll_i|general[1].gpll~PLL_OUTPUT_COUNTER|divclk
    Info (332115):    Relationship : 31.907
    Info (332115):    Clock Skew   : -0.096
    Info (332115):    Data Delay   : 203.380
Info (332115): Path #104: Setup slack is -171.769 (VIOLATED)
    Info (332115):    Slack        : -171.769 (VIOLATED)
    Info (332115):    From Node    : emu:emu|mc68881_fpu_lite:fpu_inst|mc68881_top:u_fpu|fp80_to_int_trunc~28_OTERM3157
    Info (332115):    To Node      : emu:emu|mc68881_fpu_lite:fpu_inst|mc68881_top:u_fpu|result_ex_reg[2]_OTERM1537_OTERM1885_OTERM2091_OTERM2473
    Info (332115):    Launch Clock : emu|pll|pll_inst|altera_pll_i|general[1].gpll~PLL_OUTPUT_COUNTER|divclk
    Info (332115):    Latch Clock  : emu|pll|pll_inst|altera_pll_i|general[1].gpll~PLL_OUTPUT_COUNTER|divclk
    Info (332115):    Relationship : 31.907
    Info (332115):    Clock Skew   : -0.096
    Info (332115):    Data Delay   : 203.380
Info (332115): Path #105: Setup slack is -171.769 (VIOLATED)
    Info (332115):    Slack        : -171.769 (VIOLATED)
    Info (332115):    From Node    : emu:emu|mc68881_fpu_lite:fpu_inst|mc68881_top:u_fpu|fp80_to_int_trunc~28_OTERM3157
    Info (332115):    To Node      : emu:emu|mc68881_fpu_lite:fpu_inst|mc68881_top:u_fpu|result_ex_reg[2]_OTERM1537_OTERM1885_OTERM2091_OTERM2473
    Info (332115):    Launch Clock : emu|pll|pll_inst|altera_pll_i|general[1].gpll~PLL_OUTPUT_COUNTER|divclk
    Info (332115):    Latch Clock  : emu|pll|pll_inst|altera_pll_i|general[1].gpll~PLL_OUTPUT_COUNTER|divclk
    Info (332115):    Relationship : 31.907
    Info (332115):    Clock Skew   : -0.096
    Info (332115):    Data Delay   : 203.380
Info (332115): Path #106: Setup slack is -171.769 (VIOLATED)
    Info (332115):    Slack        : -171.769 (VIOLATED)
    Info (332115):    From Node    : emu:emu|mc68881_fpu_lite:fpu_inst|mc68881_top:u_fpu|fp80_to_int_trunc~28_OTERM3157
    Info (332115):    To Node      : emu:emu|mc68881_fpu_lite:fpu_inst|mc68881_top:u_fpu|result_ex_reg[2]_OTERM1537_OTERM1885_OTERM2091_OTERM2473
    Info (332115):    Launch Clock : emu|pll|pll_inst|altera_pll_i|general[1].gpll~PLL_OUTPUT_COUNTER|divclk
    Info (332115):    Latch Clock  : emu|pll|pll_inst|altera_pll_i|general[1].gpll~PLL_OUTPUT_COUNTER|divclk
    Info (332115):    Relationship : 31.907
    Info (332115):    Clock Skew   : -0.096
    Info (332115):    Data Delay   : 203.380
Info (332115): Path #107: Setup slack is -171.769 (VIOLATED)
    Info (332115):    Slack        : -171.769 (VIOLATED)
    Info (332115):    From Node    : emu:emu|mc68881_fpu_lite:fpu_inst|mc68881_top:u_fpu|fp80_to_int_trunc~28_OTERM3157
    Info (332115):    To Node      : emu:emu|mc68881_fpu_lite:fpu_inst|mc68881_top:u_fpu|result_ex_reg[2]_OTERM1537_OTERM1885_OTERM2091_OTERM2473
    Info (332115):    Launch Clock : emu|pll|pll_inst|altera_pll_i|general[1].gpll~PLL_OUTPUT_COUNTER|divclk
    Info (332115):    Latch Clock  : emu|pll|pll_inst|altera_pll_i|general[1].gpll~PLL_OUTPUT_COUNTER|divclk
    Info (332115):    Relationship : 31.907
    Info (332115):    Clock Skew   : -0.096
    Info (332115):    Data Delay   : 203.380
Info (332115): Path #108: Setup slack is -171.769 (VIOLATED)
    Info (332115):    Slack        : -171.769 (VIOLATED)
    Info (332115):    From Node    : emu:emu|mc68881_fpu_lite:fpu_inst|mc68881_top:u_fpu|fp80_to_int_trunc~28_OTERM3157
    Info (332115):    To Node      : emu:emu|mc68881_fpu_lite:fpu_inst|mc68881_top:u_fpu|result_ex_reg[2]_OTERM1537_OTERM1885_OTERM2091_OTERM2473
    Info (332115):    Launch Clock : emu|pll|pll_inst|altera_pll_i|general[1].gpll~PLL_OUTPUT_COUNTER|divclk
    Info (332115):    Latch Clock  : emu|pll|pll_inst|altera_pll_i|general[1].gpll~PLL_OUTPUT_COUNTER|divclk
    Info (332115):    Relationship : 31.907
    Info (332115):    Clock Skew   : -0.096
    Info (332115):    Data Delay   : 203.380
Info (332115): Path #109: Setup slack is -171.769 (VIOLATED)
    Info (332115):    Slack        : -171.769 (VIOLATED)
    Info (332115):    From Node    : emu:emu|mc68881_fpu_lite:fpu_inst|mc68881_top:u_fpu|fp80_to_int_trunc~28_OTERM3157
    Info (332115):    To Node      : emu:emu|mc68881_fpu_lite:fpu_inst|mc68881_top:u_fpu|result_ex_reg[2]_OTERM1537_OTERM1885_OTERM2091_OTERM2473
    Info (332115):    Launch Clock : emu|pll|pll_inst|altera_pll_i|general[1].gpll~PLL_OUTPUT_COUNTER|divclk
    Info (332115):    Latch Clock  : emu|pll|pll_inst|altera_pll_i|general[1].gpll~PLL_OUTPUT_COUNTER|divclk
    Info (332115):    Relationship : 31.907
    Info (332115):    Clock Skew   : -0.096
    Info (332115):    Data Delay   : 203.380
Info (332115): Path #110: Setup slack is -171.769 (VIOLATED)
    Info (332115):    Slack        : -171.769 (VIOLATED)
    Info (332115):    From Node    : emu:emu|mc68881_fpu_lite:fpu_inst|mc68881_top:u_fpu|fp80_to_int_trunc~28_OTERM3157
    Info (332115):    To Node      : emu:emu|mc68881_fpu_lite:fpu_inst|mc68881_top:u_fpu|result_ex_reg[2]_OTERM1537_OTERM1885_OTERM2091_OTERM2473
    Info (332115):    Launch Clock : emu|pll|pll_inst|altera_pll_i|general[1].gpll~PLL_OUTPUT_COUNTER|divclk
    Info (332115):    Latch Clock  : emu|pll|pll_inst|altera_pll_i|general[1].gpll~PLL_OUTPUT_COUNTER|divclk
    Info (332115):    Relationship : 31.907
    Info (332115):    Clock Skew   : -0.096
    Info (332115):    Data Delay   : 203.380
Info (332115): Path #111: Setup slack is -171.769 (VIOLATED)
    Info (332115):    Slack        : -171.769 (VIOLATED)
    Info (332115):    From Node    : emu:emu|mc68881_fpu_lite:fpu_inst|mc68881_top:u_fpu|fp80_to_int_trunc~28_OTERM3157
    Info (332115):    To Node      : emu:emu|mc68881_fpu_lite:fpu_inst|mc68881_top:u_fpu|result_ex_reg[2]_OTERM1537_OTERM1885_OTERM2091_OTERM2473
    Info (332115):    Launch Clock : emu|pll|pll_inst|altera_pll_i|general[1].gpll~PLL_OUTPUT_COUNTER|divclk
    Info (332115):    Latch Clock  : emu|pll|pll_inst|altera_pll_i|general[1].gpll~PLL_OUTPUT_COUNTER|divclk
    Info (332115):    Relationship : 31.907
    Info (332115):    Clock Skew   : -0.096
    Info (332115):    Data Delay   : 203.380
Info (332115): Path #112: Setup slack is -171.769 (VIOLATED)
    Info (332115):    Slack        : -171.769 (VIOLATED)
    Info (332115):    From Node    : emu:emu|mc68881_fpu_lite:fpu_inst|mc68881_top:u_fpu|fp80_to_int_trunc~28_OTERM3157
    Info (332115):    To Node      : emu:emu|mc68881_fpu_lite:fpu_inst|mc68881_top:u_fpu|result_ex_reg[2]_OTERM1537_OTERM1885_OTERM2091_OTERM2473
    Info (332115):    Launch Clock : emu|pll|pll_inst|altera_pll_i|general[1].gpll~PLL_OUTPUT_COUNTER|divclk
    Info (332115):    Latch Clock  : emu|pll|pll_inst|altera_pll_i|general[1].gpll~PLL_OUTPUT_COUNTER|divclk
    Info (332115):    Relationship : 31.907
    Info (332115):    Clock Skew   : -0.096
    Info (332115):    Data Delay   : 203.380
Info (332115): Path #113: Setup slack is -171.769 (VIOLATED)
    Info (332115):    Slack        : -171.769 (VIOLATED)
    Info (332115):    From Node    : emu:emu|mc68881_fpu_lite:fpu_inst|mc68881_top:u_fpu|fp80_to_int_trunc~28_OTERM3157
    Info (332115):    To Node      : emu:emu|mc68881_fpu_lite:fpu_inst|mc68881_top:u_fpu|result_ex_reg[2]_OTERM1537_OTERM1885_OTERM2091_OTERM2473
    Info (332115):    Launch Clock : emu|pll|pll_inst|altera_pll_i|general[1].gpll~PLL_OUTPUT_COUNTER|divclk
    Info (332115):    Latch Clock  : emu|pll|pll_inst|altera_pll_i|general[1].gpll~PLL_OUTPUT_COUNTER|divclk
    Info (332115):    Relationship : 31.907
    Info (332115):    Clock Skew   : -0.096
    Info (332115):    Data Delay   : 203.380
Info (332115): Path #114: Setup slack is -171.769 (VIOLATED)
    Info (332115):    Slack        : -171.769 (VIOLATED)
    Info (332115):    From Node    : emu:emu|mc68881_fpu_lite:fpu_inst|mc68881_top:u_fpu|fp80_to_int_trunc~28_OTERM3157
    Info (332115):    To Node      : emu:emu|mc68881_fpu_lite:fpu_inst|mc68881_top:u_fpu|result_ex_reg[2]_OTERM1537_OTERM1885_OTERM2091_OTERM2473
    Info (332115):    Launch Clock : emu|pll|pll_inst|altera_pll_i|general[1].gpll~PLL_OUTPUT_COUNTER|divclk
    Info (332115):    Latch Clock  : emu|pll|pll_inst|altera_pll_i|general[1].gpll~PLL_OUTPUT_COUNTER|divclk
    Info (332115):    Relationship : 31.907
    Info (332115):    Clock Skew   : -0.096
    Info (332115):    Data Delay   : 203.380
Info (332115): Path #115: Setup slack is -171.769 (VIOLATED)
    Info (332115):    Slack        : -171.769 (VIOLATED)
    Info (332115):    From Node    : emu:emu|mc68881_fpu_lite:fpu_inst|mc68881_top:u_fpu|fp80_to_int_trunc~28_OTERM3157
    Info (332115):    To Node      : emu:emu|mc68881_fpu_lite:fpu_inst|mc68881_top:u_fpu|result_ex_reg[2]_OTERM1537_OTERM1885_OTERM2091_OTERM2473
    Info (332115):    Launch Clock : emu|pll|pll_inst|altera_pll_i|general[1].gpll~PLL_OUTPUT_COUNTER|divclk
    Info (332115):    Latch Clock  : emu|pll|pll_inst|altera_pll_i|general[1].gpll~PLL_OUTPUT_COUNTER|divclk
    Info (332115):    Relationship : 31.907
    Info (332115):    Clock Skew   : -0.096
    Info (332115):    Data Delay   : 203.380
Info (332115): Path #116: Setup slack is -171.769 (VIOLATED)
    Info (332115):    Slack        : -171.769 (VIOLATED)
    Info (332115):    From Node    : emu:emu|mc68881_fpu_lite:fpu_inst|mc68881_top:u_fpu|fp80_to_int_trunc~28_OTERM3157
    Info (332115):    To Node      : emu:emu|mc68881_fpu_lite:fpu_inst|mc68881_top:u_fpu|result_ex_reg[2]_OTERM1537_OTERM1885_OTERM2091_OTERM2473
    Info (332115):    Launch Clock : emu|pll|pll_inst|altera_pll_i|general[1].gpll~PLL_OUTPUT_COUNTER|divclk
    Info (332115):    Latch Clock  : emu|pll|pll_inst|altera_pll_i|general[1].gpll~PLL_OUTPUT_COUNTER|divclk
    Info (332115):    Relationship : 31.907
    Info (332115):    Clock Skew   : -0.096
    Info (332115):    Data Delay   : 203.380
Info (332115): Path #117: Setup slack is -171.769 (VIOLATED)
    Info (332115):    Slack        : -171.769 (VIOLATED)
    Info (332115):    From Node    : emu:emu|mc68881_fpu_lite:fpu_inst|mc68881_top:u_fpu|fp80_to_int_trunc~28_OTERM3157
    Info (332115):    To Node      : emu:emu|mc68881_fpu_lite:fpu_inst|mc68881_top:u_fpu|result_ex_reg[2]_OTERM1537_OTERM1885_OTERM2091_OTERM2473
    Info (332115):    Launch Clock : emu|pll|pll_inst|altera_pll_i|general[1].gpll~PLL_OUTPUT_COUNTER|divclk
    Info (332115):    Latch Clock  : emu|pll|pll_inst|altera_pll_i|general[1].gpll~PLL_OUTPUT_COUNTER|divclk
    Info (332115):    Relationship : 31.907
    Info (332115):    Clock Skew   : -0.096
    Info (332115):    Data Delay   : 203.380
Info (332115): Path #118: Setup slack is -171.769 (VIOLATED)
    Info (332115):    Slack        : -171.769 (VIOLATED)
    Info (332115):    From Node    : emu:emu|mc68881_fpu_lite:fpu_inst|mc68881_top:u_fpu|fp80_to_int_trunc~28_OTERM3157
    Info (332115):    To Node      : emu:emu|mc68881_fpu_lite:fpu_inst|mc68881_top:u_fpu|result_ex_reg[2]_OTERM1537_OTERM1885_OTERM2091_OTERM2473
    Info (332115):    Launch Clock : emu|pll|pll_inst|altera_pll_i|general[1].gpll~PLL_OUTPUT_COUNTER|divclk
    Info (332115):    Latch Clock  : emu|pll|pll_inst|altera_pll_i|general[1].gpll~PLL_OUTPUT_COUNTER|divclk
    Info (332115):    Relationship : 31.907
    Info (332115):    Clock Skew   : -0.096
    Info (332115):    Data Delay   : 203.380
Info (332115): Path #119: Setup slack is -171.769 (VIOLATED)
    Info (332115):    Slack        : -171.769 (VIOLATED)
    Info (332115):    From Node    : emu:emu|mc68881_fpu_lite:fpu_inst|mc68881_top:u_fpu|fp80_to_int_trunc~28_OTERM3157
    Info (332115):    To Node      : emu:emu|mc68881_fpu_lite:fpu_inst|mc68881_top:u_fpu|result_ex_reg[2]_OTERM1537_OTERM1885_OTERM2091_OTERM2473
    Info (332115):    Launch Clock : emu|pll|pll_inst|altera_pll_i|general[1].gpll~PLL_OUTPUT_COUNTER|divclk
    Info (332115):    Latch Clock  : emu|pll|pll_inst|altera_pll_i|general[1].gpll~PLL_OUTPUT_COUNTER|divclk
    Info (332115):    Relationship : 31.907
    Info (332115):    Clock Skew   : -0.096
    Info (332115):    Data Delay   : 203.380
Info (332115): Path #120: Setup slack is -171.769 (VIOLATED)
    Info (332115):    Slack        : -171.769 (VIOLATED)
    Info (332115):    From Node    : emu:emu|mc68881_fpu_lite:fpu_inst|mc68881_top:u_fpu|fp80_to_int_trunc~28_OTERM3157
    Info (332115):    To Node      : emu:emu|mc68881_fpu_lite:fpu_inst|mc68881_top:u_fpu|result_ex_reg[2]_OTERM1537_OTERM1885_OTERM2091_OTERM2473
    Info (332115):    Launch Clock : emu|pll|pll_inst|altera_pll_i|general[1].gpll~PLL_OUTPUT_COUNTER|divclk
    Info (332115):    Latch Clock  : emu|pll|pll_inst|altera_pll_i|general[1].gpll~PLL_OUTPUT_COUNTER|divclk
    Info (332115):    Relationship : 31.907
    Info (332115):    Clock Skew   : -0.096
    Info (332115):    Data Delay   : 203.380
Info (332115): Path #121: Setup slack is -171.769 (VIOLATED)
    Info (332115):    Slack        : -171.769 (VIOLATED)
    Info (332115):    From Node    : emu:emu|mc68881_fpu_lite:fpu_inst|mc68881_top:u_fpu|fp80_to_int_trunc~28_OTERM3157
    Info (332115):    To Node      : emu:emu|mc68881_fpu_lite:fpu_inst|mc68881_top:u_fpu|result_ex_reg[2]_OTERM1537_OTERM1885_OTERM2091_OTERM2473
    Info (332115):    Launch Clock : emu|pll|pll_inst|altera_pll_i|general[1].gpll~PLL_OUTPUT_COUNTER|divclk
    Info (332115):    Latch Clock  : emu|pll|pll_inst|altera_pll_i|general[1].gpll~PLL_OUTPUT_COUNTER|divclk
    Info (332115):    Relationship : 31.907
    Info (332115):    Clock Skew   : -0.096
    Info (332115):    Data Delay   : 203.380
Info (332115): Path #122: Setup slack is -171.769 (VIOLATED)
    Info (332115):    Slack        : -171.769 (VIOLATED)
    Info (332115):    From Node    : emu:emu|mc68881_fpu_lite:fpu_inst|mc68881_top:u_fpu|fp80_to_int_trunc~28_OTERM3157
    Info (332115):    To Node      : emu:emu|mc68881_fpu_lite:fpu_inst|mc68881_top:u_fpu|result_ex_reg[2]_OTERM1537_OTERM1885_OTERM2091_OTERM2473
    Info (332115):    Launch Clock : emu|pll|pll_inst|altera_pll_i|general[1].gpll~PLL_OUTPUT_COUNTER|divclk
    Info (332115):    Latch Clock  : emu|pll|pll_inst|altera_pll_i|general[1].gpll~PLL_OUTPUT_COUNTER|divclk
    Info (332115):    Relationship : 31.907
    Info (332115):    Clock Skew   : -0.096
    Info (332115):    Data Delay   : 203.380
Info (332115): Path #123: Setup slack is -171.769 (VIOLATED)
    Info (332115):    Slack        : -171.769 (VIOLATED)
    Info (332115):    From Node    : emu:emu|mc68881_fpu_lite:fpu_inst|mc68881_top:u_fpu|fp80_to_int_trunc~28_OTERM3157
    Info (332115):    To Node      : emu:emu|mc68881_fpu_lite:fpu_inst|mc68881_top:u_fpu|result_ex_reg[2]_OTERM1537_OTERM1885_OTERM2091_OTERM2473
    Info (332115):    Launch Clock : emu|pll|pll_inst|altera_pll_i|general[1].gpll~PLL_OUTPUT_COUNTER|divclk
    Info (332115):    Latch Clock  : emu|pll|pll_inst|altera_pll_i|general[1].gpll~PLL_OUTPUT_COUNTER|divclk
    Info (332115):    Relationship : 31.907
    Info (332115):    Clock Skew   : -0.096
    Info (332115):    Data Delay   : 203.380
Info (332115): Path #124: Setup slack is -171.769 (VIOLATED)
    Info (332115):    Slack        : -171.769 (VIOLATED)
    Info (332115):    From Node    : emu:emu|mc68881_fpu_lite:fpu_inst|mc68881_top:u_fpu|fp80_to_int_trunc~28_OTERM3157
    Info (332115):    To Node      : emu:emu|mc68881_fpu_lite:fpu_inst|mc68881_top:u_fpu|result_ex_reg[2]_OTERM1537_OTERM1885_OTERM2091_OTERM2473
    Info (332115):    Launch Clock : emu|pll|pll_inst|altera_pll_i|general[1].gpll~PLL_OUTPUT_COUNTER|divclk
    Info (332115):    Latch Clock  : emu|pll|pll_inst|altera_pll_i|general[1].gpll~PLL_OUTPUT_COUNTER|divclk
    Info (332115):    Relationship : 31.907
    Info (332115):    Clock Skew   : -0.096
    Info (332115):    Data Delay   : 203.380
Info (332115): Path #125: Setup slack is -171.769 (VIOLATED)
    Info (332115):    Slack        : -171.769 (VIOLATED)
    Info (332115):    From Node    : emu:emu|mc68881_fpu_lite:fpu_inst|mc68881_top:u_fpu|fp80_to_int_trunc~28_OTERM3157
    Info (332115):    To Node      : emu:emu|mc68881_fpu_lite:fpu_inst|mc68881_top:u_fpu|result_ex_reg[2]_OTERM1537_OTERM1885_OTERM2091_OTERM2473
    Info (332115):    Launch Clock : emu|pll|pll_inst|altera_pll_i|general[1].gpll~PLL_OUTPUT_COUNTER|divclk
    Info (332115):    Latch Clock  : emu|pll|pll_inst|altera_pll_i|general[1].gpll~PLL_OUTPUT_COUNTER|divclk
    Info (332115):    Relationship : 31.907
    Info (332115):    Clock Skew   : -0.096
    Info (332115):    Data Delay   : 203.380
Info (332115): Path #126: Setup slack is -171.769 (VIOLATED)
    Info (332115):    Slack        : -171.769 (VIOLATED)
    Info (332115):    From Node    : emu:emu|mc68881_fpu_lite:fpu_inst|mc68881_top:u_fpu|fp80_to_int_trunc~28_OTERM3157
    Info (332115):    To Node      : emu:emu|mc68881_fpu_lite:fpu_inst|mc68881_top:u_fpu|result_ex_reg[2]_OTERM1537_OTERM1885_OTERM2091_OTERM2473
    Info (332115):    Launch Clock : emu|pll|pll_inst|altera_pll_i|general[1].gpll~PLL_OUTPUT_COUNTER|divclk
    Info (332115):    Latch Clock  : emu|pll|pll_inst|altera_pll_i|general[1].gpll~PLL_OUTPUT_COUNTER|divclk
    Info (332115):    Relationship : 31.907
    Info (332115):    Clock Skew   : -0.096
    Info (332115):    Data Delay   : 203.380
Info (332115): Path #127: Setup slack is -171.769 (VIOLATED)
    Info (332115):    Slack        : -171.769 (VIOLATED)
    Info (332115):    From Node    : emu:emu|mc68881_fpu_lite:fpu_inst|mc68881_top:u_fpu|fp80_to_int_trunc~28_OTERM3157
    Info (332115):    To Node      : emu:emu|mc68881_fpu_lite:fpu_inst|mc68881_top:u_fpu|result_ex_reg[2]_OTERM1537_OTERM1885_OTERM2091_OTERM2473
    Info (332115):    Launch Clock : emu|pll|pll_inst|altera_pll_i|general[1].gpll~PLL_OUTPUT_COUNTER|divclk
    Info (332115):    Latch Clock  : emu|pll|pll_inst|altera_pll_i|general[1].gpll~PLL_OUTPUT_COUNTER|divclk
    Info (332115):    Relationship : 31.907
    Info (332115):    Clock Skew   : -0.096
    Info (332115):    Data Delay   : 203.380
Info (332115): Path #128: Setup slack is -171.769 (VIOLATED)
    Info (332115):    Slack        : -171.769 (VIOLATED)
    Info (332115):    From Node    : emu:emu|mc68881_fpu_lite:fpu_inst|mc68881_top:u_fpu|fp80_to_int_trunc~28_OTERM3157
    Info (332115):    To Node      : emu:emu|mc68881_fpu_lite:fpu_inst|mc68881_top:u_fpu|result_ex_reg[2]_OTERM1537_OTERM1885_OTERM2091_OTERM2473
    Info (332115):    Launch Clock : emu|pll|pll_inst|altera_pll_i|general[1].gpll~PLL_OUTPUT_COUNTER|divclk
    Info (332115):    Latch Clock  : emu|pll|pll_inst|altera_pll_i|general[1].gpll~PLL_OUTPUT_COUNTER|divclk
    Info (332115):    Relationship : 31.907
    Info (332115):    Clock Skew   : -0.096
    Info (332115):    Data Delay   : 203.380
Info (332115): Path #129: Setup slack is -171.769 (VIOLATED)
    Info (332115):    Slack        : -171.769 (VIOLATED)
    Info (332115):    From Node    : emu:emu|mc68881_fpu_lite:fpu_inst|mc68881_top:u_fpu|fp80_to_int_trunc~28_OTERM3157
    Info (332115):    To Node      : emu:emu|mc68881_fpu_lite:fpu_inst|mc68881_top:u_fpu|result_ex_reg[2]_OTERM1537_OTERM1885_OTERM2091_OTERM2473
    Info (332115):    Launch Clock : emu|pll|pll_inst|altera_pll_i|general[1].gpll~PLL_OUTPUT_COUNTER|divclk
    Info (332115):    Latch Clock  : emu|pll|pll_inst|altera_pll_i|general[1].gpll~PLL_OUTPUT_COUNTER|divclk
    Info (332115):    Relationship : 31.907
    Info (332115):    Clock Skew   : -0.096
    Info (332115):    Data Delay   : 203.380
Info (332115): Path #130: Setup slack is -171.769 (VIOLATED)
    Info (332115):    Slack        : -171.769 (VIOLATED)
    Info (332115):    From Node    : emu:emu|mc68881_fpu_lite:fpu_inst|mc68881_top:u_fpu|fp80_to_int_trunc~28_OTERM3157
    Info (332115):    To Node      : emu:emu|mc68881_fpu_lite:fpu_inst|mc68881_top:u_fpu|result_ex_reg[2]_OTERM1537_OTERM1885_OTERM2091_OTERM2473
    Info (332115):    Launch Clock : emu|pll|pll_inst|altera_pll_i|general[1].gpll~PLL_OUTPUT_COUNTER|divclk
    Info (332115):    Latch Clock  : emu|pll|pll_inst|altera_pll_i|general[1].gpll~PLL_OUTPUT_COUNTER|divclk
    Info (332115):    Relationship : 31.907
    Info (332115):    Clock Skew   : -0.096
    Info (332115):    Data Delay   : 203.380
Info (332115): Path #131: Setup slack is -171.769 (VIOLATED)
    Info (332115):    Slack        : -171.769 (VIOLATED)
    Info (332115):    From Node    : emu:emu|mc68881_fpu_lite:fpu_inst|mc68881_top:u_fpu|fp80_to_int_trunc~28_OTERM3157
    Info (332115):    To Node      : emu:emu|mc68881_fpu_lite:fpu_inst|mc68881_top:u_fpu|result_ex_reg[2]_OTERM1537_OTERM1885_OTERM2091_OTERM2473
    Info (332115):    Launch Clock : emu|pll|pll_inst|altera_pll_i|general[1].gpll~PLL_OUTPUT_COUNTER|divclk
    Info (332115):    Latch Clock  : emu|pll|pll_inst|altera_pll_i|general[1].gpll~PLL_OUTPUT_COUNTER|divclk
    Info (332115):    Relationship : 31.907
    Info (332115):    Clock Skew   : -0.096
    Info (332115):    Data Delay   : 203.380
Info (332115): Path #132: Setup slack is -171.769 (VIOLATED)
    Info (332115):    Slack        : -171.769 (VIOLATED)
    Info (332115):    From Node    : emu:emu|mc68881_fpu_lite:fpu_inst|mc68881_top:u_fpu|fp80_to_int_trunc~28_OTERM3157
    Info (332115):    To Node      : emu:emu|mc68881_fpu_lite:fpu_inst|mc68881_top:u_fpu|result_ex_reg[2]_OTERM1537_OTERM1885_OTERM2091_OTERM2473
    Info (332115):    Launch Clock : emu|pll|pll_inst|altera_pll_i|general[1].gpll~PLL_OUTPUT_COUNTER|divclk
    Info (332115):    Latch Clock  : emu|pll|pll_inst|altera_pll_i|general[1].gpll~PLL_OUTPUT_COUNTER|divclk
    Info (332115):    Relationship : 31.907
    Info (332115):    Clock Skew   : -0.096
    Info (332115):    Data Delay   : 203.380
Info (332115): Path #133: Setup slack is -171.769 (VIOLATED)
    Info (332115):    Slack        : -171.769 (VIOLATED)
    Info (332115):    From Node    : emu:emu|mc68881_fpu_lite:fpu_inst|mc68881_top:u_fpu|fp80_to_int_trunc~28_OTERM3157
    Info (332115):    To Node      : emu:emu|mc68881_fpu_lite:fpu_inst|mc68881_top:u_fpu|result_ex_reg[2]_OTERM1537_OTERM1885_OTERM2091_OTERM2473
    Info (332115):    Launch Clock : emu|pll|pll_inst|altera_pll_i|general[1].gpll~PLL_OUTPUT_COUNTER|divclk
    Info (332115):    Latch Clock  : emu|pll|pll_inst|altera_pll_i|general[1].gpll~PLL_OUTPUT_COUNTER|divclk
    Info (332115):    Relationship : 31.907
    Info (332115):    Clock Skew   : -0.096
    Info (332115):    Data Delay   : 203.380
Info (332115): Path #134: Setup slack is -171.769 (VIOLATED)
    Info (332115):    Slack        : -171.769 (VIOLATED)
    Info (332115):    From Node    : emu:emu|mc68881_fpu_lite:fpu_inst|mc68881_top:u_fpu|fp80_to_int_trunc~28_OTERM3157
    Info (332115):    To Node      : emu:emu|mc68881_fpu_lite:fpu_inst|mc68881_top:u_fpu|result_ex_reg[2]_OTERM1537_OTERM1885_OTERM2091_OTERM2473
    Info (332115):    Launch Clock : emu|pll|pll_inst|altera_pll_i|general[1].gpll~PLL_OUTPUT_COUNTER|divclk
    Info (332115):    Latch Clock  : emu|pll|pll_inst|altera_pll_i|general[1].gpll~PLL_OUTPUT_COUNTER|divclk
    Info (332115):    Relationship : 31.907
    Info (332115):    Clock Skew   : -0.096
    Info (332115):    Data Delay   : 203.380
Info (332115): Path #135: Setup slack is -171.769 (VIOLATED)
    Info (332115):    Slack        : -171.769 (VIOLATED)
    Info (332115):    From Node    : emu:emu|mc68881_fpu_lite:fpu_inst|mc68881_top:u_fpu|fp80_to_int_trunc~28_OTERM3157
    Info (332115):    To Node      : emu:emu|mc68881_fpu_lite:fpu_inst|mc68881_top:u_fpu|result_ex_reg[2]_OTERM1537_OTERM1885_OTERM2091_OTERM2473
    Info (332115):    Launch Clock : emu|pll|pll_inst|altera_pll_i|general[1].gpll~PLL_OUTPUT_COUNTER|divclk
    Info (332115):    Latch Clock  : emu|pll|pll_inst|altera_pll_i|general[1].gpll~PLL_OUTPUT_COUNTER|divclk
    Info (332115):    Relationship : 31.907
    Info (332115):    Clock Skew   : -0.096
    Info (332115):    Data Delay   : 203.380
Info (332115): Path #136: Setup slack is -171.769 (VIOLATED)
    Info (332115):    Slack        : -171.769 (VIOLATED)
    Info (332115):    From Node    : emu:emu|mc68881_fpu_lite:fpu_inst|mc68881_top:u_fpu|fp80_to_int_trunc~28_OTERM3157
    Info (332115):    To Node      : emu:emu|mc68881_fpu_lite:fpu_inst|mc68881_top:u_fpu|result_ex_reg[2]_OTERM1537_OTERM1885_OTERM2091_OTERM2473
    Info (332115):    Launch Clock : emu|pll|pll_inst|altera_pll_i|general[1].gpll~PLL_OUTPUT_COUNTER|divclk
    Info (332115):    Latch Clock  : emu|pll|pll_inst|altera_pll_i|general[1].gpll~PLL_OUTPUT_COUNTER|divclk
    Info (332115):    Relationship : 31.907
    Info (332115):    Clock Skew   : -0.096
    Info (332115):    Data Delay   : 203.380
Info (332115): Path #137: Setup slack is -171.769 (VIOLATED)
    Info (332115):    Slack        : -171.769 (VIOLATED)
    Info (332115):    From Node    : emu:emu|mc68881_fpu_lite:fpu_inst|mc68881_top:u_fpu|fp80_to_int_trunc~28_OTERM3157
    Info (332115):    To Node      : emu:emu|mc68881_fpu_lite:fpu_inst|mc68881_top:u_fpu|result_ex_reg[2]_OTERM1537_OTERM1885_OTERM2091_OTERM2473
    Info (332115):    Launch Clock : emu|pll|pll_inst|altera_pll_i|general[1].gpll~PLL_OUTPUT_COUNTER|divclk
    Info (332115):    Latch Clock  : emu|pll|pll_inst|altera_pll_i|general[1].gpll~PLL_OUTPUT_COUNTER|divclk
    Info (332115):    Relationship : 31.907
    Info (332115):    Clock Skew   : -0.096
    Info (332115):    Data Delay   : 203.380
Info (332115): Path #138: Setup slack is -171.769 (VIOLATED)
    Info (332115):    Slack        : -171.769 (VIOLATED)
    Info (332115):    From Node    : emu:emu|mc68881_fpu_lite:fpu_inst|mc68881_top:u_fpu|fp80_to_int_trunc~28_OTERM3157
    Info (332115):    To Node      : emu:emu|mc68881_fpu_lite:fpu_inst|mc68881_top:u_fpu|result_ex_reg[2]_OTERM1537_OTERM1885_OTERM2091_OTERM2473
    Info (332115):    Launch Clock : emu|pll|pll_inst|altera_pll_i|general[1].gpll~PLL_OUTPUT_COUNTER|divclk
    Info (332115):    Latch Clock  : emu|pll|pll_inst|altera_pll_i|general[1].gpll~PLL_OUTPUT_COUNTER|divclk
    Info (332115):    Relationship : 31.907
    Info (332115):    Clock Skew   : -0.096
    Info (332115):    Data Delay   : 203.380
Info (332115): Path #139: Setup slack is -171.769 (VIOLATED)
    Info (332115):    Slack        : -171.769 (VIOLATED)
    Info (332115):    From Node    : emu:emu|mc68881_fpu_lite:fpu_inst|mc68881_top:u_fpu|fp80_to_int_trunc~28_OTERM3157
    Info (332115):    To Node      : emu:emu|mc68881_fpu_lite:fpu_inst|mc68881_top:u_fpu|result_ex_reg[2]_OTERM1537_OTERM1885_OTERM2091_OTERM2473
    Info (332115):    Launch Clock : emu|pll|pll_inst|altera_pll_i|general[1].gpll~PLL_OUTPUT_COUNTER|divclk
    Info (332115):    Latch Clock  : emu|pll|pll_inst|altera_pll_i|general[1].gpll~PLL_OUTPUT_COUNTER|divclk
    Info (332115):    Relationship : 31.907
    Info (332115):    Clock Skew   : -0.096
    Info (332115):    Data Delay   : 203.380
Info (332115): Path #140: Setup slack is -171.769 (VIOLATED)
    Info (332115):    Slack        : -171.769 (VIOLATED)
    Info (332115):    From Node    : emu:emu|mc68881_fpu_lite:fpu_inst|mc68881_top:u_fpu|fp80_to_int_trunc~28_OTERM3157
    Info (332115):    To Node      : emu:emu|mc68881_fpu_lite:fpu_inst|mc68881_top:u_fpu|result_ex_reg[2]_OTERM1537_OTERM1885_OTERM2091_OTERM2473
    Info (332115):    Launch Clock : emu|pll|pll_inst|altera_pll_i|general[1].gpll~PLL_OUTPUT_COUNTER|divclk
    Info (332115):    Latch Clock  : emu|pll|pll_inst|altera_pll_i|general[1].gpll~PLL_OUTPUT_COUNTER|divclk
    Info (332115):    Relationship : 31.907
    Info (332115):    Clock Skew   : -0.096
    Info (332115):    Data Delay   : 203.380
Info (332115): Path #141: Setup slack is -171.769 (VIOLATED)
    Info (332115):    Slack        : -171.769 (VIOLATED)
    Info (332115):    From Node    : emu:emu|mc68881_fpu_lite:fpu_inst|mc68881_top:u_fpu|fp80_to_int_trunc~28_OTERM3157
    Info (332115):    To Node      : emu:emu|mc68881_fpu_lite:fpu_inst|mc68881_top:u_fpu|result_ex_reg[2]_OTERM1537_OTERM1885_OTERM2091_OTERM2473
    Info (332115):    Launch Clock : emu|pll|pll_inst|altera_pll_i|general[1].gpll~PLL_OUTPUT_COUNTER|divclk
    Info (332115):    Latch Clock  : emu|pll|pll_inst|altera_pll_i|general[1].gpll~PLL_OUTPUT_COUNTER|divclk
    Info (332115):    Relationship : 31.907
    Info (332115):    Clock Skew   : -0.096
    Info (332115):    Data Delay   : 203.380
Info (332115): Path #142: Setup slack is -171.769 (VIOLATED)
    Info (332115):    Slack        : -171.769 (VIOLATED)
    Info (332115):    From Node    : emu:emu|mc68881_fpu_lite:fpu_inst|mc68881_top:u_fpu|fp80_to_int_trunc~28_OTERM3157
    Info (332115):    To Node      : emu:emu|mc68881_fpu_lite:fpu_inst|mc68881_top:u_fpu|result_ex_reg[2]_OTERM1537_OTERM1885_OTERM2091_OTERM2473
    Info (332115):    Launch Clock : emu|pll|pll_inst|altera_pll_i|general[1].gpll~PLL_OUTPUT_COUNTER|divclk
    Info (332115):    Latch Clock  : emu|pll|pll_inst|altera_pll_i|general[1].gpll~PLL_OUTPUT_COUNTER|divclk
    Info (332115):    Relationship : 31.907
    Info (332115):    Clock Skew   : -0.096
    Info (332115):    Data Delay   : 203.380
Info (332115): Path #143: Setup slack is -171.769 (VIOLATED)
    Info (332115):    Slack        : -171.769 (VIOLATED)
    Info (332115):    From Node    : emu:emu|mc68881_fpu_lite:fpu_inst|mc68881_top:u_fpu|fp80_to_int_trunc~28_OTERM3157
    Info (332115):    To Node      : emu:emu|mc68881_fpu_lite:fpu_inst|mc68881_top:u_fpu|result_ex_reg[2]_OTERM1537_OTERM1885_OTERM2091_OTERM2473
    Info (332115):    Launch Clock : emu|pll|pll_inst|altera_pll_i|general[1].gpll~PLL_OUTPUT_COUNTER|divclk
    Info (332115):    Latch Clock  : emu|pll|pll_inst|altera_pll_i|general[1].gpll~PLL_OUTPUT_COUNTER|divclk
    Info (332115):    Relationship : 31.907
    Info (332115):    Clock Skew   : -0.096
    Info (332115):    Data Delay   : 203.380
Info (332115): Path #144: Setup slack is -171.769 (VIOLATED)
    Info (332115):    Slack        : -171.769 (VIOLATED)
    Info (332115):    From Node    : emu:emu|mc68881_fpu_lite:fpu_inst|mc68881_top:u_fpu|fp80_to_int_trunc~28_OTERM3157
    Info (332115):    To Node      : emu:emu|mc68881_fpu_lite:fpu_inst|mc68881_top:u_fpu|result_ex_reg[2]_OTERM1537_OTERM1885_OTERM2091_OTERM2473
    Info (332115):    Launch Clock : emu|pll|pll_inst|altera_pll_i|general[1].gpll~PLL_OUTPUT_COUNTER|divclk
    Info (332115):    Latch Clock  : emu|pll|pll_inst|altera_pll_i|general[1].gpll~PLL_OUTPUT_COUNTER|divclk
    Info (332115):    Relationship : 31.907
    Info (332115):    Clock Skew   : -0.096
    Info (332115):    Data Delay   : 203.380
Info (332115): Path #145: Setup slack is -171.769 (VIOLATED)
    Info (332115):    Slack        : -171.769 (VIOLATED)
    Info (332115):    From Node    : emu:emu|mc68881_fpu_lite:fpu_inst|mc68881_top:u_fpu|fp80_to_int_trunc~28_OTERM3157
    Info (332115):    To Node      : emu:emu|mc68881_fpu_lite:fpu_inst|mc68881_top:u_fpu|result_ex_reg[2]_OTERM1537_OTERM1885_OTERM2091_OTERM2473
    Info (332115):    Launch Clock : emu|pll|pll_inst|altera_pll_i|general[1].gpll~PLL_OUTPUT_COUNTER|divclk
    Info (332115):    Latch Clock  : emu|pll|pll_inst|altera_pll_i|general[1].gpll~PLL_OUTPUT_COUNTER|divclk
    Info (332115):    Relationship : 31.907
    Info (332115):    Clock Skew   : -0.096
    Info (332115):    Data Delay   : 203.380
Info (332115): Path #146: Setup slack is -171.769 (VIOLATED)
    Info (332115):    Slack        : -171.769 (VIOLATED)
    Info (332115):    From Node    : emu:emu|mc68881_fpu_lite:fpu_inst|mc68881_top:u_fpu|fp80_to_int_trunc~28_OTERM3157
    Info (332115):    To Node      : emu:emu|mc68881_fpu_lite:fpu_inst|mc68881_top:u_fpu|result_ex_reg[2]_OTERM1537_OTERM1885_OTERM2091_OTERM2473
    Info (332115):    Launch Clock : emu|pll|pll_inst|altera_pll_i|general[1].gpll~PLL_OUTPUT_COUNTER|divclk
    Info (332115):    Latch Clock  : emu|pll|pll_inst|altera_pll_i|general[1].gpll~PLL_OUTPUT_COUNTER|divclk
    Info (332115):    Relationship : 31.907
    Info (332115):    Clock Skew   : -0.096
    Info (332115):    Data Delay   : 203.380
Info (332115): Path #147: Setup slack is -171.769 (VIOLATED)
    Info (332115):    Slack        : -171.769 (VIOLATED)
    Info (332115):    From Node    : emu:emu|mc68881_fpu_lite:fpu_inst|mc68881_top:u_fpu|fp80_to_int_trunc~28_OTERM3157
    Info (332115):    To Node      : emu:emu|mc68881_fpu_lite:fpu_inst|mc68881_top:u_fpu|result_ex_reg[2]_OTERM1537_OTERM1885_OTERM2091_OTERM2473
    Info (332115):    Launch Clock : emu|pll|pll_inst|altera_pll_i|general[1].gpll~PLL_OUTPUT_COUNTER|divclk
    Info (332115):    Latch Clock  : emu|pll|pll_inst|altera_pll_i|general[1].gpll~PLL_OUTPUT_COUNTER|divclk
    Info (332115):    Relationship : 31.907
    Info (332115):    Clock Skew   : -0.096
    Info (332115):    Data Delay   : 203.380
Info (332115): Path #148: Setup slack is -171.769 (VIOLATED)
    Info (332115):    Slack        : -171.769 (VIOLATED)
    Info (332115):    From Node    : emu:emu|mc68881_fpu_lite:fpu_inst|mc68881_top:u_fpu|fp80_to_int_trunc~28_OTERM3157
    Info (332115):    To Node      : emu:emu|mc68881_fpu_lite:fpu_inst|mc68881_top:u_fpu|result_ex_reg[2]_OTERM1537_OTERM1885_OTERM2091_OTERM2473
    Info (332115):    Launch Clock : emu|pll|pll_inst|altera_pll_i|general[1].gpll~PLL_OUTPUT_COUNTER|divclk
    Info (332115):    Latch Clock  : emu|pll|pll_inst|altera_pll_i|general[1].gpll~PLL_OUTPUT_COUNTER|divclk
    Info (332115):    Relationship : 31.907
    Info (332115):    Clock Skew   : -0.096
    Info (332115):    Data Delay   : 203.380
Info (332115): Path #149: Setup slack is -171.769 (VIOLATED)
    Info (332115):    Slack        : -171.769 (VIOLATED)
    Info (332115):    From Node    : emu:emu|mc68881_fpu_lite:fpu_inst|mc68881_top:u_fpu|fp80_to_int_trunc~28_OTERM3157
    Info (332115):    To Node      : emu:emu|mc68881_fpu_lite:fpu_inst|mc68881_top:u_fpu|result_ex_reg[2]_OTERM1537_OTERM1885_OTERM2091_OTERM2473
    Info (332115):    Launch Clock : emu|pll|pll_inst|altera_pll_i|general[1].gpll~PLL_OUTPUT_COUNTER|divclk
    Info (332115):    Latch Clock  : emu|pll|pll_inst|altera_pll_i|general[1].gpll~PLL_OUTPUT_COUNTER|divclk
    Info (332115):    Relationship : 31.907
    Info (332115):    Clock Skew   : -0.096
    Info (332115):    Data Delay   : 203.380
Info (332115): Path #150: Setup slack is -171.769 (VIOLATED)
    Info (332115):    Slack        : -171.769 (VIOLATED)
    Info (332115):    From Node    : emu:emu|mc68881_fpu_lite:fpu_inst|mc68881_top:u_fpu|fp80_to_int_trunc~28_OTERM3157
    Info (332115):    To Node      : emu:emu|mc68881_fpu_lite:fpu_inst|mc68881_top:u_fpu|result_ex_reg[2]_OTERM1537_OTERM1885_OTERM2091_OTERM2473
    Info (332115):    Launch Clock : emu|pll|pll_inst|altera_pll_i|general[1].gpll~PLL_OUTPUT_COUNTER|divclk
    Info (332115):    Latch Clock  : emu|pll|pll_inst|altera_pll_i|general[1].gpll~PLL_OUTPUT_COUNTER|divclk
    Info (332115):    Relationship : 31.907
    Info (332115):    Clock Skew   : -0.096
    Info (332115):    Data Delay   : 203.380
Info (332115): Path #151: Setup slack is -171.769 (VIOLATED)
    Info (332115):    Slack        : -171.769 (VIOLATED)
    Info (332115):    From Node    : emu:emu|mc68881_fpu_lite:fpu_inst|mc68881_top:u_fpu|fp80_to_int_trunc~28_OTERM3157
    Info (332115):    To Node      : emu:emu|mc68881_fpu_lite:fpu_inst|mc68881_top:u_fpu|result_ex_reg[2]_OTERM1537_OTERM1885_OTERM2091_OTERM2473
    Info (332115):    Launch Clock : emu|pll|pll_inst|altera_pll_i|general[1].gpll~PLL_OUTPUT_COUNTER|divclk
    Info (332115):    Latch Clock  : emu|pll|pll_inst|altera_pll_i|general[1].gpll~PLL_OUTPUT_COUNTER|divclk
    Info (332115):    Relationship : 31.907
    Info (332115):    Clock Skew   : -0.096
    Info (332115):    Data Delay   : 203.380
Info (332115): Path #152: Setup slack is -171.769 (VIOLATED)
    Info (332115):    Slack        : -171.769 (VIOLATED)
    Info (332115):    From Node    : emu:emu|mc68881_fpu_lite:fpu_inst|mc68881_top:u_fpu|fp80_to_int_trunc~28_OTERM3157
    Info (332115):    To Node      : emu:emu|mc68881_fpu_lite:fpu_inst|mc68881_top:u_fpu|result_ex_reg[2]_OTERM1537_OTERM1885_OTERM2091_OTERM2473
    Info (332115):    Launch Clock : emu|pll|pll_inst|altera_pll_i|general[1].gpll~PLL_OUTPUT_COUNTER|divclk
    Info (332115):    Latch Clock  : emu|pll|pll_inst|altera_pll_i|general[1].gpll~PLL_OUTPUT_COUNTER|divclk
    Info (332115):    Relationship : 31.907
    Info (332115):    Clock Skew   : -0.096
    Info (332115):    Data Delay   : 203.380
Info (332115): Path #153: Setup slack is -171.769 (VIOLATED)
    Info (332115):    Slack        : -171.769 (VIOLATED)
    Info (332115):    From Node    : emu:emu|mc68881_fpu_lite:fpu_inst|mc68881_top:u_fpu|fp80_to_int_trunc~28_OTERM3157
    Info (332115):    To Node      : emu:emu|mc68881_fpu_lite:fpu_inst|mc68881_top:u_fpu|result_ex_reg[2]_OTERM1537_OTERM1885_OTERM2091_OTERM2473
    Info (332115):    Launch Clock : emu|pll|pll_inst|altera_pll_i|general[1].gpll~PLL_OUTPUT_COUNTER|divclk
    Info (332115):    Latch Clock  : emu|pll|pll_inst|altera_pll_i|general[1].gpll~PLL_OUTPUT_COUNTER|divclk
    Info (332115):    Relationship : 31.907
    Info (332115):    Clock Skew   : -0.096
    Info (332115):    Data Delay   : 203.380
Info (332115): Path #154: Setup slack is -171.769 (VIOLATED)
    Info (332115):    Slack        : -171.769 (VIOLATED)
    Info (332115):    From Node    : emu:emu|mc68881_fpu_lite:fpu_inst|mc68881_top:u_fpu|fp80_to_int_trunc~28_OTERM3157
    Info (332115):    To Node      : emu:emu|mc68881_fpu_lite:fpu_inst|mc68881_top:u_fpu|result_ex_reg[2]_OTERM1537_OTERM1885_OTERM2091_OTERM2473
    Info (332115):    Launch Clock : emu|pll|pll_inst|altera_pll_i|general[1].gpll~PLL_OUTPUT_COUNTER|divclk
    Info (332115):    Latch Clock  : emu|pll|pll_inst|altera_pll_i|general[1].gpll~PLL_OUTPUT_COUNTER|divclk
    Info (332115):    Relationship : 31.907
    Info (332115):    Clock Skew   : -0.096
    Info (332115):    Data Delay   : 203.380
Info (332115): Path #155: Setup slack is -171.769 (VIOLATED)
    Info (332115):    Slack        : -171.769 (VIOLATED)
    Info (332115):    From Node    : emu:emu|mc68881_fpu_lite:fpu_inst|mc68881_top:u_fpu|fp80_to_int_trunc~28_OTERM3157
    Info (332115):    To Node      : emu:emu|mc68881_fpu_lite:fpu_inst|mc68881_top:u_fpu|result_ex_reg[2]_OTERM1537_OTERM1885_OTERM2091_OTERM2473
    Info (332115):    Launch Clock : emu|pll|pll_inst|altera_pll_i|general[1].gpll~PLL_OUTPUT_COUNTER|divclk
    Info (332115):    Latch Clock  : emu|pll|pll_inst|altera_pll_i|general[1].gpll~PLL_OUTPUT_COUNTER|divclk
    Info (332115):    Relationship : 31.907
    Info (332115):    Clock Skew   : -0.096
    Info (332115):    Data Delay   : 203.380
Info (332115): Path #156: Setup slack is -171.769 (VIOLATED)
    Info (332115):    Slack        : -171.769 (VIOLATED)
    Info (332115):    From Node    : emu:emu|mc68881_fpu_lite:fpu_inst|mc68881_top:u_fpu|fp80_to_int_trunc~28_OTERM3157
    Info (332115):    To Node      : emu:emu|mc68881_fpu_lite:fpu_inst|mc68881_top:u_fpu|result_ex_reg[2]_OTERM1537_OTERM1885_OTERM2091_OTERM2473
    Info (332115):    Launch Clock : emu|pll|pll_inst|altera_pll_i|general[1].gpll~PLL_OUTPUT_COUNTER|divclk
    Info (332115):    Latch Clock  : emu|pll|pll_inst|altera_pll_i|general[1].gpll~PLL_OUTPUT_COUNTER|divclk
    Info (332115):    Relationship : 31.907
    Info (332115):    Clock Skew   : -0.096
    Info (332115):    Data Delay   : 203.380
Info (332115): Path #157: Setup slack is -171.769 (VIOLATED)
    Info (332115):    Slack        : -171.769 (VIOLATED)
    Info (332115):    From Node    : emu:emu|mc68881_fpu_lite:fpu_inst|mc68881_top:u_fpu|fp80_to_int_trunc~28_OTERM3157
    Info (332115):    To Node      : emu:emu|mc68881_fpu_lite:fpu_inst|mc68881_top:u_fpu|result_ex_reg[2]_OTERM1537_OTERM1885_OTERM2091_OTERM2473
    Info (332115):    Launch Clock : emu|pll|pll_inst|altera_pll_i|general[1].gpll~PLL_OUTPUT_COUNTER|divclk
    Info (332115):    Latch Clock  : emu|pll|pll_inst|altera_pll_i|general[1].gpll~PLL_OUTPUT_COUNTER|divclk
    Info (332115):    Relationship : 31.907
    Info (332115):    Clock Skew   : -0.096
    Info (332115):    Data Delay   : 203.380
Info (332115): Path #158: Setup slack is -171.769 (VIOLATED)
    Info (332115):    Slack        : -171.769 (VIOLATED)
    Info (332115):    From Node    : emu:emu|mc68881_fpu_lite:fpu_inst|mc68881_top:u_fpu|fp80_to_int_trunc~28_OTERM3157
    Info (332115):    To Node      : emu:emu|mc68881_fpu_lite:fpu_inst|mc68881_top:u_fpu|result_ex_reg[2]_OTERM1537_OTERM1885_OTERM2091_OTERM2473
    Info (332115):    Launch Clock : emu|pll|pll_inst|altera_pll_i|general[1].gpll~PLL_OUTPUT_COUNTER|divclk
    Info (332115):    Latch Clock  : emu|pll|pll_inst|altera_pll_i|general[1].gpll~PLL_OUTPUT_COUNTER|divclk
    Info (332115):    Relationship : 31.907
    Info (332115):    Clock Skew   : -0.096
    Info (332115):    Data Delay   : 203.380
Info (332115): Path #159: Setup slack is -171.769 (VIOLATED)
    Info (332115):    Slack        : -171.769 (VIOLATED)
    Info (332115):    From Node    : emu:emu|mc68881_fpu_lite:fpu_inst|mc68881_top:u_fpu|fp80_to_int_trunc~28_OTERM3157
    Info (332115):    To Node      : emu:emu|mc68881_fpu_lite:fpu_inst|mc68881_top:u_fpu|result_ex_reg[2]_OTERM1537_OTERM1885_OTERM2091_OTERM2473
    Info (332115):    Launch Clock : emu|pll|pll_inst|altera_pll_i|general[1].gpll~PLL_OUTPUT_COUNTER|divclk
    Info (332115):    Latch Clock  : emu|pll|pll_inst|altera_pll_i|general[1].gpll~PLL_OUTPUT_COUNTER|divclk
    Info (332115):    Relationship : 31.907
    Info (332115):    Clock Skew   : -0.096
    Info (332115):    Data Delay   : 203.380
Info (332115): Path #160: Setup slack is -171.769 (VIOLATED)
    Info (332115):    Slack        : -171.769 (VIOLATED)
    Info (332115):    From Node    : emu:emu|mc68881_fpu_lite:fpu_inst|mc68881_top:u_fpu|fp80_to_int_trunc~28_OTERM3157
    Info (332115):    To Node      : emu:emu|mc68881_fpu_lite:fpu_inst|mc68881_top:u_fpu|result_ex_reg[2]_OTERM1537_OTERM1885_OTERM2091_OTERM2473
    Info (332115):    Launch Clock : emu|pll|pll_inst|altera_pll_i|general[1].gpll~PLL_OUTPUT_COUNTER|divclk
    Info (332115):    Latch Clock  : emu|pll|pll_inst|altera_pll_i|general[1].gpll~PLL_OUTPUT_COUNTER|divclk
    Info (332115):    Relationship : 31.907
    Info (332115):    Clock Skew   : -0.096
    Info (332115):    Data Delay   : 203.380
Info (332115): Path #161: Setup slack is -171.769 (VIOLATED)
    Info (332115):    Slack        : -171.769 (VIOLATED)
    Info (332115):    From Node    : emu:emu|mc68881_fpu_lite:fpu_inst|mc68881_top:u_fpu|fp80_to_int_trunc~28_OTERM3157
    Info (332115):    To Node      : emu:emu|mc68881_fpu_lite:fpu_inst|mc68881_top:u_fpu|result_ex_reg[2]_OTERM1537_OTERM1885_OTERM2091_OTERM2473
    Info (332115):    Launch Clock : emu|pll|pll_inst|altera_pll_i|general[1].gpll~PLL_OUTPUT_COUNTER|divclk
    Info (332115):    Latch Clock  : emu|pll|pll_inst|altera_pll_i|general[1].gpll~PLL_OUTPUT_COUNTER|divclk
    Info (332115):    Relationship : 31.907
    Info (332115):    Clock Skew   : -0.096
    Info (332115):    Data Delay   : 203.380
Info (332115): Path #162: Setup slack is -171.769 (VIOLATED)
    Info (332115):    Slack        : -171.769 (VIOLATED)
    Info (332115):    From Node    : emu:emu|mc68881_fpu_lite:fpu_inst|mc68881_top:u_fpu|fp80_to_int_trunc~28_OTERM3157
    Info (332115):    To Node      : emu:emu|mc68881_fpu_lite:fpu_inst|mc68881_top:u_fpu|result_ex_reg[2]_OTERM1537_OTERM1885_OTERM2091_OTERM2473
    Info (332115):    Launch Clock : emu|pll|pll_inst|altera_pll_i|general[1].gpll~PLL_OUTPUT_COUNTER|divclk
    Info (332115):    Latch Clock  : emu|pll|pll_inst|altera_pll_i|general[1].gpll~PLL_OUTPUT_COUNTER|divclk
    Info (332115):    Relationship : 31.907
    Info (332115):    Clock Skew   : -0.096
    Info (332115):    Data Delay   : 203.380
Info (332115): Path #163: Setup slack is -171.769 (VIOLATED)
    Info (332115):    Slack        : -171.769 (VIOLATED)
    Info (332115):    From Node    : emu:emu|mc68881_fpu_lite:fpu_inst|mc68881_top:u_fpu|fp80_to_int_trunc~28_OTERM3157
    Info (332115):    To Node      : emu:emu|mc68881_fpu_lite:fpu_inst|mc68881_top:u_fpu|result_ex_reg[2]_OTERM1537_OTERM1885_OTERM2091_OTERM2473
    Info (332115):    Launch Clock : emu|pll|pll_inst|altera_pll_i|general[1].gpll~PLL_OUTPUT_COUNTER|divclk
    Info (332115):    Latch Clock  : emu|pll|pll_inst|altera_pll_i|general[1].gpll~PLL_OUTPUT_COUNTER|divclk
    Info (332115):    Relationship : 31.907
    Info (332115):    Clock Skew   : -0.096
    Info (332115):    Data Delay   : 203.380
Info (332115): Path #164: Setup slack is -171.769 (VIOLATED)
    Info (332115):    Slack        : -171.769 (VIOLATED)
    Info (332115):    From Node    : emu:emu|mc68881_fpu_lite:fpu_inst|mc68881_top:u_fpu|fp80_to_int_trunc~28_OTERM3157
    Info (332115):    To Node      : emu:emu|mc68881_fpu_lite:fpu_inst|mc68881_top:u_fpu|result_ex_reg[2]_OTERM1537_OTERM1885_OTERM2091_OTERM2473
    Info (332115):    Launch Clock : emu|pll|pll_inst|altera_pll_i|general[1].gpll~PLL_OUTPUT_COUNTER|divclk
    Info (332115):    Latch Clock  : emu|pll|pll_inst|altera_pll_i|general[1].gpll~PLL_OUTPUT_COUNTER|divclk
    Info (332115):    Relationship : 31.907
    Info (332115):    Clock Skew   : -0.096
    Info (332115):    Data Delay   : 203.380
Info (332115): Path #165: Setup slack is -171.769 (VIOLATED)
    Info (332115):    Slack        : -171.769 (VIOLATED)
    Info (332115):    From Node    : emu:emu|mc68881_fpu_lite:fpu_inst|mc68881_top:u_fpu|fp80_to_int_trunc~28_OTERM3157
    Info (332115):    To Node      : emu:emu|mc68881_fpu_lite:fpu_inst|mc68881_top:u_fpu|result_ex_reg[2]_OTERM1537_OTERM1885_OTERM2091_OTERM2473
    Info (332115):    Launch Clock : emu|pll|pll_inst|altera_pll_i|general[1].gpll~PLL_OUTPUT_COUNTER|divclk
    Info (332115):    Latch Clock  : emu|pll|pll_inst|altera_pll_i|general[1].gpll~PLL_OUTPUT_COUNTER|divclk
    Info (332115):    Relationship : 31.907
    Info (332115):    Clock Skew   : -0.096
    Info (332115):    Data Delay   : 203.380
Info (332115): Path #166: Setup slack is -171.769 (VIOLATED)
    Info (332115):    Slack        : -171.769 (VIOLATED)
    Info (332115):    From Node    : emu:emu|mc68881_fpu_lite:fpu_inst|mc68881_top:u_fpu|fp80_to_int_trunc~28_OTERM3157
    Info (332115):    To Node      : emu:emu|mc68881_fpu_lite:fpu_inst|mc68881_top:u_fpu|result_ex_reg[2]_OTERM1537_OTERM1885_OTERM2091_OTERM2473
    Info (332115):    Launch Clock : emu|pll|pll_inst|altera_pll_i|general[1].gpll~PLL_OUTPUT_COUNTER|divclk
    Info (332115):    Latch Clock  : emu|pll|pll_inst|altera_pll_i|general[1].gpll~PLL_OUTPUT_COUNTER|divclk
    Info (332115):    Relationship : 31.907
    Info (332115):    Clock Skew   : -0.096
    Info (332115):    Data Delay   : 203.380
Info (332115): Path #167: Setup slack is -171.769 (VIOLATED)
    Info (332115):    Slack        : -171.769 (VIOLATED)
    Info (332115):    From Node    : emu:emu|mc68881_fpu_lite:fpu_inst|mc68881_top:u_fpu|fp80_to_int_trunc~28_OTERM3157
    Info (332115):    To Node      : emu:emu|mc68881_fpu_lite:fpu_inst|mc68881_top:u_fpu|result_ex_reg[2]_OTERM1537_OTERM1885_OTERM2091_OTERM2473
    Info (332115):    Launch Clock : emu|pll|pll_inst|altera_pll_i|general[1].gpll~PLL_OUTPUT_COUNTER|divclk
    Info (332115):    Latch Clock  : emu|pll|pll_inst|altera_pll_i|general[1].gpll~PLL_OUTPUT_COUNTER|divclk
    Info (332115):    Relationship : 31.907
    Info (332115):    Clock Skew   : -0.096
    Info (332115):    Data Delay   : 203.380
Info (332115): Path #168: Setup slack is -171.769 (VIOLATED)
    Info (332115):    Slack        : -171.769 (VIOLATED)
    Info (332115):    From Node    : emu:emu|mc68881_fpu_lite:fpu_inst|mc68881_top:u_fpu|fp80_to_int_trunc~28_OTERM3157
    Info (332115):    To Node      : emu:emu|mc68881_fpu_lite:fpu_inst|mc68881_top:u_fpu|result_ex_reg[2]_OTERM1537_OTERM1885_OTERM2091_OTERM2473
    Info (332115):    Launch Clock : emu|pll|pll_inst|altera_pll_i|general[1].gpll~PLL_OUTPUT_COUNTER|divclk
    Info (332115):    Latch Clock  : emu|pll|pll_inst|altera_pll_i|general[1].gpll~PLL_OUTPUT_COUNTER|divclk
    Info (332115):    Relationship : 31.907
    Info (332115):    Clock Skew   : -0.096
    Info (332115):    Data Delay   : 203.380
Info (332115): Path #169: Setup slack is -171.769 (VIOLATED)
    Info (332115):    Slack        : -171.769 (VIOLATED)
    Info (332115):    From Node    : emu:emu|mc68881_fpu_lite:fpu_inst|mc68881_top:u_fpu|fp80_to_int_trunc~28_OTERM3157
    Info (332115):    To Node      : emu:emu|mc68881_fpu_lite:fpu_inst|mc68881_top:u_fpu|result_ex_reg[2]_OTERM1537_OTERM1885_OTERM2091_OTERM2473
    Info (332115):    Launch Clock : emu|pll|pll_inst|altera_pll_i|general[1].gpll~PLL_OUTPUT_COUNTER|divclk
    Info (332115):    Latch Clock  : emu|pll|pll_inst|altera_pll_i|general[1].gpll~PLL_OUTPUT_COUNTER|divclk
    Info (332115):    Relationship : 31.907
    Info (332115):    Clock Skew   : -0.096
    Info (332115):    Data Delay   : 203.380
Info (332115): Path #170: Setup slack is -171.769 (VIOLATED)
    Info (332115):    Slack        : -171.769 (VIOLATED)
    Info (332115):    From Node    : emu:emu|mc68881_fpu_lite:fpu_inst|mc68881_top:u_fpu|fp80_to_int_trunc~28_OTERM3157
    Info (332115):    To Node      : emu:emu|mc68881_fpu_lite:fpu_inst|mc68881_top:u_fpu|result_ex_reg[2]_OTERM1537_OTERM1885_OTERM2091_OTERM2473
    Info (332115):    Launch Clock : emu|pll|pll_inst|altera_pll_i|general[1].gpll~PLL_OUTPUT_COUNTER|divclk
    Info (332115):    Latch Clock  : emu|pll|pll_inst|altera_pll_i|general[1].gpll~PLL_OUTPUT_COUNTER|divclk
    Info (332115):    Relationship : 31.907
    Info (332115):    Clock Skew   : -0.096
    Info (332115):    Data Delay   : 203.380
Info (332115): Path #171: Setup slack is -171.769 (VIOLATED)
    Info (332115):    Slack        : -171.769 (VIOLATED)
    Info (332115):    From Node    : emu:emu|mc68881_fpu_lite:fpu_inst|mc68881_top:u_fpu|fp80_to_int_trunc~28_OTERM3157
    Info (332115):    To Node      : emu:emu|mc68881_fpu_lite:fpu_inst|mc68881_top:u_fpu|result_ex_reg[2]_OTERM1537_OTERM1885_OTERM2091_OTERM2473
    Info (332115):    Launch Clock : emu|pll|pll_inst|altera_pll_i|general[1].gpll~PLL_OUTPUT_COUNTER|divclk
    Info (332115):    Latch Clock  : emu|pll|pll_inst|altera_pll_i|general[1].gpll~PLL_OUTPUT_COUNTER|divclk
    Info (332115):    Relationship : 31.907
    Info (332115):    Clock Skew   : -0.096
    Info (332115):    Data Delay   : 203.380
Info (332115): Path #172: Setup slack is -171.769 (VIOLATED)
    Info (332115):    Slack        : -171.769 (VIOLATED)
    Info (332115):    From Node    : emu:emu|mc68881_fpu_lite:fpu_inst|mc68881_top:u_fpu|fp80_to_int_trunc~28_OTERM3157
    Info (332115):    To Node      : emu:emu|mc68881_fpu_lite:fpu_inst|mc68881_top:u_fpu|result_ex_reg[2]_OTERM1537_OTERM1885_OTERM2091_OTERM2473
    Info (332115):    Launch Clock : emu|pll|pll_inst|altera_pll_i|general[1].gpll~PLL_OUTPUT_COUNTER|divclk
    Info (332115):    Latch Clock  : emu|pll|pll_inst|altera_pll_i|general[1].gpll~PLL_OUTPUT_COUNTER|divclk
    Info (332115):    Relationship : 31.907
    Info (332115):    Clock Skew   : -0.096
    Info (332115):    Data Delay   : 203.380
Info (332115): Path #173: Setup slack is -171.769 (VIOLATED)
    Info (332115):    Slack        : -171.769 (VIOLATED)
    Info (332115):    From Node    : emu:emu|mc68881_fpu_lite:fpu_inst|mc68881_top:u_fpu|fp80_to_int_trunc~28_OTERM3157
    Info (332115):    To Node      : emu:emu|mc68881_fpu_lite:fpu_inst|mc68881_top:u_fpu|result_ex_reg[2]_OTERM1537_OTERM1885_OTERM2091_OTERM2473
    Info (332115):    Launch Clock : emu|pll|pll_inst|altera_pll_i|general[1].gpll~PLL_OUTPUT_COUNTER|divclk
    Info (332115):    Latch Clock  : emu|pll|pll_inst|altera_pll_i|general[1].gpll~PLL_OUTPUT_COUNTER|divclk
    Info (332115):    Relationship : 31.907
    Info (332115):    Clock Skew   : -0.096
    Info (332115):    Data Delay   : 203.380
Info (332115): Path #174: Setup slack is -171.769 (VIOLATED)
    Info (332115):    Slack        : -171.769 (VIOLATED)
    Info (332115):    From Node    : emu:emu|mc68881_fpu_lite:fpu_inst|mc68881_top:u_fpu|fp80_to_int_trunc~28_OTERM3157
    Info (332115):    To Node      : emu:emu|mc68881_fpu_lite:fpu_inst|mc68881_top:u_fpu|result_ex_reg[2]_OTERM1537_OTERM1885_OTERM2091_OTERM2473
    Info (332115):    Launch Clock : emu|pll|pll_inst|altera_pll_i|general[1].gpll~PLL_OUTPUT_COUNTER|divclk
    Info (332115):    Latch Clock  : emu|pll|pll_inst|altera_pll_i|general[1].gpll~PLL_OUTPUT_COUNTER|divclk
    Info (332115):    Relationship : 31.907
    Info (332115):    Clock Skew   : -0.096
    Info (332115):    Data Delay   : 203.380
Info (332115): Path #175: Setup slack is -171.769 (VIOLATED)
    Info (332115):    Slack        : -171.769 (VIOLATED)
    Info (332115):    From Node    : emu:emu|mc68881_fpu_lite:fpu_inst|mc68881_top:u_fpu|fp80_to_int_trunc~28_OTERM3157
    Info (332115):    To Node      : emu:emu|mc68881_fpu_lite:fpu_inst|mc68881_top:u_fpu|result_ex_reg[2]_OTERM1537_OTERM1885_OTERM2091_OTERM2473
    Info (332115):    Launch Clock : emu|pll|pll_inst|altera_pll_i|general[1].gpll~PLL_OUTPUT_COUNTER|divclk
    Info (332115):    Latch Clock  : emu|pll|pll_inst|altera_pll_i|general[1].gpll~PLL_OUTPUT_COUNTER|divclk
    Info (332115):    Relationship : 31.907
    Info (332115):    Clock Skew   : -0.096
    Info (332115):    Data Delay   : 203.380
Info (332115): Path #176: Setup slack is -171.769 (VIOLATED)
    Info (332115):    Slack        : -171.769 (VIOLATED)
    Info (332115):    From Node    : emu:emu|mc68881_fpu_lite:fpu_inst|mc68881_top:u_fpu|fp80_to_int_trunc~28_OTERM3157
    Info (332115):    To Node      : emu:emu|mc68881_fpu_lite:fpu_inst|mc68881_top:u_fpu|result_ex_reg[2]_OTERM1537_OTERM1885_OTERM2091_OTERM2473
    Info (332115):    Launch Clock : emu|pll|pll_inst|altera_pll_i|general[1].gpll~PLL_OUTPUT_COUNTER|divclk
    Info (332115):    Latch Clock  : emu|pll|pll_inst|altera_pll_i|general[1].gpll~PLL_OUTPUT_COUNTER|divclk
    Info (332115):    Relationship : 31.907
    Info (332115):    Clock Skew   : -0.096
    Info (332115):    Data Delay   : 203.380
Info (332115): Path #177: Setup slack is -171.769 (VIOLATED)
    Info (332115):    Slack        : -171.769 (VIOLATED)
    Info (332115):    From Node    : emu:emu|mc68881_fpu_lite:fpu_inst|mc68881_top:u_fpu|fp80_to_int_trunc~28_OTERM3157
    Info (332115):    To Node      : emu:emu|mc68881_fpu_lite:fpu_inst|mc68881_top:u_fpu|result_ex_reg[2]_OTERM1537_OTERM1885_OTERM2091_OTERM2473
    Info (332115):    Launch Clock : emu|pll|pll_inst|altera_pll_i|general[1].gpll~PLL_OUTPUT_COUNTER|divclk
    Info (332115):    Latch Clock  : emu|pll|pll_inst|altera_pll_i|general[1].gpll~PLL_OUTPUT_COUNTER|divclk
    Info (332115):    Relationship : 31.907
    Info (332115):    Clock Skew   : -0.096
    Info (332115):    Data Delay   : 203.380
Info (332115): Path #178: Setup slack is -171.769 (VIOLATED)
    Info (332115):    Slack        : -171.769 (VIOLATED)
    Info (332115):    From Node    : emu:emu|mc68881_fpu_lite:fpu_inst|mc68881_top:u_fpu|fp80_to_int_trunc~28_OTERM3157
    Info (332115):    To Node      : emu:emu|mc68881_fpu_lite:fpu_inst|mc68881_top:u_fpu|result_ex_reg[2]_OTERM1537_OTERM1885_OTERM2091_OTERM2473
    Info (332115):    Launch Clock : emu|pll|pll_inst|altera_pll_i|general[1].gpll~PLL_OUTPUT_COUNTER|divclk
    Info (332115):    Latch Clock  : emu|pll|pll_inst|altera_pll_i|general[1].gpll~PLL_OUTPUT_COUNTER|divclk
    Info (332115):    Relationship : 31.907
    Info (332115):    Clock Skew   : -0.096
    Info (332115):    Data Delay   : 203.380
Info (332115): Path #179: Setup slack is -171.769 (VIOLATED)
    Info (332115):    Slack        : -171.769 (VIOLATED)
    Info (332115):    From Node    : emu:emu|mc68881_fpu_lite:fpu_inst|mc68881_top:u_fpu|fp80_to_int_trunc~28_OTERM3157
    Info (332115):    To Node      : emu:emu|mc68881_fpu_lite:fpu_inst|mc68881_top:u_fpu|result_ex_reg[2]_OTERM1537_OTERM1885_OTERM2091_OTERM2473
    Info (332115):    Launch Clock : emu|pll|pll_inst|altera_pll_i|general[1].gpll~PLL_OUTPUT_COUNTER|divclk
    Info (332115):    Latch Clock  : emu|pll|pll_inst|altera_pll_i|general[1].gpll~PLL_OUTPUT_COUNTER|divclk
    Info (332115):    Relationship : 31.907
    Info (332115):    Clock Skew   : -0.096
    Info (332115):    Data Delay   : 203.380
Info (332115): Path #180: Setup slack is -171.769 (VIOLATED)
    Info (332115):    Slack        : -171.769 (VIOLATED)
    Info (332115):    From Node    : emu:emu|mc68881_fpu_lite:fpu_inst|mc68881_top:u_fpu|fp80_to_int_trunc~28_OTERM3157
    Info (332115):    To Node      : emu:emu|mc68881_fpu_lite:fpu_inst|mc68881_top:u_fpu|result_ex_reg[2]_OTERM1537_OTERM1885_OTERM2091_OTERM2473
    Info (332115):    Launch Clock : emu|pll|pll_inst|altera_pll_i|general[1].gpll~PLL_OUTPUT_COUNTER|divclk
    Info (332115):    Latch Clock  : emu|pll|pll_inst|altera_pll_i|general[1].gpll~PLL_OUTPUT_COUNTER|divclk
    Info (332115):    Relationship : 31.907
    Info (332115):    Clock Skew   : -0.096
    Info (332115):    Data Delay   : 203.380
Info (332115): Path #181: Setup slack is -171.769 (VIOLATED)
    Info (332115):    Slack        : -171.769 (VIOLATED)
    Info (332115):    From Node    : emu:emu|mc68881_fpu_lite:fpu_inst|mc68881_top:u_fpu|fp80_to_int_trunc~28_OTERM3157
    Info (332115):    To Node      : emu:emu|mc68881_fpu_lite:fpu_inst|mc68881_top:u_fpu|result_ex_reg[2]_OTERM1537_OTERM1885_OTERM2091_OTERM2473
    Info (332115):    Launch Clock : emu|pll|pll_inst|altera_pll_i|general[1].gpll~PLL_OUTPUT_COUNTER|divclk
    Info (332115):    Latch Clock  : emu|pll|pll_inst|altera_pll_i|general[1].gpll~PLL_OUTPUT_COUNTER|divclk
    Info (332115):    Relationship : 31.907
    Info (332115):    Clock Skew   : -0.096
    Info (332115):    Data Delay   : 203.380
Info (332115): Path #182: Setup slack is -171.769 (VIOLATED)
    Info (332115):    Slack        : -171.769 (VIOLATED)
    Info (332115):    From Node    : emu:emu|mc68881_fpu_lite:fpu_inst|mc68881_top:u_fpu|fp80_to_int_trunc~28_OTERM3157
    Info (332115):    To Node      : emu:emu|mc68881_fpu_lite:fpu_inst|mc68881_top:u_fpu|result_ex_reg[2]_OTERM1537_OTERM1885_OTERM2091_OTERM2473
    Info (332115):    Launch Clock : emu|pll|pll_inst|altera_pll_i|general[1].gpll~PLL_OUTPUT_COUNTER|divclk
    Info (332115):    Latch Clock  : emu|pll|pll_inst|altera_pll_i|general[1].gpll~PLL_OUTPUT_COUNTER|divclk
    Info (332115):    Relationship : 31.907
    Info (332115):    Clock Skew   : -0.096
    Info (332115):    Data Delay   : 203.380
Info (332115): Path #183: Setup slack is -171.769 (VIOLATED)
    Info (332115):    Slack        : -171.769 (VIOLATED)
    Info (332115):    From Node    : emu:emu|mc68881_fpu_lite:fpu_inst|mc68881_top:u_fpu|fp80_to_int_trunc~28_OTERM3157
    Info (332115):    To Node      : emu:emu|mc68881_fpu_lite:fpu_inst|mc68881_top:u_fpu|result_ex_reg[2]_OTERM1537_OTERM1885_OTERM2091_OTERM2473
    Info (332115):    Launch Clock : emu|pll|pll_inst|altera_pll_i|general[1].gpll~PLL_OUTPUT_COUNTER|divclk
    Info (332115):    Latch Clock  : emu|pll|pll_inst|altera_pll_i|general[1].gpll~PLL_OUTPUT_COUNTER|divclk
    Info (332115):    Relationship : 31.907
    Info (332115):    Clock Skew   : -0.096
    Info (332115):    Data Delay   : 203.380
Info (332115): Path #184: Setup slack is -171.769 (VIOLATED)
    Info (332115):    Slack        : -171.769 (VIOLATED)
    Info (332115):    From Node    : emu:emu|mc68881_fpu_lite:fpu_inst|mc68881_top:u_fpu|fp80_to_int_trunc~28_OTERM3157
    Info (332115):    To Node      : emu:emu|mc68881_fpu_lite:fpu_inst|mc68881_top:u_fpu|result_ex_reg[2]_OTERM1537_OTERM1885_OTERM2091_OTERM2473
    Info (332115):    Launch Clock : emu|pll|pll_inst|altera_pll_i|general[1].gpll~PLL_OUTPUT_COUNTER|divclk
    Info (332115):    Latch Clock  : emu|pll|pll_inst|altera_pll_i|general[1].gpll~PLL_OUTPUT_COUNTER|divclk
    Info (332115):    Relationship : 31.907
    Info (332115):    Clock Skew   : -0.096
    Info (332115):    Data Delay   : 203.380
Info (332115): Path #185: Setup slack is -171.769 (VIOLATED)
    Info (332115):    Slack        : -171.769 (VIOLATED)
    Info (332115):    From Node    : emu:emu|mc68881_fpu_lite:fpu_inst|mc68881_top:u_fpu|fp80_to_int_trunc~28_OTERM3157
    Info (332115):    To Node      : emu:emu|mc68881_fpu_lite:fpu_inst|mc68881_top:u_fpu|result_ex_reg[2]_OTERM1537_OTERM1885_OTERM2091_OTERM2473
    Info (332115):    Launch Clock : emu|pll|pll_inst|altera_pll_i|general[1].gpll~PLL_OUTPUT_COUNTER|divclk
    Info (332115):    Latch Clock  : emu|pll|pll_inst|altera_pll_i|general[1].gpll~PLL_OUTPUT_COUNTER|divclk
    Info (332115):    Relationship : 31.907
    Info (332115):    Clock Skew   : -0.096
    Info (332115):    Data Delay   : 203.380
Info (332115): Path #186: Setup slack is -171.769 (VIOLATED)
    Info (332115):    Slack        : -171.769 (VIOLATED)
    Info (332115):    From Node    : emu:emu|mc68881_fpu_lite:fpu_inst|mc68881_top:u_fpu|fp80_to_int_trunc~28_OTERM3157
    Info (332115):    To Node      : emu:emu|mc68881_fpu_lite:fpu_inst|mc68881_top:u_fpu|result_ex_reg[2]_OTERM1537_OTERM1885_OTERM2091_OTERM2473
    Info (332115):    Launch Clock : emu|pll|pll_inst|altera_pll_i|general[1].gpll~PLL_OUTPUT_COUNTER|divclk
    Info (332115):    Latch Clock  : emu|pll|pll_inst|altera_pll_i|general[1].gpll~PLL_OUTPUT_COUNTER|divclk
    Info (332115):    Relationship : 31.907
    Info (332115):    Clock Skew   : -0.096
    Info (332115):    Data Delay   : 203.380
Info (332115): Path #187: Setup slack is -171.769 (VIOLATED)
    Info (332115):    Slack        : -171.769 (VIOLATED)
    Info (332115):    From Node    : emu:emu|mc68881_fpu_lite:fpu_inst|mc68881_top:u_fpu|fp80_to_int_trunc~28_OTERM3157
    Info (332115):    To Node      : emu:emu|mc68881_fpu_lite:fpu_inst|mc68881_top:u_fpu|result_ex_reg[2]_OTERM1537_OTERM1885_OTERM2091_OTERM2473
    Info (332115):    Launch Clock : emu|pll|pll_inst|altera_pll_i|general[1].gpll~PLL_OUTPUT_COUNTER|divclk
    Info (332115):    Latch Clock  : emu|pll|pll_inst|altera_pll_i|general[1].gpll~PLL_OUTPUT_COUNTER|divclk
    Info (332115):    Relationship : 31.907
    Info (332115):    Clock Skew   : -0.096
    Info (332115):    Data Delay   : 203.380
Info (332115): Path #188: Setup slack is -171.769 (VIOLATED)
    Info (332115):    Slack        : -171.769 (VIOLATED)
    Info (332115):    From Node    : emu:emu|mc68881_fpu_lite:fpu_inst|mc68881_top:u_fpu|fp80_to_int_trunc~28_OTERM3157
    Info (332115):    To Node      : emu:emu|mc68881_fpu_lite:fpu_inst|mc68881_top:u_fpu|result_ex_reg[2]_OTERM1537_OTERM1885_OTERM2091_OTERM2473
    Info (332115):    Launch Clock : emu|pll|pll_inst|altera_pll_i|general[1].gpll~PLL_OUTPUT_COUNTER|divclk
    Info (332115):    Latch Clock  : emu|pll|pll_inst|altera_pll_i|general[1].gpll~PLL_OUTPUT_COUNTER|divclk
    Info (332115):    Relationship : 31.907
    Info (332115):    Clock Skew   : -0.096
    Info (332115):    Data Delay   : 203.380
Info (332115): Path #189: Setup slack is -171.769 (VIOLATED)
    Info (332115):    Slack        : -171.769 (VIOLATED)
    Info (332115):    From Node    : emu:emu|mc68881_fpu_lite:fpu_inst|mc68881_top:u_fpu|fp80_to_int_trunc~28_OTERM3157
    Info (332115):    To Node      : emu:emu|mc68881_fpu_lite:fpu_inst|mc68881_top:u_fpu|result_ex_reg[2]_OTERM1537_OTERM1885_OTERM2091_OTERM2473
    Info (332115):    Launch Clock : emu|pll|pll_inst|altera_pll_i|general[1].gpll~PLL_OUTPUT_COUNTER|divclk
    Info (332115):    Latch Clock  : emu|pll|pll_inst|altera_pll_i|general[1].gpll~PLL_OUTPUT_COUNTER|divclk
    Info (332115):    Relationship : 31.907
    Info (332115):    Clock Skew   : -0.096
    Info (332115):    Data Delay   : 203.380
Info (332115): Path #190: Setup slack is -171.769 (VIOLATED)
    Info (332115):    Slack        : -171.769 (VIOLATED)
    Info (332115):    From Node    : emu:emu|mc68881_fpu_lite:fpu_inst|mc68881_top:u_fpu|fp80_to_int_trunc~28_OTERM3157
    Info (332115):    To Node      : emu:emu|mc68881_fpu_lite:fpu_inst|mc68881_top:u_fpu|result_ex_reg[2]_OTERM1537_OTERM1885_OTERM2091_OTERM2473
    Info (332115):    Launch Clock : emu|pll|pll_inst|altera_pll_i|general[1].gpll~PLL_OUTPUT_COUNTER|divclk
    Info (332115):    Latch Clock  : emu|pll|pll_inst|altera_pll_i|general[1].gpll~PLL_OUTPUT_COUNTER|divclk
    Info (332115):    Relationship : 31.907
    Info (332115):    Clock Skew   : -0.096
    Info (332115):    Data Delay   : 203.380
Info (332115): Path #191: Setup slack is -171.769 (VIOLATED)
    Info (332115):    Slack        : -171.769 (VIOLATED)
    Info (332115):    From Node    : emu:emu|mc68881_fpu_lite:fpu_inst|mc68881_top:u_fpu|fp80_to_int_trunc~28_OTERM3157
    Info (332115):    To Node      : emu:emu|mc68881_fpu_lite:fpu_inst|mc68881_top:u_fpu|result_ex_reg[2]_OTERM1537_OTERM1885_OTERM2091_OTERM2473
    Info (332115):    Launch Clock : emu|pll|pll_inst|altera_pll_i|general[1].gpll~PLL_OUTPUT_COUNTER|divclk
    Info (332115):    Latch Clock  : emu|pll|pll_inst|altera_pll_i|general[1].gpll~PLL_OUTPUT_COUNTER|divclk
    Info (332115):    Relationship : 31.907
    Info (332115):    Clock Skew   : -0.096
    Info (332115):    Data Delay   : 203.380
Info (332115): Path #192: Setup slack is -171.769 (VIOLATED)
    Info (332115):    Slack        : -171.769 (VIOLATED)
    Info (332115):    From Node    : emu:emu|mc68881_fpu_lite:fpu_inst|mc68881_top:u_fpu|fp80_to_int_trunc~28_OTERM3157
    Info (332115):    To Node      : emu:emu|mc68881_fpu_lite:fpu_inst|mc68881_top:u_fpu|result_ex_reg[2]_OTERM1537_OTERM1885_OTERM2091_OTERM2473
    Info (332115):    Launch Clock : emu|pll|pll_inst|altera_pll_i|general[1].gpll~PLL_OUTPUT_COUNTER|divclk
    Info (332115):    Latch Clock  : emu|pll|pll_inst|altera_pll_i|general[1].gpll~PLL_OUTPUT_COUNTER|divclk
    Info (332115):    Relationship : 31.907
    Info (332115):    Clock Skew   : -0.096
    Info (332115):    Data Delay   : 203.380
Info (332115): Path #193: Setup slack is -171.769 (VIOLATED)
    Info (332115):    Slack        : -171.769 (VIOLATED)
    Info (332115):    From Node    : emu:emu|mc68881_fpu_lite:fpu_inst|mc68881_top:u_fpu|fp80_to_int_trunc~28_OTERM3157
    Info (332115):    To Node      : emu:emu|mc68881_fpu_lite:fpu_inst|mc68881_top:u_fpu|result_ex_reg[2]_OTERM1537_OTERM1885_OTERM2091_OTERM2473
    Info (332115):    Launch Clock : emu|pll|pll_inst|altera_pll_i|general[1].gpll~PLL_OUTPUT_COUNTER|divclk
    Info (332115):    Latch Clock  : emu|pll|pll_inst|altera_pll_i|general[1].gpll~PLL_OUTPUT_COUNTER|divclk
    Info (332115):    Relationship : 31.907
    Info (332115):    Clock Skew   : -0.096
    Info (332115):    Data Delay   : 203.380
Info (332115): Path #194: Setup slack is -171.769 (VIOLATED)
    Info (332115):    Slack        : -171.769 (VIOLATED)
    Info (332115):    From Node    : emu:emu|mc68881_fpu_lite:fpu_inst|mc68881_top:u_fpu|fp80_to_int_trunc~28_OTERM3157
    Info (332115):    To Node      : emu:emu|mc68881_fpu_lite:fpu_inst|mc68881_top:u_fpu|result_ex_reg[2]_OTERM1537_OTERM1885_OTERM2091_OTERM2473
    Info (332115):    Launch Clock : emu|pll|pll_inst|altera_pll_i|general[1].gpll~PLL_OUTPUT_COUNTER|divclk
    Info (332115):    Latch Clock  : emu|pll|pll_inst|altera_pll_i|general[1].gpll~PLL_OUTPUT_COUNTER|divclk
    Info (332115):    Relationship : 31.907
    Info (332115):    Clock Skew   : -0.096
    Info (332115):    Data Delay   : 203.380
Info (332115): Path #195: Setup slack is -171.769 (VIOLATED)
    Info (332115):    Slack        : -171.769 (VIOLATED)
    Info (332115):    From Node    : emu:emu|mc68881_fpu_lite:fpu_inst|mc68881_top:u_fpu|fp80_to_int_trunc~28_OTERM3157
    Info (332115):    To Node      : emu:emu|mc68881_fpu_lite:fpu_inst|mc68881_top:u_fpu|result_ex_reg[2]_OTERM1537_OTERM1885_OTERM2091_OTERM2473
    Info (332115):    Launch Clock : emu|pll|pll_inst|altera_pll_i|general[1].gpll~PLL_OUTPUT_COUNTER|divclk
    Info (332115):    Latch Clock  : emu|pll|pll_inst|altera_pll_i|general[1].gpll~PLL_OUTPUT_COUNTER|divclk
    Info (332115):    Relationship : 31.907
    Info (332115):    Clock Skew   : -0.096
    Info (332115):    Data Delay   : 203.380
Info (332115): Path #196: Setup slack is -171.769 (VIOLATED)
    Info (332115):    Slack        : -171.769 (VIOLATED)
    Info (332115):    From Node    : emu:emu|mc68881_fpu_lite:fpu_inst|mc68881_top:u_fpu|fp80_to_int_trunc~28_OTERM3157
    Info (332115):    To Node      : emu:emu|mc68881_fpu_lite:fpu_inst|mc68881_top:u_fpu|result_ex_reg[2]_OTERM1537_OTERM1885_OTERM2091_OTERM2473
    Info (332115):    Launch Clock : emu|pll|pll_inst|altera_pll_i|general[1].gpll~PLL_OUTPUT_COUNTER|divclk
    Info (332115):    Latch Clock  : emu|pll|pll_inst|altera_pll_i|general[1].gpll~PLL_OUTPUT_COUNTER|divclk
    Info (332115):    Relationship : 31.907
    Info (332115):    Clock Skew   : -0.096
    Info (332115):    Data Delay   : 203.380
Info (332115): Path #197: Setup slack is -171.769 (VIOLATED)
    Info (332115):    Slack        : -171.769 (VIOLATED)
    Info (332115):    From Node    : emu:emu|mc68881_fpu_lite:fpu_inst|mc68881_top:u_fpu|fp80_to_int_trunc~28_OTERM3157
    Info (332115):    To Node      : emu:emu|mc68881_fpu_lite:fpu_inst|mc68881_top:u_fpu|result_ex_reg[2]_OTERM1537_OTERM1885_OTERM2091_OTERM2473
    Info (332115):    Launch Clock : emu|pll|pll_inst|altera_pll_i|general[1].gpll~PLL_OUTPUT_COUNTER|divclk
    Info (332115):    Latch Clock  : emu|pll|pll_inst|altera_pll_i|general[1].gpll~PLL_OUTPUT_COUNTER|divclk
    Info (332115):    Relationship : 31.907
    Info (332115):    Clock Skew   : -0.096
    Info (332115):    Data Delay   : 203.380
Info (332115): Path #198: Setup slack is -171.769 (VIOLATED)
    Info (332115):    Slack        : -171.769 (VIOLATED)
    Info (332115):    From Node    : emu:emu|mc68881_fpu_lite:fpu_inst|mc68881_top:u_fpu|fp80_to_int_trunc~28_OTERM3157
    Info (332115):    To Node      : emu:emu|mc68881_fpu_lite:fpu_inst|mc68881_top:u_fpu|result_ex_reg[2]_OTERM1537_OTERM1885_OTERM2091_OTERM2473
    Info (332115):    Launch Clock : emu|pll|pll_inst|altera_pll_i|general[1].gpll~PLL_OUTPUT_COUNTER|divclk
    Info (332115):    Latch Clock  : emu|pll|pll_inst|altera_pll_i|general[1].gpll~PLL_OUTPUT_COUNTER|divclk
    Info (332115):    Relationship : 31.907
    Info (332115):    Clock Skew   : -0.096
    Info (332115):    Data Delay   : 203.380
Info (332115): Path #199: Setup slack is -171.769 (VIOLATED)
    Info (332115):    Slack        : -171.769 (VIOLATED)
    Info (332115):    From Node    : emu:emu|mc68881_fpu_lite:fpu_inst|mc68881_top:u_fpu|fp80_to_int_trunc~28_OTERM3157
    Info (332115):    To Node      : emu:emu|mc68881_fpu_lite:fpu_inst|mc68881_top:u_fpu|result_ex_reg[2]_OTERM1537_OTERM1885_OTERM2091_OTERM2473
    Info (332115):    Launch Clock : emu|pll|pll_inst|altera_pll_i|general[1].gpll~PLL_OUTPUT_COUNTER|divclk
    Info (332115):    Latch Clock  : emu|pll|pll_inst|altera_pll_i|general[1].gpll~PLL_OUTPUT_COUNTER|divclk
    Info (332115):    Relationship : 31.907
    Info (332115):    Clock Skew   : -0.096
    Info (332115):    Data Delay   : 203.380
Info (332115): Path #200: Setup slack is -171.769 (VIOLATED)
    Info (332115):    Slack        : -171.769 (VIOLATED)
    Info (332115):    From Node    : emu:emu|mc68881_fpu_lite:fpu_inst|mc68881_top:u_fpu|fp80_to_int_trunc~28_OTERM3157
    Info (332115):    To Node      : emu:emu|mc68881_fpu_lite:fpu_inst|mc68881_top:u_fpu|result_ex_reg[2]_OTERM1537_OTERM1885_OTERM2091_OTERM2473
    Info (332115):    Launch Clock : emu|pll|pll_inst|altera_pll_i|general[1].gpll~PLL_OUTPUT_COUNTER|divclk
    Info (332115):    Latch Clock  : emu|pll|pll_inst|altera_pll_i|general[1].gpll~PLL_OUTPUT_COUNTER|divclk
    Info (332115):    Relationship : 31.907
    Info (332115):    Clock Skew   : -0.096
    Info (332115):    Data Delay   : 203.380
Info (332115): Path #201: Setup slack is -171.769 (VIOLATED)
    Info (332115):    Slack        : -171.769 (VIOLATED)
    Info (332115):    From Node    : emu:emu|mc68881_fpu_lite:fpu_inst|mc68881_top:u_fpu|fp80_to_int_trunc~28_OTERM3157
    Info (332115):    To Node      : emu:emu|mc68881_fpu_lite:fpu_inst|mc68881_top:u_fpu|result_ex_reg[2]_OTERM1537_OTERM1885_OTERM2091_OTERM2473
    Info (332115):    Launch Clock : emu|pll|pll_inst|altera_pll_i|general[1].gpll~PLL_OUTPUT_COUNTER|divclk
    Info (332115):    Latch Clock  : emu|pll|pll_inst|altera_pll_i|general[1].gpll~PLL_OUTPUT_COUNTER|divclk
    Info (332115):    Relationship : 31.907
    Info (332115):    Clock Skew   : -0.096
    Info (332115):    Data Delay   : 203.380
Info (332115): Path #202: Setup slack is -171.769 (VIOLATED)
    Info (332115):    Slack        : -171.769 (VIOLATED)
    Info (332115):    From Node    : emu:emu|mc68881_fpu_lite:fpu_inst|mc68881_top:u_fpu|fp80_to_int_trunc~28_OTERM3157
    Info (332115):    To Node      : emu:emu|mc68881_fpu_lite:fpu_inst|mc68881_top:u_fpu|result_ex_reg[2]_OTERM1537_OTERM1885_OTERM2091_OTERM2473
    Info (332115):    Launch Clock : emu|pll|pll_inst|altera_pll_i|general[1].gpll~PLL_OUTPUT_COUNTER|divclk
    Info (332115):    Latch Clock  : emu|pll|pll_inst|altera_pll_i|general[1].gpll~PLL_OUTPUT_COUNTER|divclk
    Info (332115):    Relationship : 31.907
    Info (332115):    Clock Skew   : -0.096
    Info (332115):    Data Delay   : 203.380
Info (332115): Path #203: Setup slack is -171.769 (VIOLATED)
    Info (332115):    Slack        : -171.769 (VIOLATED)
    Info (332115):    From Node    : emu:emu|mc68881_fpu_lite:fpu_inst|mc68881_top:u_fpu|fp80_to_int_trunc~28_OTERM3157
    Info (332115):    To Node      : emu:emu|mc68881_fpu_lite:fpu_inst|mc68881_top:u_fpu|result_ex_reg[2]_OTERM1537_OTERM1885_OTERM2091_OTERM2473
    Info (332115):    Launch Clock : emu|pll|pll_inst|altera_pll_i|general[1].gpll~PLL_OUTPUT_COUNTER|divclk
    Info (332115):    Latch Clock  : emu|pll|pll_inst|altera_pll_i|general[1].gpll~PLL_OUTPUT_COUNTER|divclk
    Info (332115):    Relationship : 31.907
    Info (332115):    Clock Skew   : -0.096
    Info (332115):    Data Delay   : 203.380
Info (332115): Path #204: Setup slack is -171.769 (VIOLATED)
    Info (332115):    Slack        : -171.769 (VIOLATED)
    Info (332115):    From Node    : emu:emu|mc68881_fpu_lite:fpu_inst|mc68881_top:u_fpu|fp80_to_int_trunc~28_OTERM3157
    Info (332115):    To Node      : emu:emu|mc68881_fpu_lite:fpu_inst|mc68881_top:u_fpu|result_ex_reg[2]_OTERM1537_OTERM1885_OTERM2091_OTERM2473
    Info (332115):    Launch Clock : emu|pll|pll_inst|altera_pll_i|general[1].gpll~PLL_OUTPUT_COUNTER|divclk
    Info (332115):    Latch Clock  : emu|pll|pll_inst|altera_pll_i|general[1].gpll~PLL_OUTPUT_COUNTER|divclk
    Info (332115):    Relationship : 31.907
    Info (332115):    Clock Skew   : -0.096
    Info (332115):    Data Delay   : 203.380
Info (332115): Path #205: Setup slack is -171.769 (VIOLATED)
    Info (332115):    Slack        : -171.769 (VIOLATED)
    Info (332115):    From Node    : emu:emu|mc68881_fpu_lite:fpu_inst|mc68881_top:u_fpu|fp80_to_int_trunc~28_OTERM3157
    Info (332115):    To Node      : emu:emu|mc68881_fpu_lite:fpu_inst|mc68881_top:u_fpu|result_ex_reg[2]_OTERM1537_OTERM1885_OTERM2091_OTERM2473
    Info (332115):    Launch Clock : emu|pll|pll_inst|altera_pll_i|general[1].gpll~PLL_OUTPUT_COUNTER|divclk
    Info (332115):    Latch Clock  : emu|pll|pll_inst|altera_pll_i|general[1].gpll~PLL_OUTPUT_COUNTER|divclk
    Info (332115):    Relationship : 31.907
    Info (332115):    Clock Skew   : -0.096
    Info (332115):    Data Delay   : 203.380
Info (332115): Path #206: Setup slack is -171.769 (VIOLATED)
    Info (332115):    Slack        : -171.769 (VIOLATED)
    Info (332115):    From Node    : emu:emu|mc68881_fpu_lite:fpu_inst|mc68881_top:u_fpu|fp80_to_int_trunc~28_OTERM3157
    Info (332115):    To Node      : emu:emu|mc68881_fpu_lite:fpu_inst|mc68881_top:u_fpu|result_ex_reg[2]_OTERM1537_OTERM1885_OTERM2091_OTERM2473
    Info (332115):    Launch Clock : emu|pll|pll_inst|altera_pll_i|general[1].gpll~PLL_OUTPUT_COUNTER|divclk
    Info (332115):    Latch Clock  : emu|pll|pll_inst|altera_pll_i|general[1].gpll~PLL_OUTPUT_COUNTER|divclk
    Info (332115):    Relationship : 31.907
    Info (332115):    Clock Skew   : -0.096
    Info (332115):    Data Delay   : 203.380
Info (332115): Path #207: Setup slack is -171.769 (VIOLATED)
    Info (332115):    Slack        : -171.769 (VIOLATED)
    Info (332115):    From Node    : emu:emu|mc68881_fpu_lite:fpu_inst|mc68881_top:u_fpu|fp80_to_int_trunc~28_OTERM3157
    Info (332115):    To Node      : emu:emu|mc68881_fpu_lite:fpu_inst|mc68881_top:u_fpu|result_ex_reg[2]_OTERM1537_OTERM1885_OTERM2091_OTERM2473
    Info (332115):    Launch Clock : emu|pll|pll_inst|altera_pll_i|general[1].gpll~PLL_OUTPUT_COUNTER|divclk
    Info (332115):    Latch Clock  : emu|pll|pll_inst|altera_pll_i|general[1].gpll~PLL_OUTPUT_COUNTER|divclk
    Info (332115):    Relationship : 31.907
    Info (332115):    Clock Skew   : -0.096
    Info (332115):    Data Delay   : 203.380
Info (332115): Path #208: Setup slack is -171.769 (VIOLATED)
    Info (332115):    Slack        : -171.769 (VIOLATED)
    Info (332115):    From Node    : emu:emu|mc68881_fpu_lite:fpu_inst|mc68881_top:u_fpu|fp80_to_int_trunc~28_OTERM3157
    Info (332115):    To Node      : emu:emu|mc68881_fpu_lite:fpu_inst|mc68881_top:u_fpu|result_ex_reg[2]_OTERM1537_OTERM1885_OTERM2091_OTERM2473
    Info (332115):    Launch Clock : emu|pll|pll_inst|altera_pll_i|general[1].gpll~PLL_OUTPUT_COUNTER|divclk
    Info (332115):    Latch Clock  : emu|pll|pll_inst|altera_pll_i|general[1].gpll~PLL_OUTPUT_COUNTER|divclk
    Info (332115):    Relationship : 31.907
    Info (332115):    Clock Skew   : -0.096
    Info (332115):    Data Delay   : 203.380
Info (332115): Path #209: Setup slack is -171.769 (VIOLATED)
    Info (332115):    Slack        : -171.769 (VIOLATED)
    Info (332115):    From Node    : emu:emu|mc68881_fpu_lite:fpu_inst|mc68881_top:u_fpu|fp80_to_int_trunc~28_OTERM3157
    Info (332115):    To Node      : emu:emu|mc68881_fpu_lite:fpu_inst|mc68881_top:u_fpu|result_ex_reg[2]_OTERM1537_OTERM1885_OTERM2091_OTERM2473
    Info (332115):    Launch Clock : emu|pll|pll_inst|altera_pll_i|general[1].gpll~PLL_OUTPUT_COUNTER|divclk
    Info (332115):    Latch Clock  : emu|pll|pll_inst|altera_pll_i|general[1].gpll~PLL_OUTPUT_COUNTER|divclk
    Info (332115):    Relationship : 31.907
    Info (332115):    Clock Skew   : -0.096
    Info (332115):    Data Delay   : 203.380
Info (332115): Path #210: Setup slack is -171.769 (VIOLATED)
    Info (332115):    Slack        : -171.769 (VIOLATED)
    Info (332115):    From Node    : emu:emu|mc68881_fpu_lite:fpu_inst|mc68881_top:u_fpu|fp80_to_int_trunc~28_OTERM3157
    Info (332115):    To Node      : emu:emu|mc68881_fpu_lite:fpu_inst|mc68881_top:u_fpu|result_ex_reg[2]_OTERM1537_OTERM1885_OTERM2091_OTERM2473
    Info (332115):    Launch Clock : emu|pll|pll_inst|altera_pll_i|general[1].gpll~PLL_OUTPUT_COUNTER|divclk
    Info (332115):    Latch Clock  : emu|pll|pll_inst|altera_pll_i|general[1].gpll~PLL_OUTPUT_COUNTER|divclk
    Info (332115):    Relationship : 31.907
    Info (332115):    Clock Skew   : -0.096
    Info (332115):    Data Delay   : 203.380
Info (332115): Path #211: Setup slack is -171.769 (VIOLATED)
    Info (332115):    Slack        : -171.769 (VIOLATED)
    Info (332115):    From Node    : emu:emu|mc68881_fpu_lite:fpu_inst|mc68881_top:u_fpu|fp80_to_int_trunc~28_OTERM3157
    Info (332115):    To Node      : emu:emu|mc68881_fpu_lite:fpu_inst|mc68881_top:u_fpu|result_ex_reg[2]_OTERM1537_OTERM1885_OTERM2091_OTERM2473
    Info (332115):    Launch Clock : emu|pll|pll_inst|altera_pll_i|general[1].gpll~PLL_OUTPUT_COUNTER|divclk
    Info (332115):    Latch Clock  : emu|pll|pll_inst|altera_pll_i|general[1].gpll~PLL_OUTPUT_COUNTER|divclk
    Info (332115):    Relationship : 31.907
    Info (332115):    Clock Skew   : -0.096
    Info (332115):    Data Delay   : 203.380
Info (332115): Path #212: Setup slack is -171.769 (VIOLATED)
    Info (332115):    Slack        : -171.769 (VIOLATED)
    Info (332115):    From Node    : emu:emu|mc68881_fpu_lite:fpu_inst|mc68881_top:u_fpu|fp80_to_int_trunc~28_OTERM3157
    Info (332115):    To Node      : emu:emu|mc68881_fpu_lite:fpu_inst|mc68881_top:u_fpu|result_ex_reg[2]_OTERM1537_OTERM1885_OTERM2091_OTERM2473
    Info (332115):    Launch Clock : emu|pll|pll_inst|altera_pll_i|general[1].gpll~PLL_OUTPUT_COUNTER|divclk
    Info (332115):    Latch Clock  : emu|pll|pll_inst|altera_pll_i|general[1].gpll~PLL_OUTPUT_COUNTER|divclk
    Info (332115):    Relationship : 31.907
    Info (332115):    Clock Skew   : -0.096
    Info (332115):    Data Delay   : 203.380
Info (332115): Path #213: Setup slack is -171.769 (VIOLATED)
    Info (332115):    Slack        : -171.769 (VIOLATED)
    Info (332115):    From Node    : emu:emu|mc68881_fpu_lite:fpu_inst|mc68881_top:u_fpu|fp80_to_int_trunc~28_OTERM3157
    Info (332115):    To Node      : emu:emu|mc68881_fpu_lite:fpu_inst|mc68881_top:u_fpu|result_ex_reg[2]_OTERM1537_OTERM1885_OTERM2091_OTERM2473
    Info (332115):    Launch Clock : emu|pll|pll_inst|altera_pll_i|general[1].gpll~PLL_OUTPUT_COUNTER|divclk
    Info (332115):    Latch Clock  : emu|pll|pll_inst|altera_pll_i|general[1].gpll~PLL_OUTPUT_COUNTER|divclk
    Info (332115):    Relationship : 31.907
    Info (332115):    Clock Skew   : -0.096
    Info (332115):    Data Delay   : 203.380
Info (332115): Path #214: Setup slack is -171.769 (VIOLATED)
    Info (332115):    Slack        : -171.769 (VIOLATED)
    Info (332115):    From Node    : emu:emu|mc68881_fpu_lite:fpu_inst|mc68881_top:u_fpu|fp80_to_int_trunc~28_OTERM3157
    Info (332115):    To Node      : emu:emu|mc68881_fpu_lite:fpu_inst|mc68881_top:u_fpu|result_ex_reg[2]_OTERM1537_OTERM1885_OTERM2091_OTERM2473
    Info (332115):    Launch Clock : emu|pll|pll_inst|altera_pll_i|general[1].gpll~PLL_OUTPUT_COUNTER|divclk
    Info (332115):    Latch Clock  : emu|pll|pll_inst|altera_pll_i|general[1].gpll~PLL_OUTPUT_COUNTER|divclk
    Info (332115):    Relationship : 31.907
    Info (332115):    Clock Skew   : -0.096
    Info (332115):    Data Delay   : 203.380
Info (332115): Path #215: Setup slack is -171.769 (VIOLATED)
    Info (332115):    Slack        : -171.769 (VIOLATED)
    Info (332115):    From Node    : emu:emu|mc68881_fpu_lite:fpu_inst|mc68881_top:u_fpu|fp80_to_int_trunc~28_OTERM3157
    Info (332115):    To Node      : emu:emu|mc68881_fpu_lite:fpu_inst|mc68881_top:u_fpu|result_ex_reg[2]_OTERM1537_OTERM1885_OTERM2091_OTERM2473
    Info (332115):    Launch Clock : emu|pll|pll_inst|altera_pll_i|general[1].gpll~PLL_OUTPUT_COUNTER|divclk
    Info (332115):    Latch Clock  : emu|pll|pll_inst|altera_pll_i|general[1].gpll~PLL_OUTPUT_COUNTER|divclk
    Info (332115):    Relationship : 31.907
    Info (332115):    Clock Skew   : -0.096
    Info (332115):    Data Delay   : 203.380
Info (332115): Path #216: Setup slack is -171.769 (VIOLATED)
    Info (332115):    Slack        : -171.769 (VIOLATED)
    Info (332115):    From Node    : emu:emu|mc68881_fpu_lite:fpu_inst|mc68881_top:u_fpu|fp80_to_int_trunc~28_OTERM3157
    Info (332115):    To Node      : emu:emu|mc68881_fpu_lite:fpu_inst|mc68881_top:u_fpu|result_ex_reg[2]_OTERM1537_OTERM1885_OTERM2091_OTERM2473
    Info (332115):    Launch Clock : emu|pll|pll_inst|altera_pll_i|general[1].gpll~PLL_OUTPUT_COUNTER|divclk
    Info (332115):    Latch Clock  : emu|pll|pll_inst|altera_pll_i|general[1].gpll~PLL_OUTPUT_COUNTER|divclk
    Info (332115):    Relationship : 31.907
    Info (332115):    Clock Skew   : -0.096
    Info (332115):    Data Delay   : 203.380
Info (332115): Path #217: Setup slack is -171.769 (VIOLATED)
    Info (332115):    Slack        : -171.769 (VIOLATED)
    Info (332115):    From Node    : emu:emu|mc68881_fpu_lite:fpu_inst|mc68881_top:u_fpu|fp80_to_int_trunc~28_OTERM3157
    Info (332115):    To Node      : emu:emu|mc68881_fpu_lite:fpu_inst|mc68881_top:u_fpu|result_ex_reg[2]_OTERM1537_OTERM1885_OTERM2091_OTERM2473
    Info (332115):    Launch Clock : emu|pll|pll_inst|altera_pll_i|general[1].gpll~PLL_OUTPUT_COUNTER|divclk
    Info (332115):    Latch Clock  : emu|pll|pll_inst|altera_pll_i|general[1].gpll~PLL_OUTPUT_COUNTER|divclk
    Info (332115):    Relationship : 31.907
    Info (332115):    Clock Skew   : -0.096
    Info (332115):    Data Delay   : 203.380
Info (332115): Path #218: Setup slack is -171.769 (VIOLATED)
    Info (332115):    Slack        : -171.769 (VIOLATED)
    Info (332115):    From Node    : emu:emu|mc68881_fpu_lite:fpu_inst|mc68881_top:u_fpu|fp80_to_int_trunc~28_OTERM3157
    Info (332115):    To Node      : emu:emu|mc68881_fpu_lite:fpu_inst|mc68881_top:u_fpu|result_ex_reg[2]_OTERM1537_OTERM1885_OTERM2091_OTERM2473
    Info (332115):    Launch Clock : emu|pll|pll_inst|altera_pll_i|general[1].gpll~PLL_OUTPUT_COUNTER|divclk
    Info (332115):    Latch Clock  : emu|pll|pll_inst|altera_pll_i|general[1].gpll~PLL_OUTPUT_COUNTER|divclk
    Info (332115):    Relationship : 31.907
    Info (332115):    Clock Skew   : -0.096
    Info (332115):    Data Delay   : 203.380
Info (332115): Path #219: Setup slack is -171.769 (VIOLATED)
    Info (332115):    Slack        : -171.769 (VIOLATED)
    Info (332115):    From Node    : emu:emu|mc68881_fpu_lite:fpu_inst|mc68881_top:u_fpu|fp80_to_int_trunc~28_OTERM3157
    Info (332115):    To Node      : emu:emu|mc68881_fpu_lite:fpu_inst|mc68881_top:u_fpu|result_ex_reg[2]_OTERM1537_OTERM1885_OTERM2091_OTERM2473
    Info (332115):    Launch Clock : emu|pll|pll_inst|altera_pll_i|general[1].gpll~PLL_OUTPUT_COUNTER|divclk
    Info (332115):    Latch Clock  : emu|pll|pll_inst|altera_pll_i|general[1].gpll~PLL_OUTPUT_COUNTER|divclk
    Info (332115):    Relationship : 31.907
    Info (332115):    Clock Skew   : -0.096
    Info (332115):    Data Delay   : 203.380
Info (332115): Path #220: Setup slack is -171.769 (VIOLATED)
    Info (332115):    Slack        : -171.769 (VIOLATED)
    Info (332115):    From Node    : emu:emu|mc68881_fpu_lite:fpu_inst|mc68881_top:u_fpu|fp80_to_int_trunc~28_OTERM3157
    Info (332115):    To Node      : emu:emu|mc68881_fpu_lite:fpu_inst|mc68881_top:u_fpu|result_ex_reg[2]_OTERM1537_OTERM1885_OTERM2091_OTERM2473
    Info (332115):    Launch Clock : emu|pll|pll_inst|altera_pll_i|general[1].gpll~PLL_OUTPUT_COUNTER|divclk
    Info (332115):    Latch Clock  : emu|pll|pll_inst|altera_pll_i|general[1].gpll~PLL_OUTPUT_COUNTER|divclk
    Info (332115):    Relationship : 31.907
    Info (332115):    Clock Skew   : -0.096
    Info (332115):    Data Delay   : 203.380
Info (332115): Path #221: Setup slack is -171.769 (VIOLATED)
    Info (332115):    Slack        : -171.769 (VIOLATED)
    Info (332115):    From Node    : emu:emu|mc68881_fpu_lite:fpu_inst|mc68881_top:u_fpu|fp80_to_int_trunc~28_OTERM3157
    Info (332115):    To Node      : emu:emu|mc68881_fpu_lite:fpu_inst|mc68881_top:u_fpu|result_ex_reg[2]_OTERM1537_OTERM1885_OTERM2091_OTERM2473
    Info (332115):    Launch Clock : emu|pll|pll_inst|altera_pll_i|general[1].gpll~PLL_OUTPUT_COUNTER|divclk
    Info (332115):    Latch Clock  : emu|pll|pll_inst|altera_pll_i|general[1].gpll~PLL_OUTPUT_COUNTER|divclk
    Info (332115):    Relationship : 31.907
    Info (332115):    Clock Skew   : -0.096
    Info (332115):    Data Delay   : 203.380
Info (332115): Path #222: Setup slack is -171.769 (VIOLATED)
    Info (332115):    Slack        : -171.769 (VIOLATED)
    Info (332115):    From Node    : emu:emu|mc68881_fpu_lite:fpu_inst|mc68881_top:u_fpu|fp80_to_int_trunc~28_OTERM3157
    Info (332115):    To Node      : emu:emu|mc68881_fpu_lite:fpu_inst|mc68881_top:u_fpu|result_ex_reg[2]_OTERM1537_OTERM1885_OTERM2091_OTERM2473
    Info (332115):    Launch Clock : emu|pll|pll_inst|altera_pll_i|general[1].gpll~PLL_OUTPUT_COUNTER|divclk
    Info (332115):    Latch Clock  : emu|pll|pll_inst|altera_pll_i|general[1].gpll~PLL_OUTPUT_COUNTER|divclk
    Info (332115):    Relationship : 31.907
    Info (332115):    Clock Skew   : -0.096
    Info (332115):    Data Delay   : 203.380
Info (332115): Path #223: Setup slack is -171.769 (VIOLATED)
    Info (332115):    Slack        : -171.769 (VIOLATED)
    Info (332115):    From Node    : emu:emu|mc68881_fpu_lite:fpu_inst|mc68881_top:u_fpu|fp80_to_int_trunc~28_OTERM3157
    Info (332115):    To Node      : emu:emu|mc68881_fpu_lite:fpu_inst|mc68881_top:u_fpu|result_ex_reg[2]_OTERM1537_OTERM1885_OTERM2091_OTERM2473
    Info (332115):    Launch Clock : emu|pll|pll_inst|altera_pll_i|general[1].gpll~PLL_OUTPUT_COUNTER|divclk
    Info (332115):    Latch Clock  : emu|pll|pll_inst|altera_pll_i|general[1].gpll~PLL_OUTPUT_COUNTER|divclk
    Info (332115):    Relationship : 31.907
    Info (332115):    Clock Skew   : -0.096
    Info (332115):    Data Delay   : 203.380
Info (332115): Path #224: Setup slack is -171.769 (VIOLATED)
    Info (332115):    Slack        : -171.769 (VIOLATED)
    Info (332115):    From Node    : emu:emu|mc68881_fpu_lite:fpu_inst|mc68881_top:u_fpu|fp80_to_int_trunc~28_OTERM3157
    Info (332115):    To Node      : emu:emu|mc68881_fpu_lite:fpu_inst|mc68881_top:u_fpu|result_ex_reg[2]_OTERM1537_OTERM1885_OTERM2091_OTERM2473
    Info (332115):    Launch Clock : emu|pll|pll_inst|altera_pll_i|general[1].gpll~PLL_OUTPUT_COUNTER|divclk
    Info (332115):    Latch Clock  : emu|pll|pll_inst|altera_pll_i|general[1].gpll~PLL_OUTPUT_COUNTER|divclk
    Info (332115):    Relationship : 31.907
    Info (332115):    Clock Skew   : -0.096
    Info (332115):    Data Delay   : 203.380
Info (332115): Path #225: Setup slack is -171.769 (VIOLATED)
    Info (332115):    Slack        : -171.769 (VIOLATED)
    Info (332115):    From Node    : emu:emu|mc68881_fpu_lite:fpu_inst|mc68881_top:u_fpu|fp80_to_int_trunc~28_OTERM3157
    Info (332115):    To Node      : emu:emu|mc68881_fpu_lite:fpu_inst|mc68881_top:u_fpu|result_ex_reg[2]_OTERM1537_OTERM1885_OTERM2091_OTERM2473
    Info (332115):    Launch Clock : emu|pll|pll_inst|altera_pll_i|general[1].gpll~PLL_OUTPUT_COUNTER|divclk
    Info (332115):    Latch Clock  : emu|pll|pll_inst|altera_pll_i|general[1].gpll~PLL_OUTPUT_COUNTER|divclk
    Info (332115):    Relationship : 31.907
    Info (332115):    Clock Skew   : -0.096
    Info (332115):    Data Delay   : 203.380
Info (332115): Path #226: Setup slack is -171.769 (VIOLATED)
    Info (332115):    Slack        : -171.769 (VIOLATED)
    Info (332115):    From Node    : emu:emu|mc68881_fpu_lite:fpu_inst|mc68881_top:u_fpu|fp80_to_int_trunc~28_OTERM3157
    Info (332115):    To Node      : emu:emu|mc68881_fpu_lite:fpu_inst|mc68881_top:u_fpu|result_ex_reg[2]_OTERM1537_OTERM1885_OTERM2091_OTERM2473
    Info (332115):    Launch Clock : emu|pll|pll_inst|altera_pll_i|general[1].gpll~PLL_OUTPUT_COUNTER|divclk
    Info (332115):    Latch Clock  : emu|pll|pll_inst|altera_pll_i|general[1].gpll~PLL_OUTPUT_COUNTER|divclk
    Info (332115):    Relationship : 31.907
    Info (332115):    Clock Skew   : -0.096
    Info (332115):    Data Delay   : 203.380
Info (332115): Path #227: Setup slack is -171.769 (VIOLATED)
    Info (332115):    Slack        : -171.769 (VIOLATED)
    Info (332115):    From Node    : emu:emu|mc68881_fpu_lite:fpu_inst|mc68881_top:u_fpu|fp80_to_int_trunc~28_OTERM3157
    Info (332115):    To Node      : emu:emu|mc68881_fpu_lite:fpu_inst|mc68881_top:u_fpu|result_ex_reg[2]_OTERM1537_OTERM1885_OTERM2091_OTERM2473
    Info (332115):    Launch Clock : emu|pll|pll_inst|altera_pll_i|general[1].gpll~PLL_OUTPUT_COUNTER|divclk
    Info (332115):    Latch Clock  : emu|pll|pll_inst|altera_pll_i|general[1].gpll~PLL_OUTPUT_COUNTER|divclk
    Info (332115):    Relationship : 31.907
    Info (332115):    Clock Skew   : -0.096
    Info (332115):    Data Delay   : 203.380
Info (332115): Path #228: Setup slack is -171.769 (VIOLATED)
    Info (332115):    Slack        : -171.769 (VIOLATED)
    Info (332115):    From Node    : emu:emu|mc68881_fpu_lite:fpu_inst|mc68881_top:u_fpu|fp80_to_int_trunc~28_OTERM3157
    Info (332115):    To Node      : emu:emu|mc68881_fpu_lite:fpu_inst|mc68881_top:u_fpu|result_ex_reg[2]_OTERM1537_OTERM1885_OTERM2091_OTERM2473
    Info (332115):    Launch Clock : emu|pll|pll_inst|altera_pll_i|general[1].gpll~PLL_OUTPUT_COUNTER|divclk
    Info (332115):    Latch Clock  : emu|pll|pll_inst|altera_pll_i|general[1].gpll~PLL_OUTPUT_COUNTER|divclk
    Info (332115):    Relationship : 31.907
    Info (332115):    Clock Skew   : -0.096
    Info (332115):    Data Delay   : 203.380
Info (332115): Path #229: Setup slack is -171.769 (VIOLATED)
    Info (332115):    Slack        : -171.769 (VIOLATED)
    Info (332115):    From Node    : emu:emu|mc68881_fpu_lite:fpu_inst|mc68881_top:u_fpu|fp80_to_int_trunc~28_OTERM3157
    Info (332115):    To Node      : emu:emu|mc68881_fpu_lite:fpu_inst|mc68881_top:u_fpu|result_ex_reg[2]_OTERM1537_OTERM1885_OTERM2091_OTERM2473
    Info (332115):    Launch Clock : emu|pll|pll_inst|altera_pll_i|general[1].gpll~PLL_OUTPUT_COUNTER|divclk
    Info (332115):    Latch Clock  : emu|pll|pll_inst|altera_pll_i|general[1].gpll~PLL_OUTPUT_COUNTER|divclk
    Info (332115):    Relationship : 31.907
    Info (332115):    Clock Skew   : -0.096
    Info (332115):    Data Delay   : 203.380
Info (332115): Path #230: Setup slack is -171.769 (VIOLATED)
    Info (332115):    Slack        : -171.769 (VIOLATED)
    Info (332115):    From Node    : emu:emu|mc68881_fpu_lite:fpu_inst|mc68881_top:u_fpu|fp80_to_int_trunc~28_OTERM3157
    Info (332115):    To Node      : emu:emu|mc68881_fpu_lite:fpu_inst|mc68881_top:u_fpu|result_ex_reg[2]_OTERM1537_OTERM1885_OTERM2091_OTERM2473
    Info (332115):    Launch Clock : emu|pll|pll_inst|altera_pll_i|general[1].gpll~PLL_OUTPUT_COUNTER|divclk
    Info (332115):    Latch Clock  : emu|pll|pll_inst|altera_pll_i|general[1].gpll~PLL_OUTPUT_COUNTER|divclk
    Info (332115):    Relationship : 31.907
    Info (332115):    Clock Skew   : -0.096
    Info (332115):    Data Delay   : 203.380
Info (332115): Path #231: Setup slack is -171.769 (VIOLATED)
    Info (332115):    Slack        : -171.769 (VIOLATED)
    Info (332115):    From Node    : emu:emu|mc68881_fpu_lite:fpu_inst|mc68881_top:u_fpu|fp80_to_int_trunc~28_OTERM3157
    Info (332115):    To Node      : emu:emu|mc68881_fpu_lite:fpu_inst|mc68881_top:u_fpu|result_ex_reg[2]_OTERM1537_OTERM1885_OTERM2091_OTERM2473
    Info (332115):    Launch Clock : emu|pll|pll_inst|altera_pll_i|general[1].gpll~PLL_OUTPUT_COUNTER|divclk
    Info (332115):    Latch Clock  : emu|pll|pll_inst|altera_pll_i|general[1].gpll~PLL_OUTPUT_COUNTER|divclk
    Info (332115):    Relationship : 31.907
    Info (332115):    Clock Skew   : -0.096
    Info (332115):    Data Delay   : 203.380
Info (332115): Path #232: Setup slack is -171.769 (VIOLATED)
    Info (332115):    Slack        : -171.769 (VIOLATED)
    Info (332115):    From Node    : emu:emu|mc68881_fpu_lite:fpu_inst|mc68881_top:u_fpu|fp80_to_int_trunc~28_OTERM3157
    Info (332115):    To Node      : emu:emu|mc68881_fpu_lite:fpu_inst|mc68881_top:u_fpu|result_ex_reg[2]_OTERM1537_OTERM1885_OTERM2091_OTERM2473
    Info (332115):    Launch Clock : emu|pll|pll_inst|altera_pll_i|general[1].gpll~PLL_OUTPUT_COUNTER|divclk
    Info (332115):    Latch Clock  : emu|pll|pll_inst|altera_pll_i|general[1].gpll~PLL_OUTPUT_COUNTER|divclk
    Info (332115):    Relationship : 31.907
    Info (332115):    Clock Skew   : -0.096
    Info (332115):    Data Delay   : 203.380
Info (332115): Path #233: Setup slack is -171.769 (VIOLATED)
    Info (332115):    Slack        : -171.769 (VIOLATED)
    Info (332115):    From Node    : emu:emu|mc68881_fpu_lite:fpu_inst|mc68881_top:u_fpu|fp80_to_int_trunc~28_OTERM3157
    Info (332115):    To Node      : emu:emu|mc68881_fpu_lite:fpu_inst|mc68881_top:u_fpu|result_ex_reg[2]_OTERM1537_OTERM1885_OTERM2091_OTERM2473
    Info (332115):    Launch Clock : emu|pll|pll_inst|altera_pll_i|general[1].gpll~PLL_OUTPUT_COUNTER|divclk
    Info (332115):    Latch Clock  : emu|pll|pll_inst|altera_pll_i|general[1].gpll~PLL_OUTPUT_COUNTER|divclk
    Info (332115):    Relationship : 31.907
    Info (332115):    Clock Skew   : -0.096
    Info (332115):    Data Delay   : 203.380
Info (332115): Path #234: Setup slack is -171.769 (VIOLATED)
    Info (332115):    Slack        : -171.769 (VIOLATED)
    Info (332115):    From Node    : emu:emu|mc68881_fpu_lite:fpu_inst|mc68881_top:u_fpu|fp80_to_int_trunc~28_OTERM3157
    Info (332115):    To Node      : emu:emu|mc68881_fpu_lite:fpu_inst|mc68881_top:u_fpu|result_ex_reg[2]_OTERM1537_OTERM1885_OTERM2091_OTERM2473
    Info (332115):    Launch Clock : emu|pll|pll_inst|altera_pll_i|general[1].gpll~PLL_OUTPUT_COUNTER|divclk
    Info (332115):    Latch Clock  : emu|pll|pll_inst|altera_pll_i|general[1].gpll~PLL_OUTPUT_COUNTER|divclk
    Info (332115):    Relationship : 31.907
    Info (332115):    Clock Skew   : -0.096
    Info (332115):    Data Delay   : 203.380
Info (332115): Path #235: Setup slack is -171.769 (VIOLATED)
    Info (332115):    Slack        : -171.769 (VIOLATED)
    Info (332115):    From Node    : emu:emu|mc68881_fpu_lite:fpu_inst|mc68881_top:u_fpu|fp80_to_int_trunc~28_OTERM3157
    Info (332115):    To Node      : emu:emu|mc68881_fpu_lite:fpu_inst|mc68881_top:u_fpu|result_ex_reg[2]_OTERM1537_OTERM1885_OTERM2091_OTERM2473
    Info (332115):    Launch Clock : emu|pll|pll_inst|altera_pll_i|general[1].gpll~PLL_OUTPUT_COUNTER|divclk
    Info (332115):    Latch Clock  : emu|pll|pll_inst|altera_pll_i|general[1].gpll~PLL_OUTPUT_COUNTER|divclk
    Info (332115):    Relationship : 31.907
    Info (332115):    Clock Skew   : -0.096
    Info (332115):    Data Delay   : 203.380
Info (332115): Path #236: Setup slack is -171.769 (VIOLATED)
    Info (332115):    Slack        : -171.769 (VIOLATED)
    Info (332115):    From Node    : emu:emu|mc68881_fpu_lite:fpu_inst|mc68881_top:u_fpu|fp80_to_int_trunc~28_OTERM3157
    Info (332115):    To Node      : emu:emu|mc68881_fpu_lite:fpu_inst|mc68881_top:u_fpu|result_ex_reg[2]_OTERM1537_OTERM1885_OTERM2091_OTERM2473
    Info (332115):    Launch Clock : emu|pll|pll_inst|altera_pll_i|general[1].gpll~PLL_OUTPUT_COUNTER|divclk
    Info (332115):    Latch Clock  : emu|pll|pll_inst|altera_pll_i|general[1].gpll~PLL_OUTPUT_COUNTER|divclk
    Info (332115):    Relationship : 31.907
    Info (332115):    Clock Skew   : -0.096
    Info (332115):    Data Delay   : 203.380
Info (332115): Path #237: Setup slack is -171.769 (VIOLATED)
    Info (332115):    Slack        : -171.769 (VIOLATED)
    Info (332115):    From Node    : emu:emu|mc68881_fpu_lite:fpu_inst|mc68881_top:u_fpu|fp80_to_int_trunc~28_OTERM3157
    Info (332115):    To Node      : emu:emu|mc68881_fpu_lite:fpu_inst|mc68881_top:u_fpu|result_ex_reg[2]_OTERM1537_OTERM1885_OTERM2091_OTERM2473
    Info (332115):    Launch Clock : emu|pll|pll_inst|altera_pll_i|general[1].gpll~PLL_OUTPUT_COUNTER|divclk
    Info (332115):    Latch Clock  : emu|pll|pll_inst|altera_pll_i|general[1].gpll~PLL_OUTPUT_COUNTER|divclk
    Info (332115):    Relationship : 31.907
    Info (332115):    Clock Skew   : -0.096
    Info (332115):    Data Delay   : 203.380
Info (332115): Path #238: Setup slack is -171.769 (VIOLATED)
    Info (332115):    Slack        : -171.769 (VIOLATED)
    Info (332115):    From Node    : emu:emu|mc68881_fpu_lite:fpu_inst|mc68881_top:u_fpu|fp80_to_int_trunc~28_OTERM3157
    Info (332115):    To Node      : emu:emu|mc68881_fpu_lite:fpu_inst|mc68881_top:u_fpu|result_ex_reg[2]_OTERM1537_OTERM1885_OTERM2091_OTERM2473
    Info (332115):    Launch Clock : emu|pll|pll_inst|altera_pll_i|general[1].gpll~PLL_OUTPUT_COUNTER|divclk
    Info (332115):    Latch Clock  : emu|pll|pll_inst|altera_pll_i|general[1].gpll~PLL_OUTPUT_COUNTER|divclk
    Info (332115):    Relationship : 31.907
    Info (332115):    Clock Skew   : -0.096
    Info (332115):    Data Delay   : 203.380
Info (332115): Path #239: Setup slack is -171.769 (VIOLATED)
    Info (332115):    Slack        : -171.769 (VIOLATED)
    Info (332115):    From Node    : emu:emu|mc68881_fpu_lite:fpu_inst|mc68881_top:u_fpu|fp80_to_int_trunc~28_OTERM3157
    Info (332115):    To Node      : emu:emu|mc68881_fpu_lite:fpu_inst|mc68881_top:u_fpu|result_ex_reg[2]_OTERM1537_OTERM1885_OTERM2091_OTERM2473
    Info (332115):    Launch Clock : emu|pll|pll_inst|altera_pll_i|general[1].gpll~PLL_OUTPUT_COUNTER|divclk
    Info (332115):    Latch Clock  : emu|pll|pll_inst|altera_pll_i|general[1].gpll~PLL_OUTPUT_COUNTER|divclk
    Info (332115):    Relationship : 31.907
    Info (332115):    Clock Skew   : -0.096
    Info (332115):    Data Delay   : 203.380
Info (332115): Path #240: Setup slack is -171.769 (VIOLATED)
    Info (332115):    Slack        : -171.769 (VIOLATED)
    Info (332115):    From Node    : emu:emu|mc68881_fpu_lite:fpu_inst|mc68881_top:u_fpu|fp80_to_int_trunc~28_OTERM3157
    Info (332115):    To Node      : emu:emu|mc68881_fpu_lite:fpu_inst|mc68881_top:u_fpu|result_ex_reg[2]_OTERM1537_OTERM1885_OTERM2091_OTERM2473
    Info (332115):    Launch Clock : emu|pll|pll_inst|altera_pll_i|general[1].gpll~PLL_OUTPUT_COUNTER|divclk
    Info (332115):    Latch Clock  : emu|pll|pll_inst|altera_pll_i|general[1].gpll~PLL_OUTPUT_COUNTER|divclk
    Info (332115):    Relationship : 31.907
    Info (332115):    Clock Skew   : -0.096
    Info (332115):    Data Delay   : 203.380
Info (332115): Path #241: Setup slack is -171.769 (VIOLATED)
    Info (332115):    Slack        : -171.769 (VIOLATED)
    Info (332115):    From Node    : emu:emu|mc68881_fpu_lite:fpu_inst|mc68881_top:u_fpu|fp80_to_int_trunc~28_OTERM3157
    Info (332115):    To Node      : emu:emu|mc68881_fpu_lite:fpu_inst|mc68881_top:u_fpu|result_ex_reg[2]_OTERM1537_OTERM1885_OTERM2091_OTERM2473
    Info (332115):    Launch Clock : emu|pll|pll_inst|altera_pll_i|general[1].gpll~PLL_OUTPUT_COUNTER|divclk
    Info (332115):    Latch Clock  : emu|pll|pll_inst|altera_pll_i|general[1].gpll~PLL_OUTPUT_COUNTER|divclk
    Info (332115):    Relationship : 31.907
    Info (332115):    Clock Skew   : -0.096
    Info (332115):    Data Delay   : 203.380
Info (332115): Path #242: Setup slack is -171.769 (VIOLATED)
    Info (332115):    Slack        : -171.769 (VIOLATED)
    Info (332115):    From Node    : emu:emu|mc68881_fpu_lite:fpu_inst|mc68881_top:u_fpu|fp80_to_int_trunc~28_OTERM3157
    Info (332115):    To Node      : emu:emu|mc68881_fpu_lite:fpu_inst|mc68881_top:u_fpu|result_ex_reg[2]_OTERM1537_OTERM1885_OTERM2091_OTERM2473
    Info (332115):    Launch Clock : emu|pll|pll_inst|altera_pll_i|general[1].gpll~PLL_OUTPUT_COUNTER|divclk
    Info (332115):    Latch Clock  : emu|pll|pll_inst|altera_pll_i|general[1].gpll~PLL_OUTPUT_COUNTER|divclk
    Info (332115):    Relationship : 31.907
    Info (332115):    Clock Skew   : -0.096
    Info (332115):    Data Delay   : 203.380
Info (332115): Path #243: Setup slack is -171.769 (VIOLATED)
    Info (332115):    Slack        : -171.769 (VIOLATED)
    Info (332115):    From Node    : emu:emu|mc68881_fpu_lite:fpu_inst|mc68881_top:u_fpu|fp80_to_int_trunc~28_OTERM3157
    Info (332115):    To Node      : emu:emu|mc68881_fpu_lite:fpu_inst|mc68881_top:u_fpu|result_ex_reg[2]_OTERM1537_OTERM1885_OTERM2091_OTERM2473
    Info (332115):    Launch Clock : emu|pll|pll_inst|altera_pll_i|general[1].gpll~PLL_OUTPUT_COUNTER|divclk
    Info (332115):    Latch Clock  : emu|pll|pll_inst|altera_pll_i|general[1].gpll~PLL_OUTPUT_COUNTER|divclk
    Info (332115):    Relationship : 31.907
    Info (332115):    Clock Skew   : -0.096
    Info (332115):    Data Delay   : 203.380
Info (332115): Path #244: Setup slack is -171.769 (VIOLATED)
    Info (332115):    Slack        : -171.769 (VIOLATED)
    Info (332115):    From Node    : emu:emu|mc68881_fpu_lite:fpu_inst|mc68881_top:u_fpu|fp80_to_int_trunc~28_OTERM3157
    Info (332115):    To Node      : emu:emu|mc68881_fpu_lite:fpu_inst|mc68881_top:u_fpu|result_ex_reg[2]_OTERM1537_OTERM1885_OTERM2091_OTERM2473
    Info (332115):    Launch Clock : emu|pll|pll_inst|altera_pll_i|general[1].gpll~PLL_OUTPUT_COUNTER|divclk
    Info (332115):    Latch Clock  : emu|pll|pll_inst|altera_pll_i|general[1].gpll~PLL_OUTPUT_COUNTER|divclk
    Info (332115):    Relationship : 31.907
    Info (332115):    Clock Skew   : -0.096
    Info (332115):    Data Delay   : 203.380
Info (332115): Path #245: Setup slack is -171.769 (VIOLATED)
    Info (332115):    Slack        : -171.769 (VIOLATED)
    Info (332115):    From Node    : emu:emu|mc68881_fpu_lite:fpu_inst|mc68881_top:u_fpu|fp80_to_int_trunc~28_OTERM3157
    Info (332115):    To Node      : emu:emu|mc68881_fpu_lite:fpu_inst|mc68881_top:u_fpu|result_ex_reg[2]_OTERM1537_OTERM1885_OTERM2091_OTERM2473
    Info (332115):    Launch Clock : emu|pll|pll_inst|altera_pll_i|general[1].gpll~PLL_OUTPUT_COUNTER|divclk
    Info (332115):    Latch Clock  : emu|pll|pll_inst|altera_pll_i|general[1].gpll~PLL_OUTPUT_COUNTER|divclk
    Info (332115):    Relationship : 31.907
    Info (332115):    Clock Skew   : -0.096
    Info (332115):    Data Delay   : 203.380
Info (332115): Path #246: Setup slack is -171.769 (VIOLATED)
    Info (332115):    Slack        : -171.769 (VIOLATED)
    Info (332115):    From Node    : emu:emu|mc68881_fpu_lite:fpu_inst|mc68881_top:u_fpu|fp80_to_int_trunc~28_OTERM3157
    Info (332115):    To Node      : emu:emu|mc68881_fpu_lite:fpu_inst|mc68881_top:u_fpu|result_ex_reg[2]_OTERM1537_OTERM1885_OTERM2091_OTERM2473
    Info (332115):    Launch Clock : emu|pll|pll_inst|altera_pll_i|general[1].gpll~PLL_OUTPUT_COUNTER|divclk
    Info (332115):    Latch Clock  : emu|pll|pll_inst|altera_pll_i|general[1].gpll~PLL_OUTPUT_COUNTER|divclk
    Info (332115):    Relationship : 31.907
    Info (332115):    Clock Skew   : -0.096
    Info (332115):    Data Delay   : 203.380
Info (332115): Path #247: Setup slack is -171.769 (VIOLATED)
    Info (332115):    Slack        : -171.769 (VIOLATED)
    Info (332115):    From Node    : emu:emu|mc68881_fpu_lite:fpu_inst|mc68881_top:u_fpu|fp80_to_int_trunc~28_OTERM3157
    Info (332115):    To Node      : emu:emu|mc68881_fpu_lite:fpu_inst|mc68881_top:u_fpu|result_ex_reg[2]_OTERM1537_OTERM1885_OTERM2091_OTERM2473
    Info (332115):    Launch Clock : emu|pll|pll_inst|altera_pll_i|general[1].gpll~PLL_OUTPUT_COUNTER|divclk
    Info (332115):    Latch Clock  : emu|pll|pll_inst|altera_pll_i|general[1].gpll~PLL_OUTPUT_COUNTER|divclk
    Info (332115):    Relationship : 31.907
    Info (332115):    Clock Skew   : -0.096
    Info (332115):    Data Delay   : 203.380
Info (332115): Path #248: Setup slack is -171.769 (VIOLATED)
    Info (332115):    Slack        : -171.769 (VIOLATED)
    Info (332115):    From Node    : emu:emu|mc68881_fpu_lite:fpu_inst|mc68881_top:u_fpu|fp80_to_int_trunc~28_OTERM3157
    Info (332115):    To Node      : emu:emu|mc68881_fpu_lite:fpu_inst|mc68881_top:u_fpu|result_ex_reg[2]_OTERM1537_OTERM1885_OTERM2091_OTERM2473
    Info (332115):    Launch Clock : emu|pll|pll_inst|altera_pll_i|general[1].gpll~PLL_OUTPUT_COUNTER|divclk
    Info (332115):    Latch Clock  : emu|pll|pll_inst|altera_pll_i|general[1].gpll~PLL_OUTPUT_COUNTER|divclk
    Info (332115):    Relationship : 31.907
    Info (332115):    Clock Skew   : -0.096
    Info (332115):    Data Delay   : 203.380
Info (332115): Path #249: Setup slack is -171.769 (VIOLATED)
    Info (332115):    Slack        : -171.769 (VIOLATED)
    Info (332115):    From Node    : emu:emu|mc68881_fpu_lite:fpu_inst|mc68881_top:u_fpu|fp80_to_int_trunc~28_OTERM3157
    Info (332115):    To Node      : emu:emu|mc68881_fpu_lite:fpu_inst|mc68881_top:u_fpu|result_ex_reg[2]_OTERM1537_OTERM1885_OTERM2091_OTERM2473
    Info (332115):    Launch Clock : emu|pll|pll_inst|altera_pll_i|general[1].gpll~PLL_OUTPUT_COUNTER|divclk
    Info (332115):    Latch Clock  : emu|pll|pll_inst|altera_pll_i|general[1].gpll~PLL_OUTPUT_COUNTER|divclk
    Info (332115):    Relationship : 31.907
    Info (332115):    Clock Skew   : -0.096
    Info (332115):    Data Delay   : 203.380
Info (332115): Path #250: Setup slack is -171.769 (VIOLATED)
    Info (332115):    Slack        : -171.769 (VIOLATED)
    Info (332115):    From Node    : emu:emu|mc68881_fpu_lite:fpu_inst|mc68881_top:u_fpu|fp80_to_int_trunc~28_OTERM3157
    Info (332115):    To Node      : emu:emu|mc68881_fpu_lite:fpu_inst|mc68881_top:u_fpu|result_ex_reg[2]_OTERM1537_OTERM1885_OTERM2091_OTERM2473
    Info (332115):    Launch Clock : emu|pll|pll_inst|altera_pll_i|general[1].gpll~PLL_OUTPUT_COUNTER|divclk
    Info (332115):    Latch Clock  : emu|pll|pll_inst|altera_pll_i|general[1].gpll~PLL_OUTPUT_COUNTER|divclk
    Info (332115):    Relationship : 31.907
    Info (332115):    Clock Skew   : -0.096
    Info (332115):    Data Delay   : 203.380
Info (332115): Path #251: Setup slack is -171.769 (VIOLATED)
    Info (332115):    Slack        : -171.769 (VIOLATED)
    Info (332115):    From Node    : emu:emu|mc68881_fpu_lite:fpu_inst|mc68881_top:u_fpu|fp80_to_int_trunc~28_OTERM3157
    Info (332115):    To Node      : emu:emu|mc68881_fpu_lite:fpu_inst|mc68881_top:u_fpu|result_ex_reg[2]_OTERM1537_OTERM1885_OTERM2091_OTERM2473
    Info (332115):    Launch Clock : emu|pll|pll_inst|altera_pll_i|general[1].gpll~PLL_OUTPUT_COUNTER|divclk
    Info (332115):    Latch Clock  : emu|pll|pll_inst|altera_pll_i|general[1].gpll~PLL_OUTPUT_COUNTER|divclk
    Info (332115):    Relationship : 31.907
    Info (332115):    Clock Skew   : -0.096
    Info (332115):    Data Delay   : 203.380
Info (332115): Path #252: Setup slack is -171.769 (VIOLATED)
    Info (332115):    Slack        : -171.769 (VIOLATED)
    Info (332115):    From Node    : emu:emu|mc68881_fpu_lite:fpu_inst|mc68881_top:u_fpu|fp80_to_int_trunc~28_OTERM3157
    Info (332115):    To Node      : emu:emu|mc68881_fpu_lite:fpu_inst|mc68881_top:u_fpu|result_ex_reg[2]_OTERM1537_OTERM1885_OTERM2091_OTERM2473
    Info (332115):    Launch Clock : emu|pll|pll_inst|altera_pll_i|general[1].gpll~PLL_OUTPUT_COUNTER|divclk
    Info (332115):    Latch Clock  : emu|pll|pll_inst|altera_pll_i|general[1].gpll~PLL_OUTPUT_COUNTER|divclk
    Info (332115):    Relationship : 31.907
    Info (332115):    Clock Skew   : -0.096
    Info (332115):    Data Delay   : 203.380
Info (332115): Path #253: Setup slack is -171.769 (VIOLATED)
    Info (332115):    Slack        : -171.769 (VIOLATED)
    Info (332115):    From Node    : emu:emu|mc68881_fpu_lite:fpu_inst|mc68881_top:u_fpu|fp80_to_int_trunc~28_OTERM3157
    Info (332115):    To Node      : emu:emu|mc68881_fpu_lite:fpu_inst|mc68881_top:u_fpu|result_ex_reg[2]_OTERM1537_OTERM1885_OTERM2091_OTERM2473
    Info (332115):    Launch Clock : emu|pll|pll_inst|altera_pll_i|general[1].gpll~PLL_OUTPUT_COUNTER|divclk
    Info (332115):    Latch Clock  : emu|pll|pll_inst|altera_pll_i|general[1].gpll~PLL_OUTPUT_COUNTER|divclk
    Info (332115):    Relationship : 31.907
    Info (332115):    Clock Skew   : -0.096
    Info (332115):    Data Delay   : 203.380
Info (332115): Path #254: Setup slack is -171.769 (VIOLATED)
    Info (332115):    Slack        : -171.769 (VIOLATED)
    Info (332115):    From Node    : emu:emu|mc68881_fpu_lite:fpu_inst|mc68881_top:u_fpu|fp80_to_int_trunc~28_OTERM3157
    Info (332115):    To Node      : emu:emu|mc68881_fpu_lite:fpu_inst|mc68881_top:u_fpu|result_ex_reg[2]_OTERM1537_OTERM1885_OTERM2091_OTERM2473
    Info (332115):    Launch Clock : emu|pll|pll_inst|altera_pll_i|general[1].gpll~PLL_OUTPUT_COUNTER|divclk
    Info (332115):    Latch Clock  : emu|pll|pll_inst|altera_pll_i|general[1].gpll~PLL_OUTPUT_COUNTER|divclk
    Info (332115):    Relationship : 31.907
    Info (332115):    Clock Skew   : -0.096
    Info (332115):    Data Delay   : 203.380
Info (332115): Path #255: Setup slack is -171.769 (VIOLATED)
    Info (332115):    Slack        : -171.769 (VIOLATED)
    Info (332115):    From Node    : emu:emu|mc68881_fpu_lite:fpu_inst|mc68881_top:u_fpu|fp80_to_int_trunc~28_OTERM3157
    Info (332115):    To Node      : emu:emu|mc68881_fpu_lite:fpu_inst|mc68881_top:u_fpu|result_ex_reg[2]_OTERM1537_OTERM1885_OTERM2091_OTERM2473
    Info (332115):    Launch Clock : emu|pll|pll_inst|altera_pll_i|general[1].gpll~PLL_OUTPUT_COUNTER|divclk
    Info (332115):    Latch Clock  : emu|pll|pll_inst|altera_pll_i|general[1].gpll~PLL_OUTPUT_COUNTER|divclk
    Info (332115):    Relationship : 31.907
    Info (332115):    Clock Skew   : -0.096
    Info (332115):    Data Delay   : 203.380
Info (332115): Path #256: Setup slack is -171.769 (VIOLATED)
    Info (332115):    Slack        : -171.769 (VIOLATED)
    Info (332115):    From Node    : emu:emu|mc68881_fpu_lite:fpu_inst|mc68881_top:u_fpu|fp80_to_int_trunc~28_OTERM3157
    Info (332115):    To Node      : emu:emu|mc68881_fpu_lite:fpu_inst|mc68881_top:u_fpu|result_ex_reg[2]_OTERM1537_OTERM1885_OTERM2091_OTERM2473
    Info (332115):    Launch Clock : emu|pll|pll_inst|altera_pll_i|general[1].gpll~PLL_OUTPUT_COUNTER|divclk
    Info (332115):    Latch Clock  : emu|pll|pll_inst|altera_pll_i|general[1].gpll~PLL_OUTPUT_COUNTER|divclk
    Info (332115):    Relationship : 31.907
    Info (332115):    Clock Skew   : -0.096
    Info (332115):    Data Delay   : 203.380
Info (332115): Path #257: Setup slack is -171.769 (VIOLATED)
    Info (332115):    Slack        : -171.769 (VIOLATED)
    Info (332115):    From Node    : emu:emu|mc68881_fpu_lite:fpu_inst|mc68881_top:u_fpu|fp80_to_int_trunc~28_OTERM3157
    Info (332115):    To Node      : emu:emu|mc68881_fpu_lite:fpu_inst|mc68881_top:u_fpu|result_ex_reg[2]_OTERM1537_OTERM1885_OTERM2091_OTERM2473
    Info (332115):    Launch Clock : emu|pll|pll_inst|altera_pll_i|general[1].gpll~PLL_OUTPUT_COUNTER|divclk
    Info (332115):    Latch Clock  : emu|pll|pll_inst|altera_pll_i|general[1].gpll~PLL_OUTPUT_COUNTER|divclk
    Info (332115):    Relationship : 31.907
    Info (332115):    Clock Skew   : -0.096
    Info (332115):    Data Delay   : 203.380
Info (332115): Path #258: Setup slack is -171.769 (VIOLATED)
    Info (332115):    Slack        : -171.769 (VIOLATED)
    Info (332115):    From Node    : emu:emu|mc68881_fpu_lite:fpu_inst|mc68881_top:u_fpu|fp80_to_int_trunc~28_OTERM3157
    Info (332115):    To Node      : emu:emu|mc68881_fpu_lite:fpu_inst|mc68881_top:u_fpu|result_ex_reg[2]_OTERM1537_OTERM1885_OTERM2091_OTERM2473
    Info (332115):    Launch Clock : emu|pll|pll_inst|altera_pll_i|general[1].gpll~PLL_OUTPUT_COUNTER|divclk
    Info (332115):    Latch Clock  : emu|pll|pll_inst|altera_pll_i|general[1].gpll~PLL_OUTPUT_COUNTER|divclk
    Info (332115):    Relationship : 31.907
    Info (332115):    Clock Skew   : -0.096
    Info (332115):    Data Delay   : 203.380
Info (332115): Path #259: Setup slack is -171.769 (VIOLATED)
    Info (332115):    Slack        : -171.769 (VIOLATED)
    Info (332115):    From Node    : emu:emu|mc68881_fpu_lite:fpu_inst|mc68881_top:u_fpu|fp80_to_int_trunc~28_OTERM3157
    Info (332115):    To Node      : emu:emu|mc68881_fpu_lite:fpu_inst|mc68881_top:u_fpu|result_ex_reg[2]_OTERM1537_OTERM1885_OTERM2091_OTERM2473
    Info (332115):    Launch Clock : emu|pll|pll_inst|altera_pll_i|general[1].gpll~PLL_OUTPUT_COUNTER|divclk
    Info (332115):    Latch Clock  : emu|pll|pll_inst|altera_pll_i|general[1].gpll~PLL_OUTPUT_COUNTER|divclk
    Info (332115):    Relationship : 31.907
    Info (332115):    Clock Skew   : -0.096
    Info (332115):    Data Delay   : 203.380
Info (332115): Path #260: Setup slack is -171.769 (VIOLATED)
    Info (332115):    Slack        : -171.769 (VIOLATED)
    Info (332115):    From Node    : emu:emu|mc68881_fpu_lite:fpu_inst|mc68881_top:u_fpu|fp80_to_int_trunc~28_OTERM3157
    Info (332115):    To Node      : emu:emu|mc68881_fpu_lite:fpu_inst|mc68881_top:u_fpu|result_ex_reg[2]_OTERM1537_OTERM1885_OTERM2091_OTERM2473
    Info (332115):    Launch Clock : emu|pll|pll_inst|altera_pll_i|general[1].gpll~PLL_OUTPUT_COUNTER|divclk
    Info (332115):    Latch Clock  : emu|pll|pll_inst|altera_pll_i|general[1].gpll~PLL_OUTPUT_COUNTER|divclk
    Info (332115):    Relationship : 31.907
    Info (332115):    Clock Skew   : -0.096
    Info (332115):    Data Delay   : 203.380
Info (332115): Path #261: Setup slack is -171.769 (VIOLATED)
    Info (332115):    Slack        : -171.769 (VIOLATED)
    Info (332115):    From Node    : emu:emu|mc68881_fpu_lite:fpu_inst|mc68881_top:u_fpu|fp80_to_int_trunc~28_OTERM3157
    Info (332115):    To Node      : emu:emu|mc68881_fpu_lite:fpu_inst|mc68881_top:u_fpu|result_ex_reg[2]_OTERM1537_OTERM1885_OTERM2091_OTERM2473
    Info (332115):    Launch Clock : emu|pll|pll_inst|altera_pll_i|general[1].gpll~PLL_OUTPUT_COUNTER|divclk
    Info (332115):    Latch Clock  : emu|pll|pll_inst|altera_pll_i|general[1].gpll~PLL_OUTPUT_COUNTER|divclk
    Info (332115):    Relationship : 31.907
    Info (332115):    Clock Skew   : -0.096
    Info (332115):    Data Delay   : 203.380
Info (332115): Path #262: Setup slack is -171.769 (VIOLATED)
    Info (332115):    Slack        : -171.769 (VIOLATED)
    Info (332115):    From Node    : emu:emu|mc68881_fpu_lite:fpu_inst|mc68881_top:u_fpu|fp80_to_int_trunc~28_OTERM3157
    Info (332115):    To Node      : emu:emu|mc68881_fpu_lite:fpu_inst|mc68881_top:u_fpu|result_ex_reg[2]_OTERM1537_OTERM1885_OTERM2091_OTERM2473
    Info (332115):    Launch Clock : emu|pll|pll_inst|altera_pll_i|general[1].gpll~PLL_OUTPUT_COUNTER|divclk
    Info (332115):    Latch Clock  : emu|pll|pll_inst|altera_pll_i|general[1].gpll~PLL_OUTPUT_COUNTER|divclk
    Info (332115):    Relationship : 31.907
    Info (332115):    Clock Skew   : -0.096
    Info (332115):    Data Delay   : 203.380
Info (332115): Path #263: Setup slack is -171.769 (VIOLATED)
    Info (332115):    Slack        : -171.769 (VIOLATED)
    Info (332115):    From Node    : emu:emu|mc68881_fpu_lite:fpu_inst|mc68881_top:u_fpu|fp80_to_int_trunc~28_OTERM3157
    Info (332115):    To Node      : emu:emu|mc68881_fpu_lite:fpu_inst|mc68881_top:u_fpu|result_ex_reg[2]_OTERM1537_OTERM1885_OTERM2091_OTERM2473
    Info (332115):    Launch Clock : emu|pll|pll_inst|altera_pll_i|general[1].gpll~PLL_OUTPUT_COUNTER|divclk
    Info (332115):    Latch Clock  : emu|pll|pll_inst|altera_pll_i|general[1].gpll~PLL_OUTPUT_COUNTER|divclk
    Info (332115):    Relationship : 31.907
    Info (332115):    Clock Skew   : -0.096
    Info (332115):    Data Delay   : 203.380
Info (332115): Path #264: Setup slack is -171.769 (VIOLATED)
    Info (332115):    Slack        : -171.769 (VIOLATED)
    Info (332115):    From Node    : emu:emu|mc68881_fpu_lite:fpu_inst|mc68881_top:u_fpu|fp80_to_int_trunc~28_OTERM3157
    Info (332115):    To Node      : emu:emu|mc68881_fpu_lite:fpu_inst|mc68881_top:u_fpu|result_ex_reg[2]_OTERM1537_OTERM1885_OTERM2091_OTERM2473
    Info (332115):    Launch Clock : emu|pll|pll_inst|altera_pll_i|general[1].gpll~PLL_OUTPUT_COUNTER|divclk
    Info (332115):    Latch Clock  : emu|pll|pll_inst|altera_pll_i|general[1].gpll~PLL_OUTPUT_COUNTER|divclk
    Info (332115):    Relationship : 31.907
    Info (332115):    Clock Skew   : -0.096
    Info (332115):    Data Delay   : 203.380
Info (332115): Path #265: Setup slack is -171.769 (VIOLATED)
    Info (332115):    Slack        : -171.769 (VIOLATED)
    Info (332115):    From Node    : emu:emu|mc68881_fpu_lite:fpu_inst|mc68881_top:u_fpu|fp80_to_int_trunc~28_OTERM3157
    Info (332115):    To Node      : emu:emu|mc68881_fpu_lite:fpu_inst|mc68881_top:u_fpu|result_ex_reg[2]_OTERM1537_OTERM1885_OTERM2091_OTERM2473
    Info (332115):    Launch Clock : emu|pll|pll_inst|altera_pll_i|general[1].gpll~PLL_OUTPUT_COUNTER|divclk
    Info (332115):    Latch Clock  : emu|pll|pll_inst|altera_pll_i|general[1].gpll~PLL_OUTPUT_COUNTER|divclk
    Info (332115):    Relationship : 31.907
    Info (332115):    Clock Skew   : -0.096
    Info (332115):    Data Delay   : 203.380
Info (332115): Path #266: Setup slack is -171.769 (VIOLATED)
    Info (332115):    Slack        : -171.769 (VIOLATED)
    Info (332115):    From Node    : emu:emu|mc68881_fpu_lite:fpu_inst|mc68881_top:u_fpu|fp80_to_int_trunc~28_OTERM3157
    Info (332115):    To Node      : emu:emu|mc68881_fpu_lite:fpu_inst|mc68881_top:u_fpu|result_ex_reg[2]_OTERM1537_OTERM1885_OTERM2091_OTERM2473
    Info (332115):    Launch Clock : emu|pll|pll_inst|altera_pll_i|general[1].gpll~PLL_OUTPUT_COUNTER|divclk
    Info (332115):    Latch Clock  : emu|pll|pll_inst|altera_pll_i|general[1].gpll~PLL_OUTPUT_COUNTER|divclk
    Info (332115):    Relationship : 31.907
    Info (332115):    Clock Skew   : -0.096
    Info (332115):    Data Delay   : 203.380
Info (332115): Path #267: Setup slack is -171.769 (VIOLATED)
    Info (332115):    Slack        : -171.769 (VIOLATED)
    Info (332115):    From Node    : emu:emu|mc68881_fpu_lite:fpu_inst|mc68881_top:u_fpu|fp80_to_int_trunc~28_OTERM3157
    Info (332115):    To Node      : emu:emu|mc68881_fpu_lite:fpu_inst|mc68881_top:u_fpu|result_ex_reg[2]_OTERM1537_OTERM1885_OTERM2091_OTERM2473
    Info (332115):    Launch Clock : emu|pll|pll_inst|altera_pll_i|general[1].gpll~PLL_OUTPUT_COUNTER|divclk
    Info (332115):    Latch Clock  : emu|pll|pll_inst|altera_pll_i|general[1].gpll~PLL_OUTPUT_COUNTER|divclk
    Info (332115):    Relationship : 31.907
    Info (332115):    Clock Skew   : -0.096
    Info (332115):    Data Delay   : 203.380
Info (332115): Path #268: Setup slack is -171.769 (VIOLATED)
    Info (332115):    Slack        : -171.769 (VIOLATED)
    Info (332115):    From Node    : emu:emu|mc68881_fpu_lite:fpu_inst|mc68881_top:u_fpu|fp80_to_int_trunc~28_OTERM3157
    Info (332115):    To Node      : emu:emu|mc68881_fpu_lite:fpu_inst|mc68881_top:u_fpu|result_ex_reg[2]_OTERM1537_OTERM1885_OTERM2091_OTERM2473
    Info (332115):    Launch Clock : emu|pll|pll_inst|altera_pll_i|general[1].gpll~PLL_OUTPUT_COUNTER|divclk
    Info (332115):    Latch Clock  : emu|pll|pll_inst|altera_pll_i|general[1].gpll~PLL_OUTPUT_COUNTER|divclk
    Info (332115):    Relationship : 31.907
    Info (332115):    Clock Skew   : -0.096
    Info (332115):    Data Delay   : 203.380
Info (332115): Path #269: Setup slack is -171.769 (VIOLATED)
    Info (332115):    Slack        : -171.769 (VIOLATED)
    Info (332115):    From Node    : emu:emu|mc68881_fpu_lite:fpu_inst|mc68881_top:u_fpu|fp80_to_int_trunc~28_OTERM3157
    Info (332115):    To Node      : emu:emu|mc68881_fpu_lite:fpu_inst|mc68881_top:u_fpu|result_ex_reg[2]_OTERM1537_OTERM1885_OTERM2091_OTERM2473
    Info (332115):    Launch Clock : emu|pll|pll_inst|altera_pll_i|general[1].gpll~PLL_OUTPUT_COUNTER|divclk
    Info (332115):    Latch Clock  : emu|pll|pll_inst|altera_pll_i|general[1].gpll~PLL_OUTPUT_COUNTER|divclk
    Info (332115):    Relationship : 31.907
    Info (332115):    Clock Skew   : -0.096
    Info (332115):    Data Delay   : 203.380
Info (332115): Path #270: Setup slack is -171.769 (VIOLATED)
    Info (332115):    Slack        : -171.769 (VIOLATED)
    Info (332115):    From Node    : emu:emu|mc68881_fpu_lite:fpu_inst|mc68881_top:u_fpu|fp80_to_int_trunc~28_OTERM3157
    Info (332115):    To Node      : emu:emu|mc68881_fpu_lite:fpu_inst|mc68881_top:u_fpu|result_ex_reg[2]_OTERM1537_OTERM1885_OTERM2091_OTERM2473
    Info (332115):    Launch Clock : emu|pll|pll_inst|altera_pll_i|general[1].gpll~PLL_OUTPUT_COUNTER|divclk
    Info (332115):    Latch Clock  : emu|pll|pll_inst|altera_pll_i|general[1].gpll~PLL_OUTPUT_COUNTER|divclk
    Info (332115):    Relationship : 31.907
    Info (332115):    Clock Skew   : -0.096
    Info (332115):    Data Delay   : 203.380
Info (332115): Path #271: Setup slack is -171.769 (VIOLATED)
    Info (332115):    Slack        : -171.769 (VIOLATED)
    Info (332115):    From Node    : emu:emu|mc68881_fpu_lite:fpu_inst|mc68881_top:u_fpu|fp80_to_int_trunc~28_OTERM3157
    Info (332115):    To Node      : emu:emu|mc68881_fpu_lite:fpu_inst|mc68881_top:u_fpu|result_ex_reg[2]_OTERM1537_OTERM1885_OTERM2091_OTERM2473
    Info (332115):    Launch Clock : emu|pll|pll_inst|altera_pll_i|general[1].gpll~PLL_OUTPUT_COUNTER|divclk
    Info (332115):    Latch Clock  : emu|pll|pll_inst|altera_pll_i|general[1].gpll~PLL_OUTPUT_COUNTER|divclk
    Info (332115):    Relationship : 31.907
    Info (332115):    Clock Skew   : -0.096
    Info (332115):    Data Delay   : 203.380
Info (332115): Path #272: Setup slack is -171.769 (VIOLATED)
    Info (332115):    Slack        : -171.769 (VIOLATED)
    Info (332115):    From Node    : emu:emu|mc68881_fpu_lite:fpu_inst|mc68881_top:u_fpu|fp80_to_int_trunc~28_OTERM3157
    Info (332115):    To Node      : emu:emu|mc68881_fpu_lite:fpu_inst|mc68881_top:u_fpu|result_ex_reg[2]_OTERM1537_OTERM1885_OTERM2091_OTERM2473
    Info (332115):    Launch Clock : emu|pll|pll_inst|altera_pll_i|general[1].gpll~PLL_OUTPUT_COUNTER|divclk
    Info (332115):    Latch Clock  : emu|pll|pll_inst|altera_pll_i|general[1].gpll~PLL_OUTPUT_COUNTER|divclk
    Info (332115):    Relationship : 31.907
    Info (332115):    Clock Skew   : -0.096
    Info (332115):    Data Delay   : 203.380
Info (332115): Path #273: Setup slack is -171.769 (VIOLATED)
    Info (332115):    Slack        : -171.769 (VIOLATED)
    Info (332115):    From Node    : emu:emu|mc68881_fpu_lite:fpu_inst|mc68881_top:u_fpu|fp80_to_int_trunc~28_OTERM3157
    Info (332115):    To Node      : emu:emu|mc68881_fpu_lite:fpu_inst|mc68881_top:u_fpu|result_ex_reg[2]_OTERM1537_OTERM1885_OTERM2091_OTERM2473
    Info (332115):    Launch Clock : emu|pll|pll_inst|altera_pll_i|general[1].gpll~PLL_OUTPUT_COUNTER|divclk
    Info (332115):    Latch Clock  : emu|pll|pll_inst|altera_pll_i|general[1].gpll~PLL_OUTPUT_COUNTER|divclk
    Info (332115):    Relationship : 31.907
    Info (332115):    Clock Skew   : -0.096
    Info (332115):    Data Delay   : 203.380
Info (332115): Path #274: Setup slack is -171.769 (VIOLATED)
    Info (332115):    Slack        : -171.769 (VIOLATED)
    Info (332115):    From Node    : emu:emu|mc68881_fpu_lite:fpu_inst|mc68881_top:u_fpu|fp80_to_int_trunc~28_OTERM3157
    Info (332115):    To Node      : emu:emu|mc68881_fpu_lite:fpu_inst|mc68881_top:u_fpu|result_ex_reg[2]_OTERM1537_OTERM1885_OTERM2091_OTERM2473
    Info (332115):    Launch Clock : emu|pll|pll_inst|altera_pll_i|general[1].gpll~PLL_OUTPUT_COUNTER|divclk
    Info (332115):    Latch Clock  : emu|pll|pll_inst|altera_pll_i|general[1].gpll~PLL_OUTPUT_COUNTER|divclk
    Info (332115):    Relationship : 31.907
    Info (332115):    Clock Skew   : -0.096
    Info (332115):    Data Delay   : 203.380
Info (332115): Path #275: Setup slack is -171.769 (VIOLATED)
    Info (332115):    Slack        : -171.769 (VIOLATED)
    Info (332115):    From Node    : emu:emu|mc68881_fpu_lite:fpu_inst|mc68881_top:u_fpu|fp80_to_int_trunc~28_OTERM3157
    Info (332115):    To Node      : emu:emu|mc68881_fpu_lite:fpu_inst|mc68881_top:u_fpu|result_ex_reg[2]_OTERM1537_OTERM1885_OTERM2091_OTERM2473
    Info (332115):    Launch Clock : emu|pll|pll_inst|altera_pll_i|general[1].gpll~PLL_OUTPUT_COUNTER|divclk
    Info (332115):    Latch Clock  : emu|pll|pll_inst|altera_pll_i|general[1].gpll~PLL_OUTPUT_COUNTER|divclk
    Info (332115):    Relationship : 31.907
    Info (332115):    Clock Skew   : -0.096
    Info (332115):    Data Delay   : 203.380
Info (332115): Path #276: Setup slack is -171.769 (VIOLATED)
    Info (332115):    Slack        : -171.769 (VIOLATED)
    Info (332115):    From Node    : emu:emu|mc68881_fpu_lite:fpu_inst|mc68881_top:u_fpu|fp80_to_int_trunc~28_OTERM3157
    Info (332115):    To Node      : emu:emu|mc68881_fpu_lite:fpu_inst|mc68881_top:u_fpu|result_ex_reg[2]_OTERM1537_OTERM1885_OTERM2091_OTERM2473
    Info (332115):    Launch Clock : emu|pll|pll_inst|altera_pll_i|general[1].gpll~PLL_OUTPUT_COUNTER|divclk
    Info (332115):    Latch Clock  : emu|pll|pll_inst|altera_pll_i|general[1].gpll~PLL_OUTPUT_COUNTER|divclk
    Info (332115):    Relationship : 31.907
    Info (332115):    Clock Skew   : -0.096
    Info (332115):    Data Delay   : 203.380
Info (332115): Path #277: Setup slack is -171.769 (VIOLATED)
    Info (332115):    Slack        : -171.769 (VIOLATED)
    Info (332115):    From Node    : emu:emu|mc68881_fpu_lite:fpu_inst|mc68881_top:u_fpu|fp80_to_int_trunc~28_OTERM3157
    Info (332115):    To Node      : emu:emu|mc68881_fpu_lite:fpu_inst|mc68881_top:u_fpu|result_ex_reg[2]_OTERM1537_OTERM1885_OTERM2091_OTERM2473
    Info (332115):    Launch Clock : emu|pll|pll_inst|altera_pll_i|general[1].gpll~PLL_OUTPUT_COUNTER|divclk
    Info (332115):    Latch Clock  : emu|pll|pll_inst|altera_pll_i|general[1].gpll~PLL_OUTPUT_COUNTER|divclk
    Info (332115):    Relationship : 31.907
    Info (332115):    Clock Skew   : -0.096
    Info (332115):    Data Delay   : 203.380
Info (332115): Path #278: Setup slack is -171.769 (VIOLATED)
    Info (332115):    Slack        : -171.769 (VIOLATED)
    Info (332115):    From Node    : emu:emu|mc68881_fpu_lite:fpu_inst|mc68881_top:u_fpu|fp80_to_int_trunc~28_OTERM3157
    Info (332115):    To Node      : emu:emu|mc68881_fpu_lite:fpu_inst|mc68881_top:u_fpu|result_ex_reg[2]_OTERM1537_OTERM1885_OTERM2091_OTERM2473
    Info (332115):    Launch Clock : emu|pll|pll_inst|altera_pll_i|general[1].gpll~PLL_OUTPUT_COUNTER|divclk
    Info (332115):    Latch Clock  : emu|pll|pll_inst|altera_pll_i|general[1].gpll~PLL_OUTPUT_COUNTER|divclk
    Info (332115):    Relationship : 31.907
    Info (332115):    Clock Skew   : -0.096
    Info (332115):    Data Delay   : 203.380
Info (332115): Path #279: Setup slack is -171.769 (VIOLATED)
    Info (332115):    Slack        : -171.769 (VIOLATED)
    Info (332115):    From Node    : emu:emu|mc68881_fpu_lite:fpu_inst|mc68881_top:u_fpu|fp80_to_int_trunc~28_OTERM3157
    Info (332115):    To Node      : emu:emu|mc68881_fpu_lite:fpu_inst|mc68881_top:u_fpu|result_ex_reg[2]_OTERM1537_OTERM1885_OTERM2091_OTERM2473
    Info (332115):    Launch Clock : emu|pll|pll_inst|altera_pll_i|general[1].gpll~PLL_OUTPUT_COUNTER|divclk
    Info (332115):    Latch Clock  : emu|pll|pll_inst|altera_pll_i|general[1].gpll~PLL_OUTPUT_COUNTER|divclk
    Info (332115):    Relationship : 31.907
    Info (332115):    Clock Skew   : -0.096
    Info (332115):    Data Delay   : 203.380
Info (332115): Path #280: Setup slack is -171.769 (VIOLATED)
    Info (332115):    Slack        : -171.769 (VIOLATED)
    Info (332115):    From Node    : emu:emu|mc68881_fpu_lite:fpu_inst|mc68881_top:u_fpu|fp80_to_int_trunc~28_OTERM3157
    Info (332115):    To Node      : emu:emu|mc68881_fpu_lite:fpu_inst|mc68881_top:u_fpu|result_ex_reg[2]_OTERM1537_OTERM1885_OTERM2091_OTERM2473
    Info (332115):    Launch Clock : emu|pll|pll_inst|altera_pll_i|general[1].gpll~PLL_OUTPUT_COUNTER|divclk
    Info (332115):    Latch Clock  : emu|pll|pll_inst|altera_pll_i|general[1].gpll~PLL_OUTPUT_COUNTER|divclk
    Info (332115):    Relationship : 31.907
    Info (332115):    Clock Skew   : -0.096
    Info (332115):    Data Delay   : 203.380
Info (332115): Path #281: Setup slack is -171.769 (VIOLATED)
    Info (332115):    Slack        : -171.769 (VIOLATED)
    Info (332115):    From Node    : emu:emu|mc68881_fpu_lite:fpu_inst|mc68881_top:u_fpu|fp80_to_int_trunc~28_OTERM3157
    Info (332115):    To Node      : emu:emu|mc68881_fpu_lite:fpu_inst|mc68881_top:u_fpu|result_ex_reg[2]_OTERM1537_OTERM1885_OTERM2091_OTERM2473
    Info (332115):    Launch Clock : emu|pll|pll_inst|altera_pll_i|general[1].gpll~PLL_OUTPUT_COUNTER|divclk
    Info (332115):    Latch Clock  : emu|pll|pll_inst|altera_pll_i|general[1].gpll~PLL_OUTPUT_COUNTER|divclk
    Info (332115):    Relationship : 31.907
    Info (332115):    Clock Skew   : -0.096
    Info (332115):    Data Delay   : 203.380
Info (332115): Path #282: Setup slack is -171.769 (VIOLATED)
    Info (332115):    Slack        : -171.769 (VIOLATED)
    Info (332115):    From Node    : emu:emu|mc68881_fpu_lite:fpu_inst|mc68881_top:u_fpu|fp80_to_int_trunc~28_OTERM3157
    Info (332115):    To Node      : emu:emu|mc68881_fpu_lite:fpu_inst|mc68881_top:u_fpu|result_ex_reg[2]_OTERM1537_OTERM1885_OTERM2091_OTERM2473
    Info (332115):    Launch Clock : emu|pll|pll_inst|altera_pll_i|general[1].gpll~PLL_OUTPUT_COUNTER|divclk
    Info (332115):    Latch Clock  : emu|pll|pll_inst|altera_pll_i|general[1].gpll~PLL_OUTPUT_COUNTER|divclk
    Info (332115):    Relationship : 31.907
    Info (332115):    Clock Skew   : -0.096
    Info (332115):    Data Delay   : 203.380
Info (332115): Path #283: Setup slack is -171.769 (VIOLATED)
    Info (332115):    Slack        : -171.769 (VIOLATED)
    Info (332115):    From Node    : emu:emu|mc68881_fpu_lite:fpu_inst|mc68881_top:u_fpu|fp80_to_int_trunc~28_OTERM3157
    Info (332115):    To Node      : emu:emu|mc68881_fpu_lite:fpu_inst|mc68881_top:u_fpu|result_ex_reg[2]_OTERM1537_OTERM1885_OTERM2091_OTERM2473
    Info (332115):    Launch Clock : emu|pll|pll_inst|altera_pll_i|general[1].gpll~PLL_OUTPUT_COUNTER|divclk
    Info (332115):    Latch Clock  : emu|pll|pll_inst|altera_pll_i|general[1].gpll~PLL_OUTPUT_COUNTER|divclk
    Info (332115):    Relationship : 31.907
    Info (332115):    Clock Skew   : -0.096
    Info (332115):    Data Delay   : 203.380
Info (332115): Path #284: Setup slack is -171.769 (VIOLATED)
    Info (332115):    Slack        : -171.769 (VIOLATED)
    Info (332115):    From Node    : emu:emu|mc68881_fpu_lite:fpu_inst|mc68881_top:u_fpu|fp80_to_int_trunc~28_OTERM3157
    Info (332115):    To Node      : emu:emu|mc68881_fpu_lite:fpu_inst|mc68881_top:u_fpu|result_ex_reg[2]_OTERM1537_OTERM1885_OTERM2091_OTERM2473
    Info (332115):    Launch Clock : emu|pll|pll_inst|altera_pll_i|general[1].gpll~PLL_OUTPUT_COUNTER|divclk
    Info (332115):    Latch Clock  : emu|pll|pll_inst|altera_pll_i|general[1].gpll~PLL_OUTPUT_COUNTER|divclk
    Info (332115):    Relationship : 31.907
    Info (332115):    Clock Skew   : -0.096
    Info (332115):    Data Delay   : 203.380
Info (332115): Path #285: Setup slack is -171.769 (VIOLATED)
    Info (332115):    Slack        : -171.769 (VIOLATED)
    Info (332115):    From Node    : emu:emu|mc68881_fpu_lite:fpu_inst|mc68881_top:u_fpu|fp80_to_int_trunc~28_OTERM3157
    Info (332115):    To Node      : emu:emu|mc68881_fpu_lite:fpu_inst|mc68881_top:u_fpu|result_ex_reg[2]_OTERM1537_OTERM1885_OTERM2091_OTERM2473
    Info (332115):    Launch Clock : emu|pll|pll_inst|altera_pll_i|general[1].gpll~PLL_OUTPUT_COUNTER|divclk
    Info (332115):    Latch Clock  : emu|pll|pll_inst|altera_pll_i|general[1].gpll~PLL_OUTPUT_COUNTER|divclk
    Info (332115):    Relationship : 31.907
    Info (332115):    Clock Skew   : -0.096
    Info (332115):    Data Delay   : 203.380
Info (332115): Path #286: Setup slack is -171.769 (VIOLATED)
    Info (332115):    Slack        : -171.769 (VIOLATED)
    Info (332115):    From Node    : emu:emu|mc68881_fpu_lite:fpu_inst|mc68881_top:u_fpu|fp80_to_int_trunc~28_OTERM3157
    Info (332115):    To Node      : emu:emu|mc68881_fpu_lite:fpu_inst|mc68881_top:u_fpu|result_ex_reg[2]_OTERM1537_OTERM1885_OTERM2091_OTERM2473
    Info (332115):    Launch Clock : emu|pll|pll_inst|altera_pll_i|general[1].gpll~PLL_OUTPUT_COUNTER|divclk
    Info (332115):    Latch Clock  : emu|pll|pll_inst|altera_pll_i|general[1].gpll~PLL_OUTPUT_COUNTER|divclk
    Info (332115):    Relationship : 31.907
    Info (332115):    Clock Skew   : -0.096
    Info (332115):    Data Delay   : 203.380
Info (332115): Path #287: Setup slack is -171.769 (VIOLATED)
    Info (332115):    Slack        : -171.769 (VIOLATED)
    Info (332115):    From Node    : emu:emu|mc68881_fpu_lite:fpu_inst|mc68881_top:u_fpu|fp80_to_int_trunc~28_OTERM3157
    Info (332115):    To Node      : emu:emu|mc68881_fpu_lite:fpu_inst|mc68881_top:u_fpu|result_ex_reg[2]_OTERM1537_OTERM1885_OTERM2091_OTERM2473
    Info (332115):    Launch Clock : emu|pll|pll_inst|altera_pll_i|general[1].gpll~PLL_OUTPUT_COUNTER|divclk
    Info (332115):    Latch Clock  : emu|pll|pll_inst|altera_pll_i|general[1].gpll~PLL_OUTPUT_COUNTER|divclk
    Info (332115):    Relationship : 31.907
    Info (332115):    Clock Skew   : -0.096
    Info (332115):    Data Delay   : 203.380
Info (332115): Path #288: Setup slack is -171.769 (VIOLATED)
    Info (332115):    Slack        : -171.769 (VIOLATED)
    Info (332115):    From Node    : emu:emu|mc68881_fpu_lite:fpu_inst|mc68881_top:u_fpu|fp80_to_int_trunc~28_OTERM3157
    Info (332115):    To Node      : emu:emu|mc68881_fpu_lite:fpu_inst|mc68881_top:u_fpu|result_ex_reg[2]_OTERM1537_OTERM1885_OTERM2091_OTERM2473
    Info (332115):    Launch Clock : emu|pll|pll_inst|altera_pll_i|general[1].gpll~PLL_OUTPUT_COUNTER|divclk
    Info (332115):    Latch Clock  : emu|pll|pll_inst|altera_pll_i|general[1].gpll~PLL_OUTPUT_COUNTER|divclk
    Info (332115):    Relationship : 31.907
    Info (332115):    Clock Skew   : -0.096
    Info (332115):    Data Delay   : 203.380
Info (332115): Path #289: Setup slack is -171.769 (VIOLATED)
    Info (332115):    Slack        : -171.769 (VIOLATED)
    Info (332115):    From Node    : emu:emu|mc68881_fpu_lite:fpu_inst|mc68881_top:u_fpu|fp80_to_int_trunc~28_OTERM3157
    Info (332115):    To Node      : emu:emu|mc68881_fpu_lite:fpu_inst|mc68881_top:u_fpu|result_ex_reg[2]_OTERM1537_OTERM1885_OTERM2091_OTERM2473
    Info (332115):    Launch Clock : emu|pll|pll_inst|altera_pll_i|general[1].gpll~PLL_OUTPUT_COUNTER|divclk
    Info (332115):    Latch Clock  : emu|pll|pll_inst|altera_pll_i|general[1].gpll~PLL_OUTPUT_COUNTER|divclk
    Info (332115):    Relationship : 31.907
    Info (332115):    Clock Skew   : -0.096
    Info (332115):    Data Delay   : 203.380
Info (332115): Path #290: Setup slack is -171.769 (VIOLATED)
    Info (332115):    Slack        : -171.769 (VIOLATED)
    Info (332115):    From Node    : emu:emu|mc68881_fpu_lite:fpu_inst|mc68881_top:u_fpu|fp80_to_int_trunc~28_OTERM3157
    Info (332115):    To Node      : emu:emu|mc68881_fpu_lite:fpu_inst|mc68881_top:u_fpu|result_ex_reg[2]_OTERM1537_OTERM1885_OTERM2091_OTERM2473
    Info (332115):    Launch Clock : emu|pll|pll_inst|altera_pll_i|general[1].gpll~PLL_OUTPUT_COUNTER|divclk
    Info (332115):    Latch Clock  : emu|pll|pll_inst|altera_pll_i|general[1].gpll~PLL_OUTPUT_COUNTER|divclk
    Info (332115):    Relationship : 31.907
    Info (332115):    Clock Skew   : -0.096
    Info (332115):    Data Delay   : 203.380
Info (332115): Path #291: Setup slack is -171.769 (VIOLATED)
    Info (332115):    Slack        : -171.769 (VIOLATED)
    Info (332115):    From Node    : emu:emu|mc68881_fpu_lite:fpu_inst|mc68881_top:u_fpu|fp80_to_int_trunc~28_OTERM3157
    Info (332115):    To Node      : emu:emu|mc68881_fpu_lite:fpu_inst|mc68881_top:u_fpu|result_ex_reg[2]_OTERM1537_OTERM1885_OTERM2091_OTERM2473
    Info (332115):    Launch Clock : emu|pll|pll_inst|altera_pll_i|general[1].gpll~PLL_OUTPUT_COUNTER|divclk
    Info (332115):    Latch Clock  : emu|pll|pll_inst|altera_pll_i|general[1].gpll~PLL_OUTPUT_COUNTER|divclk
    Info (332115):    Relationship : 31.907
    Info (332115):    Clock Skew   : -0.096
    Info (332115):    Data Delay   : 203.380
Info (332115): Path #292: Setup slack is -171.769 (VIOLATED)
    Info (332115):    Slack        : -171.769 (VIOLATED)
    Info (332115):    From Node    : emu:emu|mc68881_fpu_lite:fpu_inst|mc68881_top:u_fpu|fp80_to_int_trunc~28_OTERM3157
    Info (332115):    To Node      : emu:emu|mc68881_fpu_lite:fpu_inst|mc68881_top:u_fpu|result_ex_reg[2]_OTERM1537_OTERM1885_OTERM2091_OTERM2473
    Info (332115):    Launch Clock : emu|pll|pll_inst|altera_pll_i|general[1].gpll~PLL_OUTPUT_COUNTER|divclk
    Info (332115):    Latch Clock  : emu|pll|pll_inst|altera_pll_i|general[1].gpll~PLL_OUTPUT_COUNTER|divclk
    Info (332115):    Relationship : 31.907
    Info (332115):    Clock Skew   : -0.096
    Info (332115):    Data Delay   : 203.380
Info (332115): Path #293: Setup slack is -171.769 (VIOLATED)
    Info (332115):    Slack        : -171.769 (VIOLATED)
    Info (332115):    From Node    : emu:emu|mc68881_fpu_lite:fpu_inst|mc68881_top:u_fpu|fp80_to_int_trunc~28_OTERM3157
    Info (332115):    To Node      : emu:emu|mc68881_fpu_lite:fpu_inst|mc68881_top:u_fpu|result_ex_reg[2]_OTERM1537_OTERM1885_OTERM2091_OTERM2473
    Info (332115):    Launch Clock : emu|pll|pll_inst|altera_pll_i|general[1].gpll~PLL_OUTPUT_COUNTER|divclk
    Info (332115):    Latch Clock  : emu|pll|pll_inst|altera_pll_i|general[1].gpll~PLL_OUTPUT_COUNTER|divclk
    Info (332115):    Relationship : 31.907
    Info (332115):    Clock Skew   : -0.096
    Info (332115):    Data Delay   : 203.380
Info (332115): Path #294: Setup slack is -171.769 (VIOLATED)
    Info (332115):    Slack        : -171.769 (VIOLATED)
    Info (332115):    From Node    : emu:emu|mc68881_fpu_lite:fpu_inst|mc68881_top:u_fpu|fp80_to_int_trunc~28_OTERM3157
    Info (332115):    To Node      : emu:emu|mc68881_fpu_lite:fpu_inst|mc68881_top:u_fpu|result_ex_reg[2]_OTERM1537_OTERM1885_OTERM2091_OTERM2473
    Info (332115):    Launch Clock : emu|pll|pll_inst|altera_pll_i|general[1].gpll~PLL_OUTPUT_COUNTER|divclk
    Info (332115):    Latch Clock  : emu|pll|pll_inst|altera_pll_i|general[1].gpll~PLL_OUTPUT_COUNTER|divclk
    Info (332115):    Relationship : 31.907
    Info (332115):    Clock Skew   : -0.096
    Info (332115):    Data Delay   : 203.380
Info (332115): Path #295: Setup slack is -171.769 (VIOLATED)
    Info (332115):    Slack        : -171.769 (VIOLATED)
    Info (332115):    From Node    : emu:emu|mc68881_fpu_lite:fpu_inst|mc68881_top:u_fpu|fp80_to_int_trunc~28_OTERM3157
    Info (332115):    To Node      : emu:emu|mc68881_fpu_lite:fpu_inst|mc68881_top:u_fpu|result_ex_reg[2]_OTERM1537_OTERM1885_OTERM2091_OTERM2473
    Info (332115):    Launch Clock : emu|pll|pll_inst|altera_pll_i|general[1].gpll~PLL_OUTPUT_COUNTER|divclk
    Info (332115):    Latch Clock  : emu|pll|pll_inst|altera_pll_i|general[1].gpll~PLL_OUTPUT_COUNTER|divclk
    Info (332115):    Relationship : 31.907
    Info (332115):    Clock Skew   : -0.096
    Info (332115):    Data Delay   : 203.380
Info (332115): Path #296: Setup slack is -171.769 (VIOLATED)
    Info (332115):    Slack        : -171.769 (VIOLATED)
    Info (332115):    From Node    : emu:emu|mc68881_fpu_lite:fpu_inst|mc68881_top:u_fpu|fp80_to_int_trunc~28_OTERM3157
    Info (332115):    To Node      : emu:emu|mc68881_fpu_lite:fpu_inst|mc68881_top:u_fpu|result_ex_reg[2]_OTERM1537_OTERM1885_OTERM2091_OTERM2473
    Info (332115):    Launch Clock : emu|pll|pll_inst|altera_pll_i|general[1].gpll~PLL_OUTPUT_COUNTER|divclk
    Info (332115):    Latch Clock  : emu|pll|pll_inst|altera_pll_i|general[1].gpll~PLL_OUTPUT_COUNTER|divclk
    Info (332115):    Relationship : 31.907
    Info (332115):    Clock Skew   : -0.096
    Info (332115):    Data Delay   : 203.380
Info (332115): Path #297: Setup slack is -171.769 (VIOLATED)
    Info (332115):    Slack        : -171.769 (VIOLATED)
    Info (332115):    From Node    : emu:emu|mc68881_fpu_lite:fpu_inst|mc68881_top:u_fpu|fp80_to_int_trunc~28_OTERM3157
    Info (332115):    To Node      : emu:emu|mc68881_fpu_lite:fpu_inst|mc68881_top:u_fpu|result_ex_reg[2]_OTERM1537_OTERM1885_OTERM2091_OTERM2473
    Info (332115):    Launch Clock : emu|pll|pll_inst|altera_pll_i|general[1].gpll~PLL_OUTPUT_COUNTER|divclk
    Info (332115):    Latch Clock  : emu|pll|pll_inst|altera_pll_i|general[1].gpll~PLL_OUTPUT_COUNTER|divclk
    Info (332115):    Relationship : 31.907
    Info (332115):    Clock Skew   : -0.096
    Info (332115):    Data Delay   : 203.380
Info (332115): Path #298: Setup slack is -171.769 (VIOLATED)
    Info (332115):    Slack        : -171.769 (VIOLATED)
    Info (332115):    From Node    : emu:emu|mc68881_fpu_lite:fpu_inst|mc68881_top:u_fpu|fp80_to_int_trunc~28_OTERM3157
    Info (332115):    To Node      : emu:emu|mc68881_fpu_lite:fpu_inst|mc68881_top:u_fpu|result_ex_reg[2]_OTERM1537_OTERM1885_OTERM2091_OTERM2473
    Info (332115):    Launch Clock : emu|pll|pll_inst|altera_pll_i|general[1].gpll~PLL_OUTPUT_COUNTER|divclk
    Info (332115):    Latch Clock  : emu|pll|pll_inst|altera_pll_i|general[1].gpll~PLL_OUTPUT_COUNTER|divclk
    Info (332115):    Relationship : 31.907
    Info (332115):    Clock Skew   : -0.096
    Info (332115):    Data Delay   : 203.380
Info (332115): Path #299: Setup slack is -171.769 (VIOLATED)
    Info (332115):    Slack        : -171.769 (VIOLATED)
    Info (332115):    From Node    : emu:emu|mc68881_fpu_lite:fpu_inst|mc68881_top:u_fpu|fp80_to_int_trunc~28_OTERM3157
    Info (332115):    To Node      : emu:emu|mc68881_fpu_lite:fpu_inst|mc68881_top:u_fpu|result_ex_reg[2]_OTERM1537_OTERM1885_OTERM2091_OTERM2473
    Info (332115):    Launch Clock : emu|pll|pll_inst|altera_pll_i|general[1].gpll~PLL_OUTPUT_COUNTER|divclk
    Info (332115):    Latch Clock  : emu|pll|pll_inst|altera_pll_i|general[1].gpll~PLL_OUTPUT_COUNTER|divclk
    Info (332115):    Relationship : 31.907
    Info (332115):    Clock Skew   : -0.096
    Info (332115):    Data Delay   : 203.380
Info (332115): Path #300: Setup slack is -171.769 (VIOLATED)
    Info (332115):    Slack        : -171.769 (VIOLATED)
    Info (332115):    From Node    : emu:emu|mc68881_fpu_lite:fpu_inst|mc68881_top:u_fpu|fp80_to_int_trunc~28_OTERM3157
    Info (332115):    To Node      : emu:emu|mc68881_fpu_lite:fpu_inst|mc68881_top:u_fpu|result_ex_reg[2]_OTERM1537_OTERM1885_OTERM2091_OTERM2473
    Info (332115):    Launch Clock : emu|pll|pll_inst|altera_pll_i|general[1].gpll~PLL_OUTPUT_COUNTER|divclk
    Info (332115):    Latch Clock  : emu|pll|pll_inst|altera_pll_i|general[1].gpll~PLL_OUTPUT_COUNTER|divclk
    Info (332115):    Relationship : 31.907
    Info (332115):    Clock Skew   : -0.096
    Info (332115):    Data Delay   : 203.380
Info (332115): Path #301: Setup slack is -171.769 (VIOLATED)
    Info (332115):    Slack        : -171.769 (VIOLATED)
    Info (332115):    From Node    : emu:emu|mc68881_fpu_lite:fpu_inst|mc68881_top:u_fpu|fp80_to_int_trunc~28_OTERM3157
    Info (332115):    To Node      : emu:emu|mc68881_fpu_lite:fpu_inst|mc68881_top:u_fpu|result_ex_reg[2]_OTERM1537_OTERM1885_OTERM2091_OTERM2473
    Info (332115):    Launch Clock : emu|pll|pll_inst|altera_pll_i|general[1].gpll~PLL_OUTPUT_COUNTER|divclk
    Info (332115):    Latch Clock  : emu|pll|pll_inst|altera_pll_i|general[1].gpll~PLL_OUTPUT_COUNTER|divclk
    Info (332115):    Relationship : 31.907
    Info (332115):    Clock Skew   : -0.096
    Info (332115):    Data Delay   : 203.380
Info (332115): Path #302: Setup slack is -171.769 (VIOLATED)
    Info (332115):    Slack        : -171.769 (VIOLATED)
    Info (332115):    From Node    : emu:emu|mc68881_fpu_lite:fpu_inst|mc68881_top:u_fpu|fp80_to_int_trunc~28_OTERM3157
    Info (332115):    To Node      : emu:emu|mc68881_fpu_lite:fpu_inst|mc68881_top:u_fpu|result_ex_reg[2]_OTERM1537_OTERM1885_OTERM2091_OTERM2473
    Info (332115):    Launch Clock : emu|pll|pll_inst|altera_pll_i|general[1].gpll~PLL_OUTPUT_COUNTER|divclk
    Info (332115):    Latch Clock  : emu|pll|pll_inst|altera_pll_i|general[1].gpll~PLL_OUTPUT_COUNTER|divclk
    Info (332115):    Relationship : 31.907
    Info (332115):    Clock Skew   : -0.096
    Info (332115):    Data Delay   : 203.380
Info (332115): Path #303: Setup slack is -171.769 (VIOLATED)
    Info (332115):    Slack        : -171.769 (VIOLATED)
    Info (332115):    From Node    : emu:emu|mc68881_fpu_lite:fpu_inst|mc68881_top:u_fpu|fp80_to_int_trunc~28_OTERM3157
    Info (332115):    To Node      : emu:emu|mc68881_fpu_lite:fpu_inst|mc68881_top:u_fpu|result_ex_reg[2]_OTERM1537_OTERM1885_OTERM2091_OTERM2473
    Info (332115):    Launch Clock : emu|pll|pll_inst|altera_pll_i|general[1].gpll~PLL_OUTPUT_COUNTER|divclk
    Info (332115):    Latch Clock  : emu|pll|pll_inst|altera_pll_i|general[1].gpll~PLL_OUTPUT_COUNTER|divclk
    Info (332115):    Relationship : 31.907
    Info (332115):    Clock Skew   : -0.096
    Info (332115):    Data Delay   : 203.380
Info (332115): Path #304: Setup slack is -171.769 (VIOLATED)
    Info (332115):    Slack        : -171.769 (VIOLATED)
    Info (332115):    From Node    : emu:emu|mc68881_fpu_lite:fpu_inst|mc68881_top:u_fpu|fp80_to_int_trunc~28_OTERM3157
    Info (332115):    To Node      : emu:emu|mc68881_fpu_lite:fpu_inst|mc68881_top:u_fpu|result_ex_reg[2]_OTERM1537_OTERM1885_OTERM2091_OTERM2473
    Info (332115):    Launch Clock : emu|pll|pll_inst|altera_pll_i|general[1].gpll~PLL_OUTPUT_COUNTER|divclk
    Info (332115):    Latch Clock  : emu|pll|pll_inst|altera_pll_i|general[1].gpll~PLL_OUTPUT_COUNTER|divclk
    Info (332115):    Relationship : 31.907
    Info (332115):    Clock Skew   : -0.096
    Info (332115):    Data Delay   : 203.380
Info (332115): Path #305: Setup slack is -171.769 (VIOLATED)
    Info (332115):    Slack        : -171.769 (VIOLATED)
    Info (332115):    From Node    : emu:emu|mc68881_fpu_lite:fpu_inst|mc68881_top:u_fpu|fp80_to_int_trunc~28_OTERM3157
    Info (332115):    To Node      : emu:emu|mc68881_fpu_lite:fpu_inst|mc68881_top:u_fpu|result_ex_reg[2]_OTERM1537_OTERM1885_OTERM2091_OTERM2473
    Info (332115):    Launch Clock : emu|pll|pll_inst|altera_pll_i|general[1].gpll~PLL_OUTPUT_COUNTER|divclk
    Info (332115):    Latch Clock  : emu|pll|pll_inst|altera_pll_i|general[1].gpll~PLL_OUTPUT_COUNTER|divclk
    Info (332115):    Relationship : 31.907
    Info (332115):    Clock Skew   : -0.096
    Info (332115):    Data Delay   : 203.380
Info (332115): Path #306: Setup slack is -171.769 (VIOLATED)
    Info (332115):    Slack        : -171.769 (VIOLATED)
    Info (332115):    From Node    : emu:emu|mc68881_fpu_lite:fpu_inst|mc68881_top:u_fpu|fp80_to_int_trunc~28_OTERM3157
    Info (332115):    To Node      : emu:emu|mc68881_fpu_lite:fpu_inst|mc68881_top:u_fpu|result_ex_reg[2]_OTERM1537_OTERM1885_OTERM2091_OTERM2473
    Info (332115):    Launch Clock : emu|pll|pll_inst|altera_pll_i|general[1].gpll~PLL_OUTPUT_COUNTER|divclk
    Info (332115):    Latch Clock  : emu|pll|pll_inst|altera_pll_i|general[1].gpll~PLL_OUTPUT_COUNTER|divclk
    Info (332115):    Relationship : 31.907
    Info (332115):    Clock Skew   : -0.096
    Info (332115):    Data Delay   : 203.380
Info (332115): Path #307: Setup slack is -171.769 (VIOLATED)
    Info (332115):    Slack        : -171.769 (VIOLATED)
    Info (332115):    From Node    : emu:emu|mc68881_fpu_lite:fpu_inst|mc68881_top:u_fpu|fp80_to_int_trunc~28_OTERM3157
    Info (332115):    To Node      : emu:emu|mc68881_fpu_lite:fpu_inst|mc68881_top:u_fpu|result_ex_reg[2]_OTERM1537_OTERM1885_OTERM2091_OTERM2473
    Info (332115):    Launch Clock : emu|pll|pll_inst|altera_pll_i|general[1].gpll~PLL_OUTPUT_COUNTER|divclk
    Info (332115):    Latch Clock  : emu|pll|pll_inst|altera_pll_i|general[1].gpll~PLL_OUTPUT_COUNTER|divclk
    Info (332115):    Relationship : 31.907
    Info (332115):    Clock Skew   : -0.096
    Info (332115):    Data Delay   : 203.380
Info (332115): Path #308: Setup slack is -171.769 (VIOLATED)
    Info (332115):    Slack        : -171.769 (VIOLATED)
    Info (332115):    From Node    : emu:emu|mc68881_fpu_lite:fpu_inst|mc68881_top:u_fpu|fp80_to_int_trunc~28_OTERM3157
    Info (332115):    To Node      : emu:emu|mc68881_fpu_lite:fpu_inst|mc68881_top:u_fpu|result_ex_reg[2]_OTERM1537_OTERM1885_OTERM2091_OTERM2473
    Info (332115):    Launch Clock : emu|pll|pll_inst|altera_pll_i|general[1].gpll~PLL_OUTPUT_COUNTER|divclk
    Info (332115):    Latch Clock  : emu|pll|pll_inst|altera_pll_i|general[1].gpll~PLL_OUTPUT_COUNTER|divclk
    Info (332115):    Relationship : 31.907
    Info (332115):    Clock Skew   : -0.096
    Info (332115):    Data Delay   : 203.380
Info (332115): Path #309: Setup slack is -171.769 (VIOLATED)
    Info (332115):    Slack        : -171.769 (VIOLATED)
    Info (332115):    From Node    : emu:emu|mc68881_fpu_lite:fpu_inst|mc68881_top:u_fpu|fp80_to_int_trunc~28_OTERM3157
    Info (332115):    To Node      : emu:emu|mc68881_fpu_lite:fpu_inst|mc68881_top:u_fpu|result_ex_reg[2]_OTERM1537_OTERM1885_OTERM2091_OTERM2473
    Info (332115):    Launch Clock : emu|pll|pll_inst|altera_pll_i|general[1].gpll~PLL_OUTPUT_COUNTER|divclk
    Info (332115):    Latch Clock  : emu|pll|pll_inst|altera_pll_i|general[1].gpll~PLL_OUTPUT_COUNTER|divclk
    Info (332115):    Relationship : 31.907
    Info (332115):    Clock Skew   : -0.096
    Info (332115):    Data Delay   : 203.380
Info (332115): Path #310: Setup slack is -171.769 (VIOLATED)
    Info (332115):    Slack        : -171.769 (VIOLATED)
    Info (332115):    From Node    : emu:emu|mc68881_fpu_lite:fpu_inst|mc68881_top:u_fpu|fp80_to_int_trunc~28_OTERM3157
    Info (332115):    To Node      : emu:emu|mc68881_fpu_lite:fpu_inst|mc68881_top:u_fpu|result_ex_reg[2]_OTERM1537_OTERM1885_OTERM2091_OTERM2473
    Info (332115):    Launch Clock : emu|pll|pll_inst|altera_pll_i|general[1].gpll~PLL_OUTPUT_COUNTER|divclk
    Info (332115):    Latch Clock  : emu|pll|pll_inst|altera_pll_i|general[1].gpll~PLL_OUTPUT_COUNTER|divclk
    Info (332115):    Relationship : 31.907
    Info (332115):    Clock Skew   : -0.096
    Info (332115):    Data Delay   : 203.380
Info (332115): Path #311: Setup slack is -171.769 (VIOLATED)
    Info (332115):    Slack        : -171.769 (VIOLATED)
    Info (332115):    From Node    : emu:emu|mc68881_fpu_lite:fpu_inst|mc68881_top:u_fpu|fp80_to_int_trunc~28_OTERM3157
    Info (332115):    To Node      : emu:emu|mc68881_fpu_lite:fpu_inst|mc68881_top:u_fpu|result_ex_reg[2]_OTERM1537_OTERM1885_OTERM2091_OTERM2473
    Info (332115):    Launch Clock : emu|pll|pll_inst|altera_pll_i|general[1].gpll~PLL_OUTPUT_COUNTER|divclk
    Info (332115):    Latch Clock  : emu|pll|pll_inst|altera_pll_i|general[1].gpll~PLL_OUTPUT_COUNTER|divclk
    Info (332115):    Relationship : 31.907
    Info (332115):    Clock Skew   : -0.096
    Info (332115):    Data Delay   : 203.380
Info (332115): Path #312: Setup slack is -171.769 (VIOLATED)
    Info (332115):    Slack        : -171.769 (VIOLATED)
    Info (332115):    From Node    : emu:emu|mc68881_fpu_lite:fpu_inst|mc68881_top:u_fpu|fp80_to_int_trunc~28_OTERM3157
    Info (332115):    To Node      : emu:emu|mc68881_fpu_lite:fpu_inst|mc68881_top:u_fpu|result_ex_reg[2]_OTERM1537_OTERM1885_OTERM2091_OTERM2473
    Info (332115):    Launch Clock : emu|pll|pll_inst|altera_pll_i|general[1].gpll~PLL_OUTPUT_COUNTER|divclk
    Info (332115):    Latch Clock  : emu|pll|pll_inst|altera_pll_i|general[1].gpll~PLL_OUTPUT_COUNTER|divclk
    Info (332115):    Relationship : 31.907
    Info (332115):    Clock Skew   : -0.096
    Info (332115):    Data Delay   : 203.380
Info (332115): Path #313: Setup slack is -171.769 (VIOLATED)
    Info (332115):    Slack        : -171.769 (VIOLATED)
    Info (332115):    From Node    : emu:emu|mc68881_fpu_lite:fpu_inst|mc68881_top:u_fpu|fp80_to_int_trunc~28_OTERM3157
    Info (332115):    To Node      : emu:emu|mc68881_fpu_lite:fpu_inst|mc68881_top:u_fpu|result_ex_reg[2]_OTERM1537_OTERM1885_OTERM2091_OTERM2473
    Info (332115):    Launch Clock : emu|pll|pll_inst|altera_pll_i|general[1].gpll~PLL_OUTPUT_COUNTER|divclk
    Info (332115):    Latch Clock  : emu|pll|pll_inst|altera_pll_i|general[1].gpll~PLL_OUTPUT_COUNTER|divclk
    Info (332115):    Relationship : 31.907
    Info (332115):    Clock Skew   : -0.096
    Info (332115):    Data Delay   : 203.380
Info (332115): Path #314: Setup slack is -171.769 (VIOLATED)
    Info (332115):    Slack        : -171.769 (VIOLATED)
    Info (332115):    From Node    : emu:emu|mc68881_fpu_lite:fpu_inst|mc68881_top:u_fpu|fp80_to_int_trunc~28_OTERM3157
    Info (332115):    To Node      : emu:emu|mc68881_fpu_lite:fpu_inst|mc68881_top:u_fpu|result_ex_reg[2]_OTERM1537_OTERM1885_OTERM2091_OTERM2473
    Info (332115):    Launch Clock : emu|pll|pll_inst|altera_pll_i|general[1].gpll~PLL_OUTPUT_COUNTER|divclk
    Info (332115):    Latch Clock  : emu|pll|pll_inst|altera_pll_i|general[1].gpll~PLL_OUTPUT_COUNTER|divclk
    Info (332115):    Relationship : 31.907
    Info (332115):    Clock Skew   : -0.096
    Info (332115):    Data Delay   : 203.380
Info (332115): Path #315: Setup slack is -171.769 (VIOLATED)
    Info (332115):    Slack        : -171.769 (VIOLATED)
    Info (332115):    From Node    : emu:emu|mc68881_fpu_lite:fpu_inst|mc68881_top:u_fpu|fp80_to_int_trunc~28_OTERM3157
    Info (332115):    To Node      : emu:emu|mc68881_fpu_lite:fpu_inst|mc68881_top:u_fpu|result_ex_reg[2]_OTERM1537_OTERM1885_OTERM2091_OTERM2473
    Info (332115):    Launch Clock : emu|pll|pll_inst|altera_pll_i|general[1].gpll~PLL_OUTPUT_COUNTER|divclk
    Info (332115):    Latch Clock  : emu|pll|pll_inst|altera_pll_i|general[1].gpll~PLL_OUTPUT_COUNTER|divclk
    Info (332115):    Relationship : 31.907
    Info (332115):    Clock Skew   : -0.096
    Info (332115):    Data Delay   : 203.380
Info (332115): Path #316: Setup slack is -171.769 (VIOLATED)
    Info (332115):    Slack        : -171.769 (VIOLATED)
    Info (332115):    From Node    : emu:emu|mc68881_fpu_lite:fpu_inst|mc68881_top:u_fpu|fp80_to_int_trunc~28_OTERM3157
    Info (332115):    To Node      : emu:emu|mc68881_fpu_lite:fpu_inst|mc68881_top:u_fpu|result_ex_reg[2]_OTERM1537_OTERM1885_OTERM2091_OTERM2473
    Info (332115):    Launch Clock : emu|pll|pll_inst|altera_pll_i|general[1].gpll~PLL_OUTPUT_COUNTER|divclk
    Info (332115):    Latch Clock  : emu|pll|pll_inst|altera_pll_i|general[1].gpll~PLL_OUTPUT_COUNTER|divclk
    Info (332115):    Relationship : 31.907
    Info (332115):    Clock Skew   : -0.096
    Info (332115):    Data Delay   : 203.380
Info (332115): Path #317: Setup slack is -171.769 (VIOLATED)
    Info (332115):    Slack        : -171.769 (VIOLATED)
    Info (332115):    From Node    : emu:emu|mc68881_fpu_lite:fpu_inst|mc68881_top:u_fpu|fp80_to_int_trunc~28_OTERM3157
    Info (332115):    To Node      : emu:emu|mc68881_fpu_lite:fpu_inst|mc68881_top:u_fpu|result_ex_reg[2]_OTERM1537_OTERM1885_OTERM2091_OTERM2473
    Info (332115):    Launch Clock : emu|pll|pll_inst|altera_pll_i|general[1].gpll~PLL_OUTPUT_COUNTER|divclk
    Info (332115):    Latch Clock  : emu|pll|pll_inst|altera_pll_i|general[1].gpll~PLL_OUTPUT_COUNTER|divclk
    Info (332115):    Relationship : 31.907
    Info (332115):    Clock Skew   : -0.096
    Info (332115):    Data Delay   : 203.380
Info (332115): Path #318: Setup slack is -171.769 (VIOLATED)
    Info (332115):    Slack        : -171.769 (VIOLATED)
    Info (332115):    From Node    : emu:emu|mc68881_fpu_lite:fpu_inst|mc68881_top:u_fpu|fp80_to_int_trunc~28_OTERM3157
    Info (332115):    To Node      : emu:emu|mc68881_fpu_lite:fpu_inst|mc68881_top:u_fpu|result_ex_reg[2]_OTERM1537_OTERM1885_OTERM2091_OTERM2473
    Info (332115):    Launch Clock : emu|pll|pll_inst|altera_pll_i|general[1].gpll~PLL_OUTPUT_COUNTER|divclk
    Info (332115):    Latch Clock  : emu|pll|pll_inst|altera_pll_i|general[1].gpll~PLL_OUTPUT_COUNTER|divclk
    Info (332115):    Relationship : 31.907
    Info (332115):    Clock Skew   : -0.096
    Info (332115):    Data Delay   : 203.380
Info (332115): Path #319: Setup slack is -171.769 (VIOLATED)
    Info (332115):    Slack        : -171.769 (VIOLATED)
    Info (332115):    From Node    : emu:emu|mc68881_fpu_lite:fpu_inst|mc68881_top:u_fpu|fp80_to_int_trunc~28_OTERM3157
    Info (332115):    To Node      : emu:emu|mc68881_fpu_lite:fpu_inst|mc68881_top:u_fpu|result_ex_reg[2]_OTERM1537_OTERM1885_OTERM2091_OTERM2473
    Info (332115):    Launch Clock : emu|pll|pll_inst|altera_pll_i|general[1].gpll~PLL_OUTPUT_COUNTER|divclk
    Info (332115):    Latch Clock  : emu|pll|pll_inst|altera_pll_i|general[1].gpll~PLL_OUTPUT_COUNTER|divclk
    Info (332115):    Relationship : 31.907
    Info (332115):    Clock Skew   : -0.096
    Info (332115):    Data Delay   : 203.380
Info (332115): Path #320: Setup slack is -171.769 (VIOLATED)
    Info (332115):    Slack        : -171.769 (VIOLATED)
    Info (332115):    From Node    : emu:emu|mc68881_fpu_lite:fpu_inst|mc68881_top:u_fpu|fp80_to_int_trunc~28_OTERM3157
    Info (332115):    To Node      : emu:emu|mc68881_fpu_lite:fpu_inst|mc68881_top:u_fpu|result_ex_reg[2]_OTERM1537_OTERM1885_OTERM2091_OTERM2473
    Info (332115):    Launch Clock : emu|pll|pll_inst|altera_pll_i|general[1].gpll~PLL_OUTPUT_COUNTER|divclk
    Info (332115):    Latch Clock  : emu|pll|pll_inst|altera_pll_i|general[1].gpll~PLL_OUTPUT_COUNTER|divclk
    Info (332115):    Relationship : 31.907
    Info (332115):    Clock Skew   : -0.096
    Info (332115):    Data Delay   : 203.380
Info (332115): Path #321: Setup slack is -171.769 (VIOLATED)
    Info (332115):    Slack        : -171.769 (VIOLATED)
    Info (332115):    From Node    : emu:emu|mc68881_fpu_lite:fpu_inst|mc68881_top:u_fpu|fp80_to_int_trunc~28_OTERM3157
    Info (332115):    To Node      : emu:emu|mc68881_fpu_lite:fpu_inst|mc68881_top:u_fpu|result_ex_reg[2]_OTERM1537_OTERM1885_OTERM2091_OTERM2473
    Info (332115):    Launch Clock : emu|pll|pll_inst|altera_pll_i|general[1].gpll~PLL_OUTPUT_COUNTER|divclk
    Info (332115):    Latch Clock  : emu|pll|pll_inst|altera_pll_i|general[1].gpll~PLL_OUTPUT_COUNTER|divclk
    Info (332115):    Relationship : 31.907
    Info (332115):    Clock Skew   : -0.096
    Info (332115):    Data Delay   : 203.380
Info (332115): Path #322: Setup slack is -171.769 (VIOLATED)
    Info (332115):    Slack        : -171.769 (VIOLATED)
    Info (332115):    From Node    : emu:emu|mc68881_fpu_lite:fpu_inst|mc68881_top:u_fpu|fp80_to_int_trunc~28_OTERM3157
    Info (332115):    To Node      : emu:emu|mc68881_fpu_lite:fpu_inst|mc68881_top:u_fpu|result_ex_reg[2]_OTERM1537_OTERM1885_OTERM2091_OTERM2473
    Info (332115):    Launch Clock : emu|pll|pll_inst|altera_pll_i|general[1].gpll~PLL_OUTPUT_COUNTER|divclk
    Info (332115):    Latch Clock  : emu|pll|pll_inst|altera_pll_i|general[1].gpll~PLL_OUTPUT_COUNTER|divclk
    Info (332115):    Relationship : 31.907
    Info (332115):    Clock Skew   : -0.096
    Info (332115):    Data Delay   : 203.380
Info (332115): Path #323: Setup slack is -171.769 (VIOLATED)
    Info (332115):    Slack        : -171.769 (VIOLATED)
    Info (332115):    From Node    : emu:emu|mc68881_fpu_lite:fpu_inst|mc68881_top:u_fpu|fp80_to_int_trunc~28_OTERM3157
    Info (332115):    To Node      : emu:emu|mc68881_fpu_lite:fpu_inst|mc68881_top:u_fpu|result_ex_reg[2]_OTERM1537_OTERM1885_OTERM2091_OTERM2473
    Info (332115):    Launch Clock : emu|pll|pll_inst|altera_pll_i|general[1].gpll~PLL_OUTPUT_COUNTER|divclk
    Info (332115):    Latch Clock  : emu|pll|pll_inst|altera_pll_i|general[1].gpll~PLL_OUTPUT_COUNTER|divclk
    Info (332115):    Relationship : 31.907
    Info (332115):    Clock Skew   : -0.096
    Info (332115):    Data Delay   : 203.380
Info (332115): Path #324: Setup slack is -171.769 (VIOLATED)
    Info (332115):    Slack        : -171.769 (VIOLATED)
    Info (332115):    From Node    : emu:emu|mc68881_fpu_lite:fpu_inst|mc68881_top:u_fpu|fp80_to_int_trunc~28_OTERM3157
    Info (332115):    To Node      : emu:emu|mc68881_fpu_lite:fpu_inst|mc68881_top:u_fpu|result_ex_reg[2]_OTERM1537_OTERM1885_OTERM2091_OTERM2473
    Info (332115):    Launch Clock : emu|pll|pll_inst|altera_pll_i|general[1].gpll~PLL_OUTPUT_COUNTER|divclk
    Info (332115):    Latch Clock  : emu|pll|pll_inst|altera_pll_i|general[1].gpll~PLL_OUTPUT_COUNTER|divclk
    Info (332115):    Relationship : 31.907
    Info (332115):    Clock Skew   : -0.096
    Info (332115):    Data Delay   : 203.380
Info (332115): Path #325: Setup slack is -171.769 (VIOLATED)
    Info (332115):    Slack        : -171.769 (VIOLATED)
    Info (332115):    From Node    : emu:emu|mc68881_fpu_lite:fpu_inst|mc68881_top:u_fpu|fp80_to_int_trunc~28_OTERM3157
    Info (332115):    To Node      : emu:emu|mc68881_fpu_lite:fpu_inst|mc68881_top:u_fpu|result_ex_reg[2]_OTERM1537_OTERM1885_OTERM2091_OTERM2473
    Info (332115):    Launch Clock : emu|pll|pll_inst|altera_pll_i|general[1].gpll~PLL_OUTPUT_COUNTER|divclk
    Info (332115):    Latch Clock  : emu|pll|pll_inst|altera_pll_i|general[1].gpll~PLL_OUTPUT_COUNTER|divclk
    Info (332115):    Relationship : 31.907
    Info (332115):    Clock Skew   : -0.096
    Info (332115):    Data Delay   : 203.380
Info (332115): Path #326: Setup slack is -171.769 (VIOLATED)
    Info (332115):    Slack        : -171.769 (VIOLATED)
    Info (332115):    From Node    : emu:emu|mc68881_fpu_lite:fpu_inst|mc68881_top:u_fpu|fp80_to_int_trunc~28_OTERM3157
    Info (332115):    To Node      : emu:emu|mc68881_fpu_lite:fpu_inst|mc68881_top:u_fpu|result_ex_reg[2]_OTERM1537_OTERM1885_OTERM2091_OTERM2473
    Info (332115):    Launch Clock : emu|pll|pll_inst|altera_pll_i|general[1].gpll~PLL_OUTPUT_COUNTER|divclk
    Info (332115):    Latch Clock  : emu|pll|pll_inst|altera_pll_i|general[1].gpll~PLL_OUTPUT_COUNTER|divclk
    Info (332115):    Relationship : 31.907
    Info (332115):    Clock Skew   : -0.096
    Info (332115):    Data Delay   : 203.380
Info (332115): Path #327: Setup slack is -171.769 (VIOLATED)
    Info (332115):    Slack        : -171.769 (VIOLATED)
    Info (332115):    From Node    : emu:emu|mc68881_fpu_lite:fpu_inst|mc68881_top:u_fpu|fp80_to_int_trunc~28_OTERM3157
    Info (332115):    To Node      : emu:emu|mc68881_fpu_lite:fpu_inst|mc68881_top:u_fpu|result_ex_reg[2]_OTERM1537_OTERM1885_OTERM2091_OTERM2473
    Info (332115):    Launch Clock : emu|pll|pll_inst|altera_pll_i|general[1].gpll~PLL_OUTPUT_COUNTER|divclk
    Info (332115):    Latch Clock  : emu|pll|pll_inst|altera_pll_i|general[1].gpll~PLL_OUTPUT_COUNTER|divclk
    Info (332115):    Relationship : 31.907
    Info (332115):    Clock Skew   : -0.096
    Info (332115):    Data Delay   : 203.380
Info (332115): Path #328: Setup slack is -171.769 (VIOLATED)
    Info (332115):    Slack        : -171.769 (VIOLATED)
    Info (332115):    From Node    : emu:emu|mc68881_fpu_lite:fpu_inst|mc68881_top:u_fpu|fp80_to_int_trunc~28_OTERM3157
    Info (332115):    To Node      : emu:emu|mc68881_fpu_lite:fpu_inst|mc68881_top:u_fpu|result_ex_reg[2]_OTERM1537_OTERM1885_OTERM2091_OTERM2473
    Info (332115):    Launch Clock : emu|pll|pll_inst|altera_pll_i|general[1].gpll~PLL_OUTPUT_COUNTER|divclk
    Info (332115):    Latch Clock  : emu|pll|pll_inst|altera_pll_i|general[1].gpll~PLL_OUTPUT_COUNTER|divclk
    Info (332115):    Relationship : 31.907
    Info (332115):    Clock Skew   : -0.096
    Info (332115):    Data Delay   : 203.380
Info (332115): Path #329: Setup slack is -171.769 (VIOLATED)
    Info (332115):    Slack        : -171.769 (VIOLATED)
    Info (332115):    From Node    : emu:emu|mc68881_fpu_lite:fpu_inst|mc68881_top:u_fpu|fp80_to_int_trunc~28_OTERM3157
    Info (332115):    To Node      : emu:emu|mc68881_fpu_lite:fpu_inst|mc68881_top:u_fpu|result_ex_reg[2]_OTERM1537_OTERM1885_OTERM2091_OTERM2473
    Info (332115):    Launch Clock : emu|pll|pll_inst|altera_pll_i|general[1].gpll~PLL_OUTPUT_COUNTER|divclk
    Info (332115):    Latch Clock  : emu|pll|pll_inst|altera_pll_i|general[1].gpll~PLL_OUTPUT_COUNTER|divclk
    Info (332115):    Relationship : 31.907
    Info (332115):    Clock Skew   : -0.096
    Info (332115):    Data Delay   : 203.380
Info (332115): Path #330: Setup slack is -171.769 (VIOLATED)
    Info (332115):    Slack        : -171.769 (VIOLATED)
    Info (332115):    From Node    : emu:emu|mc68881_fpu_lite:fpu_inst|mc68881_top:u_fpu|fp80_to_int_trunc~28_OTERM3157
    Info (332115):    To Node      : emu:emu|mc68881_fpu_lite:fpu_inst|mc68881_top:u_fpu|result_ex_reg[2]_OTERM1537_OTERM1885_OTERM2091_OTERM2473
    Info (332115):    Launch Clock : emu|pll|pll_inst|altera_pll_i|general[1].gpll~PLL_OUTPUT_COUNTER|divclk
    Info (332115):    Latch Clock  : emu|pll|pll_inst|altera_pll_i|general[1].gpll~PLL_OUTPUT_COUNTER|divclk
    Info (332115):    Relationship : 31.907
    Info (332115):    Clock Skew   : -0.096
    Info (332115):    Data Delay   : 203.380
Info (332115): Path #331: Setup slack is -171.769 (VIOLATED)
    Info (332115):    Slack        : -171.769 (VIOLATED)
    Info (332115):    From Node    : emu:emu|mc68881_fpu_lite:fpu_inst|mc68881_top:u_fpu|fp80_to_int_trunc~28_OTERM3157
    Info (332115):    To Node      : emu:emu|mc68881_fpu_lite:fpu_inst|mc68881_top:u_fpu|result_ex_reg[2]_OTERM1537_OTERM1885_OTERM2091_OTERM2473
    Info (332115):    Launch Clock : emu|pll|pll_inst|altera_pll_i|general[1].gpll~PLL_OUTPUT_COUNTER|divclk
    Info (332115):    Latch Clock  : emu|pll|pll_inst|altera_pll_i|general[1].gpll~PLL_OUTPUT_COUNTER|divclk
    Info (332115):    Relationship : 31.907
    Info (332115):    Clock Skew   : -0.096
    Info (332115):    Data Delay   : 203.380
Info (332115): Path #332: Setup slack is -171.769 (VIOLATED)
    Info (332115):    Slack        : -171.769 (VIOLATED)
    Info (332115):    From Node    : emu:emu|mc68881_fpu_lite:fpu_inst|mc68881_top:u_fpu|fp80_to_int_trunc~28_OTERM3157
    Info (332115):    To Node      : emu:emu|mc68881_fpu_lite:fpu_inst|mc68881_top:u_fpu|result_ex_reg[2]_OTERM1537_OTERM1885_OTERM2091_OTERM2473
    Info (332115):    Launch Clock : emu|pll|pll_inst|altera_pll_i|general[1].gpll~PLL_OUTPUT_COUNTER|divclk
    Info (332115):    Latch Clock  : emu|pll|pll_inst|altera_pll_i|general[1].gpll~PLL_OUTPUT_COUNTER|divclk
    Info (332115):    Relationship : 31.907
    Info (332115):    Clock Skew   : -0.096
    Info (332115):    Data Delay   : 203.380
Info (332115): Path #333: Setup slack is -171.769 (VIOLATED)
    Info (332115):    Slack        : -171.769 (VIOLATED)
    Info (332115):    From Node    : emu:emu|mc68881_fpu_lite:fpu_inst|mc68881_top:u_fpu|fp80_to_int_trunc~28_OTERM3157
    Info (332115):    To Node      : emu:emu|mc68881_fpu_lite:fpu_inst|mc68881_top:u_fpu|result_ex_reg[2]_OTERM1537_OTERM1885_OTERM2091_OTERM2473
    Info (332115):    Launch Clock : emu|pll|pll_inst|altera_pll_i|general[1].gpll~PLL_OUTPUT_COUNTER|divclk
    Info (332115):    Latch Clock  : emu|pll|pll_inst|altera_pll_i|general[1].gpll~PLL_OUTPUT_COUNTER|divclk
    Info (332115):    Relationship : 31.907
    Info (332115):    Clock Skew   : -0.096
    Info (332115):    Data Delay   : 203.380
Info (332115): Path #334: Setup slack is -171.769 (VIOLATED)
    Info (332115):    Slack        : -171.769 (VIOLATED)
    Info (332115):    From Node    : emu:emu|mc68881_fpu_lite:fpu_inst|mc68881_top:u_fpu|fp80_to_int_trunc~28_OTERM3157
    Info (332115):    To Node      : emu:emu|mc68881_fpu_lite:fpu_inst|mc68881_top:u_fpu|result_ex_reg[2]_OTERM1537_OTERM1885_OTERM2091_OTERM2473
    Info (332115):    Launch Clock : emu|pll|pll_inst|altera_pll_i|general[1].gpll~PLL_OUTPUT_COUNTER|divclk
    Info (332115):    Latch Clock  : emu|pll|pll_inst|altera_pll_i|general[1].gpll~PLL_OUTPUT_COUNTER|divclk
    Info (332115):    Relationship : 31.907
    Info (332115):    Clock Skew   : -0.096
    Info (332115):    Data Delay   : 203.380
Info (332115): Path #335: Setup slack is -171.769 (VIOLATED)
    Info (332115):    Slack        : -171.769 (VIOLATED)
    Info (332115):    From Node    : emu:emu|mc68881_fpu_lite:fpu_inst|mc68881_top:u_fpu|fp80_to_int_trunc~28_OTERM3157
    Info (332115):    To Node      : emu:emu|mc68881_fpu_lite:fpu_inst|mc68881_top:u_fpu|result_ex_reg[2]_OTERM1537_OTERM1885_OTERM2091_OTERM2473
    Info (332115):    Launch Clock : emu|pll|pll_inst|altera_pll_i|general[1].gpll~PLL_OUTPUT_COUNTER|divclk
    Info (332115):    Latch Clock  : emu|pll|pll_inst|altera_pll_i|general[1].gpll~PLL_OUTPUT_COUNTER|divclk
    Info (332115):    Relationship : 31.907
    Info (332115):    Clock Skew   : -0.096
    Info (332115):    Data Delay   : 203.380
Info (332115): Path #336: Setup slack is -171.769 (VIOLATED)
    Info (332115):    Slack        : -171.769 (VIOLATED)
    Info (332115):    From Node    : emu:emu|mc68881_fpu_lite:fpu_inst|mc68881_top:u_fpu|fp80_to_int_trunc~28_OTERM3157
    Info (332115):    To Node      : emu:emu|mc68881_fpu_lite:fpu_inst|mc68881_top:u_fpu|result_ex_reg[2]_OTERM1537_OTERM1885_OTERM2091_OTERM2473
    Info (332115):    Launch Clock : emu|pll|pll_inst|altera_pll_i|general[1].gpll~PLL_OUTPUT_COUNTER|divclk
    Info (332115):    Latch Clock  : emu|pll|pll_inst|altera_pll_i|general[1].gpll~PLL_OUTPUT_COUNTER|divclk
    Info (332115):    Relationship : 31.907
    Info (332115):    Clock Skew   : -0.096
    Info (332115):    Data Delay   : 203.380
Info (332115): Path #337: Setup slack is -171.769 (VIOLATED)
    Info (332115):    Slack        : -171.769 (VIOLATED)
    Info (332115):    From Node    : emu:emu|mc68881_fpu_lite:fpu_inst|mc68881_top:u_fpu|fp80_to_int_trunc~28_OTERM3157
    Info (332115):    To Node      : emu:emu|mc68881_fpu_lite:fpu_inst|mc68881_top:u_fpu|result_ex_reg[2]_OTERM1537_OTERM1885_OTERM2091_OTERM2473
    Info (332115):    Launch Clock : emu|pll|pll_inst|altera_pll_i|general[1].gpll~PLL_OUTPUT_COUNTER|divclk
    Info (332115):    Latch Clock  : emu|pll|pll_inst|altera_pll_i|general[1].gpll~PLL_OUTPUT_COUNTER|divclk
    Info (332115):    Relationship : 31.907
    Info (332115):    Clock Skew   : -0.096
    Info (332115):    Data Delay   : 203.380
Info (332115): Path #338: Setup slack is -171.769 (VIOLATED)
    Info (332115):    Slack        : -171.769 (VIOLATED)
    Info (332115):    From Node    : emu:emu|mc68881_fpu_lite:fpu_inst|mc68881_top:u_fpu|fp80_to_int_trunc~28_OTERM3157
    Info (332115):    To Node      : emu:emu|mc68881_fpu_lite:fpu_inst|mc68881_top:u_fpu|result_ex_reg[2]_OTERM1537_OTERM1885_OTERM2091_OTERM2473
    Info (332115):    Launch Clock : emu|pll|pll_inst|altera_pll_i|general[1].gpll~PLL_OUTPUT_COUNTER|divclk
    Info (332115):    Latch Clock  : emu|pll|pll_inst|altera_pll_i|general[1].gpll~PLL_OUTPUT_COUNTER|divclk
    Info (332115):    Relationship : 31.907
    Info (332115):    Clock Skew   : -0.096
    Info (332115):    Data Delay   : 203.380
Info (332115): Path #339: Setup slack is -171.769 (VIOLATED)
    Info (332115):    Slack        : -171.769 (VIOLATED)
    Info (332115):    From Node    : emu:emu|mc68881_fpu_lite:fpu_inst|mc68881_top:u_fpu|fp80_to_int_trunc~28_OTERM3157
    Info (332115):    To Node      : emu:emu|mc68881_fpu_lite:fpu_inst|mc68881_top:u_fpu|result_ex_reg[2]_OTERM1537_OTERM1885_OTERM2091_OTERM2473
    Info (332115):    Launch Clock : emu|pll|pll_inst|altera_pll_i|general[1].gpll~PLL_OUTPUT_COUNTER|divclk
    Info (332115):    Latch Clock  : emu|pll|pll_inst|altera_pll_i|general[1].gpll~PLL_OUTPUT_COUNTER|divclk
    Info (332115):    Relationship : 31.907
    Info (332115):    Clock Skew   : -0.096
    Info (332115):    Data Delay   : 203.380
Info (332115): Path #340: Setup slack is -171.769 (VIOLATED)
    Info (332115):    Slack        : -171.769 (VIOLATED)
    Info (332115):    From Node    : emu:emu|mc68881_fpu_lite:fpu_inst|mc68881_top:u_fpu|fp80_to_int_trunc~28_OTERM3157
    Info (332115):    To Node      : emu:emu|mc68881_fpu_lite:fpu_inst|mc68881_top:u_fpu|result_ex_reg[2]_OTERM1537_OTERM1885_OTERM2091_OTERM2473
    Info (332115):    Launch Clock : emu|pll|pll_inst|altera_pll_i|general[1].gpll~PLL_OUTPUT_COUNTER|divclk
    Info (332115):    Latch Clock  : emu|pll|pll_inst|altera_pll_i|general[1].gpll~PLL_OUTPUT_COUNTER|divclk
    Info (332115):    Relationship : 31.907
    Info (332115):    Clock Skew   : -0.096
    Info (332115):    Data Delay   : 203.380
Info (332115): Path #341: Setup slack is -171.769 (VIOLATED)
    Info (332115):    Slack        : -171.769 (VIOLATED)
    Info (332115):    From Node    : emu:emu|mc68881_fpu_lite:fpu_inst|mc68881_top:u_fpu|fp80_to_int_trunc~28_OTERM3157
    Info (332115):    To Node      : emu:emu|mc68881_fpu_lite:fpu_inst|mc68881_top:u_fpu|result_ex_reg[2]_OTERM1537_OTERM1885_OTERM2091_OTERM2473
    Info (332115):    Launch Clock : emu|pll|pll_inst|altera_pll_i|general[1].gpll~PLL_OUTPUT_COUNTER|divclk
    Info (332115):    Latch Clock  : emu|pll|pll_inst|altera_pll_i|general[1].gpll~PLL_OUTPUT_COUNTER|divclk
    Info (332115):    Relationship : 31.907
    Info (332115):    Clock Skew   : -0.096
    Info (332115):    Data Delay   : 203.380
Info (332115): Path #342: Setup slack is -171.769 (VIOLATED)
    Info (332115):    Slack        : -171.769 (VIOLATED)
    Info (332115):    From Node    : emu:emu|mc68881_fpu_lite:fpu_inst|mc68881_top:u_fpu|fp80_to_int_trunc~28_OTERM3157
    Info (332115):    To Node      : emu:emu|mc68881_fpu_lite:fpu_inst|mc68881_top:u_fpu|result_ex_reg[2]_OTERM1537_OTERM1885_OTERM2091_OTERM2473
    Info (332115):    Launch Clock : emu|pll|pll_inst|altera_pll_i|general[1].gpll~PLL_OUTPUT_COUNTER|divclk
    Info (332115):    Latch Clock  : emu|pll|pll_inst|altera_pll_i|general[1].gpll~PLL_OUTPUT_COUNTER|divclk
    Info (332115):    Relationship : 31.907
    Info (332115):    Clock Skew   : -0.096
    Info (332115):    Data Delay   : 203.380
Info (332115): Path #343: Setup slack is -171.769 (VIOLATED)
    Info (332115):    Slack        : -171.769 (VIOLATED)
    Info (332115):    From Node    : emu:emu|mc68881_fpu_lite:fpu_inst|mc68881_top:u_fpu|fp80_to_int_trunc~28_OTERM3157
    Info (332115):    To Node      : emu:emu|mc68881_fpu_lite:fpu_inst|mc68881_top:u_fpu|result_ex_reg[2]_OTERM1537_OTERM1885_OTERM2091_OTERM2473
    Info (332115):    Launch Clock : emu|pll|pll_inst|altera_pll_i|general[1].gpll~PLL_OUTPUT_COUNTER|divclk
    Info (332115):    Latch Clock  : emu|pll|pll_inst|altera_pll_i|general[1].gpll~PLL_OUTPUT_COUNTER|divclk
    Info (332115):    Relationship : 31.907
    Info (332115):    Clock Skew   : -0.096
    Info (332115):    Data Delay   : 203.380
Info (332115): Path #344: Setup slack is -171.769 (VIOLATED)
    Info (332115):    Slack        : -171.769 (VIOLATED)
    Info (332115):    From Node    : emu:emu|mc68881_fpu_lite:fpu_inst|mc68881_top:u_fpu|fp80_to_int_trunc~28_OTERM3157
    Info (332115):    To Node      : emu:emu|mc68881_fpu_lite:fpu_inst|mc68881_top:u_fpu|result_ex_reg[2]_OTERM1537_OTERM1885_OTERM2091_OTERM2473
    Info (332115):    Launch Clock : emu|pll|pll_inst|altera_pll_i|general[1].gpll~PLL_OUTPUT_COUNTER|divclk
    Info (332115):    Latch Clock  : emu|pll|pll_inst|altera_pll_i|general[1].gpll~PLL_OUTPUT_COUNTER|divclk
    Info (332115):    Relationship : 31.907
    Info (332115):    Clock Skew   : -0.096
    Info (332115):    Data Delay   : 203.380
Info (332115): Path #345: Setup slack is -171.769 (VIOLATED)
    Info (332115):    Slack        : -171.769 (VIOLATED)
    Info (332115):    From Node    : emu:emu|mc68881_fpu_lite:fpu_inst|mc68881_top:u_fpu|fp80_to_int_trunc~28_OTERM3157
    Info (332115):    To Node      : emu:emu|mc68881_fpu_lite:fpu_inst|mc68881_top:u_fpu|result_ex_reg[2]_OTERM1537_OTERM1885_OTERM2091_OTERM2473
    Info (332115):    Launch Clock : emu|pll|pll_inst|altera_pll_i|general[1].gpll~PLL_OUTPUT_COUNTER|divclk
    Info (332115):    Latch Clock  : emu|pll|pll_inst|altera_pll_i|general[1].gpll~PLL_OUTPUT_COUNTER|divclk
    Info (332115):    Relationship : 31.907
    Info (332115):    Clock Skew   : -0.096
    Info (332115):    Data Delay   : 203.380
Info (332115): Path #346: Setup slack is -171.769 (VIOLATED)
    Info (332115):    Slack        : -171.769 (VIOLATED)
    Info (332115):    From Node    : emu:emu|mc68881_fpu_lite:fpu_inst|mc68881_top:u_fpu|fp80_to_int_trunc~28_OTERM3157
    Info (332115):    To Node      : emu:emu|mc68881_fpu_lite:fpu_inst|mc68881_top:u_fpu|result_ex_reg[2]_OTERM1537_OTERM1885_OTERM2091_OTERM2473
    Info (332115):    Launch Clock : emu|pll|pll_inst|altera_pll_i|general[1].gpll~PLL_OUTPUT_COUNTER|divclk
    Info (332115):    Latch Clock  : emu|pll|pll_inst|altera_pll_i|general[1].gpll~PLL_OUTPUT_COUNTER|divclk
    Info (332115):    Relationship : 31.907
    Info (332115):    Clock Skew   : -0.096
    Info (332115):    Data Delay   : 203.380
Info (332115): Path #347: Setup slack is -171.769 (VIOLATED)
    Info (332115):    Slack        : -171.769 (VIOLATED)
    Info (332115):    From Node    : emu:emu|mc68881_fpu_lite:fpu_inst|mc68881_top:u_fpu|fp80_to_int_trunc~28_OTERM3157
    Info (332115):    To Node      : emu:emu|mc68881_fpu_lite:fpu_inst|mc68881_top:u_fpu|result_ex_reg[2]_OTERM1537_OTERM1885_OTERM2091_OTERM2473
    Info (332115):    Launch Clock : emu|pll|pll_inst|altera_pll_i|general[1].gpll~PLL_OUTPUT_COUNTER|divclk
    Info (332115):    Latch Clock  : emu|pll|pll_inst|altera_pll_i|general[1].gpll~PLL_OUTPUT_COUNTER|divclk
    Info (332115):    Relationship : 31.907
    Info (332115):    Clock Skew   : -0.096
    Info (332115):    Data Delay   : 203.380
Info (332115): Path #348: Setup slack is -171.769 (VIOLATED)
    Info (332115):    Slack        : -171.769 (VIOLATED)
    Info (332115):    From Node    : emu:emu|mc68881_fpu_lite:fpu_inst|mc68881_top:u_fpu|fp80_to_int_trunc~28_OTERM3157
    Info (332115):    To Node      : emu:emu|mc68881_fpu_lite:fpu_inst|mc68881_top:u_fpu|result_ex_reg[2]_OTERM1537_OTERM1885_OTERM2091_OTERM2473
    Info (332115):    Launch Clock : emu|pll|pll_inst|altera_pll_i|general[1].gpll~PLL_OUTPUT_COUNTER|divclk
    Info (332115):    Latch Clock  : emu|pll|pll_inst|altera_pll_i|general[1].gpll~PLL_OUTPUT_COUNTER|divclk
    Info (332115):    Relationship : 31.907
    Info (332115):    Clock Skew   : -0.096
    Info (332115):    Data Delay   : 203.380
Info (332115): Path #349: Setup slack is -171.769 (VIOLATED)
    Info (332115):    Slack        : -171.769 (VIOLATED)
    Info (332115):    From Node    : emu:emu|mc68881_fpu_lite:fpu_inst|mc68881_top:u_fpu|fp80_to_int_trunc~28_OTERM3157
    Info (332115):    To Node      : emu:emu|mc68881_fpu_lite:fpu_inst|mc68881_top:u_fpu|result_ex_reg[2]_OTERM1537_OTERM1885_OTERM2091_OTERM2473
    Info (332115):    Launch Clock : emu|pll|pll_inst|altera_pll_i|general[1].gpll~PLL_OUTPUT_COUNTER|divclk
    Info (332115):    Latch Clock  : emu|pll|pll_inst|altera_pll_i|general[1].gpll~PLL_OUTPUT_COUNTER|divclk
    Info (332115):    Relationship : 31.907
    Info (332115):    Clock Skew   : -0.096
    Info (332115):    Data Delay   : 203.380
Info (332115): Path #350: Setup slack is -171.769 (VIOLATED)
    Info (332115):    Slack        : -171.769 (VIOLATED)
    Info (332115):    From Node    : emu:emu|mc68881_fpu_lite:fpu_inst|mc68881_top:u_fpu|fp80_to_int_trunc~28_OTERM3157
    Info (332115):    To Node      : emu:emu|mc68881_fpu_lite:fpu_inst|mc68881_top:u_fpu|result_ex_reg[2]_OTERM1537_OTERM1885_OTERM2091_OTERM2473
    Info (332115):    Launch Clock : emu|pll|pll_inst|altera_pll_i|general[1].gpll~PLL_OUTPUT_COUNTER|divclk
    Info (332115):    Latch Clock  : emu|pll|pll_inst|altera_pll_i|general[1].gpll~PLL_OUTPUT_COUNTER|divclk
    Info (332115):    Relationship : 31.907
    Info (332115):    Clock Skew   : -0.096
    Info (332115):    Data Delay   : 203.380
Info (332115): Path #351: Setup slack is -171.769 (VIOLATED)
    Info (332115):    Slack        : -171.769 (VIOLATED)
    Info (332115):    From Node    : emu:emu|mc68881_fpu_lite:fpu_inst|mc68881_top:u_fpu|fp80_to_int_trunc~28_OTERM3157
    Info (332115):    To Node      : emu:emu|mc68881_fpu_lite:fpu_inst|mc68881_top:u_fpu|result_ex_reg[2]_OTERM1537_OTERM1885_OTERM2091_OTERM2473
    Info (332115):    Launch Clock : emu|pll|pll_inst|altera_pll_i|general[1].gpll~PLL_OUTPUT_COUNTER|divclk
    Info (332115):    Latch Clock  : emu|pll|pll_inst|altera_pll_i|general[1].gpll~PLL_OUTPUT_COUNTER|divclk
    Info (332115):    Relationship : 31.907
    Info (332115):    Clock Skew   : -0.096
    Info (332115):    Data Delay   : 203.380
Info (332115): Path #352: Setup slack is -171.769 (VIOLATED)
    Info (332115):    Slack        : -171.769 (VIOLATED)
    Info (332115):    From Node    : emu:emu|mc68881_fpu_lite:fpu_inst|mc68881_top:u_fpu|fp80_to_int_trunc~28_OTERM3157
    Info (332115):    To Node      : emu:emu|mc68881_fpu_lite:fpu_inst|mc68881_top:u_fpu|result_ex_reg[2]_OTERM1537_OTERM1885_OTERM2091_OTERM2473
    Info (332115):    Launch Clock : emu|pll|pll_inst|altera_pll_i|general[1].gpll~PLL_OUTPUT_COUNTER|divclk
    Info (332115):    Latch Clock  : emu|pll|pll_inst|altera_pll_i|general[1].gpll~PLL_OUTPUT_COUNTER|divclk
    Info (332115):    Relationship : 31.907
    Info (332115):    Clock Skew   : -0.096
    Info (332115):    Data Delay   : 203.380
Info (332115): Path #353: Setup slack is -171.769 (VIOLATED)
    Info (332115):    Slack        : -171.769 (VIOLATED)
    Info (332115):    From Node    : emu:emu|mc68881_fpu_lite:fpu_inst|mc68881_top:u_fpu|fp80_to_int_trunc~28_OTERM3157
    Info (332115):    To Node      : emu:emu|mc68881_fpu_lite:fpu_inst|mc68881_top:u_fpu|result_ex_reg[2]_OTERM1537_OTERM1885_OTERM2091_OTERM2473
    Info (332115):    Launch Clock : emu|pll|pll_inst|altera_pll_i|general[1].gpll~PLL_OUTPUT_COUNTER|divclk
    Info (332115):    Latch Clock  : emu|pll|pll_inst|altera_pll_i|general[1].gpll~PLL_OUTPUT_COUNTER|divclk
    Info (332115):    Relationship : 31.907
    Info (332115):    Clock Skew   : -0.096
    Info (332115):    Data Delay   : 203.380
Info (332115): Path #354: Setup slack is -171.769 (VIOLATED)
    Info (332115):    Slack        : -171.769 (VIOLATED)
    Info (332115):    From Node    : emu:emu|mc68881_fpu_lite:fpu_inst|mc68881_top:u_fpu|fp80_to_int_trunc~28_OTERM3157
    Info (332115):    To Node      : emu:emu|mc68881_fpu_lite:fpu_inst|mc68881_top:u_fpu|result_ex_reg[2]_OTERM1537_OTERM1885_OTERM2091_OTERM2473
    Info (332115):    Launch Clock : emu|pll|pll_inst|altera_pll_i|general[1].gpll~PLL_OUTPUT_COUNTER|divclk
    Info (332115):    Latch Clock  : emu|pll|pll_inst|altera_pll_i|general[1].gpll~PLL_OUTPUT_COUNTER|divclk
    Info (332115):    Relationship : 31.907
    Info (332115):    Clock Skew   : -0.096
    Info (332115):    Data Delay   : 203.380
Info (332115): Path #355: Setup slack is -171.769 (VIOLATED)
    Info (332115):    Slack        : -171.769 (VIOLATED)
    Info (332115):    From Node    : emu:emu|mc68881_fpu_lite:fpu_inst|mc68881_top:u_fpu|fp80_to_int_trunc~28_OTERM3157
    Info (332115):    To Node      : emu:emu|mc68881_fpu_lite:fpu_inst|mc68881_top:u_fpu|result_ex_reg[2]_OTERM1537_OTERM1885_OTERM2091_OTERM2473
    Info (332115):    Launch Clock : emu|pll|pll_inst|altera_pll_i|general[1].gpll~PLL_OUTPUT_COUNTER|divclk
    Info (332115):    Latch Clock  : emu|pll|pll_inst|altera_pll_i|general[1].gpll~PLL_OUTPUT_COUNTER|divclk
    Info (332115):    Relationship : 31.907
    Info (332115):    Clock Skew   : -0.096
    Info (332115):    Data Delay   : 203.380
Info (332115): Path #356: Setup slack is -171.769 (VIOLATED)
    Info (332115):    Slack        : -171.769 (VIOLATED)
    Info (332115):    From Node    : emu:emu|mc68881_fpu_lite:fpu_inst|mc68881_top:u_fpu|fp80_to_int_trunc~28_OTERM3157
    Info (332115):    To Node      : emu:emu|mc68881_fpu_lite:fpu_inst|mc68881_top:u_fpu|result_ex_reg[2]_OTERM1537_OTERM1885_OTERM2091_OTERM2473
    Info (332115):    Launch Clock : emu|pll|pll_inst|altera_pll_i|general[1].gpll~PLL_OUTPUT_COUNTER|divclk
    Info (332115):    Latch Clock  : emu|pll|pll_inst|altera_pll_i|general[1].gpll~PLL_OUTPUT_COUNTER|divclk
    Info (332115):    Relationship : 31.907
    Info (332115):    Clock Skew   : -0.096
    Info (332115):    Data Delay   : 203.380
Info (332115): Path #357: Setup slack is -171.769 (VIOLATED)
    Info (332115):    Slack        : -171.769 (VIOLATED)
    Info (332115):    From Node    : emu:emu|mc68881_fpu_lite:fpu_inst|mc68881_top:u_fpu|fp80_to_int_trunc~28_OTERM3157
    Info (332115):    To Node      : emu:emu|mc68881_fpu_lite:fpu_inst|mc68881_top:u_fpu|result_ex_reg[2]_OTERM1537_OTERM1885_OTERM2091_OTERM2473
    Info (332115):    Launch Clock : emu|pll|pll_inst|altera_pll_i|general[1].gpll~PLL_OUTPUT_COUNTER|divclk
    Info (332115):    Latch Clock  : emu|pll|pll_inst|altera_pll_i|general[1].gpll~PLL_OUTPUT_COUNTER|divclk
    Info (332115):    Relationship : 31.907
    Info (332115):    Clock Skew   : -0.096
    Info (332115):    Data Delay   : 203.380
Info (332115): Path #358: Setup slack is -171.769 (VIOLATED)
    Info (332115):    Slack        : -171.769 (VIOLATED)
    Info (332115):    From Node    : emu:emu|mc68881_fpu_lite:fpu_inst|mc68881_top:u_fpu|fp80_to_int_trunc~28_OTERM3157
    Info (332115):    To Node      : emu:emu|mc68881_fpu_lite:fpu_inst|mc68881_top:u_fpu|result_ex_reg[2]_OTERM1537_OTERM1885_OTERM2091_OTERM2473
    Info (332115):    Launch Clock : emu|pll|pll_inst|altera_pll_i|general[1].gpll~PLL_OUTPUT_COUNTER|divclk
    Info (332115):    Latch Clock  : emu|pll|pll_inst|altera_pll_i|general[1].gpll~PLL_OUTPUT_COUNTER|divclk
    Info (332115):    Relationship : 31.907
    Info (332115):    Clock Skew   : -0.096
    Info (332115):    Data Delay   : 203.380
Info (332115): Path #359: Setup slack is -171.769 (VIOLATED)
    Info (332115):    Slack        : -171.769 (VIOLATED)
    Info (332115):    From Node    : emu:emu|mc68881_fpu_lite:fpu_inst|mc68881_top:u_fpu|fp80_to_int_trunc~28_OTERM3157
    Info (332115):    To Node      : emu:emu|mc68881_fpu_lite:fpu_inst|mc68881_top:u_fpu|result_ex_reg[2]_OTERM1537_OTERM1885_OTERM2091_OTERM2473
    Info (332115):    Launch Clock : emu|pll|pll_inst|altera_pll_i|general[1].gpll~PLL_OUTPUT_COUNTER|divclk
    Info (332115):    Latch Clock  : emu|pll|pll_inst|altera_pll_i|general[1].gpll~PLL_OUTPUT_COUNTER|divclk
    Info (332115):    Relationship : 31.907
    Info (332115):    Clock Skew   : -0.096
    Info (332115):    Data Delay   : 203.380
Info (332115): Path #360: Setup slack is -171.769 (VIOLATED)
    Info (332115):    Slack        : -171.769 (VIOLATED)
    Info (332115):    From Node    : emu:emu|mc68881_fpu_lite:fpu_inst|mc68881_top:u_fpu|fp80_to_int_trunc~28_OTERM3157
    Info (332115):    To Node      : emu:emu|mc68881_fpu_lite:fpu_inst|mc68881_top:u_fpu|result_ex_reg[2]_OTERM1537_OTERM1885_OTERM2091_OTERM2473
    Info (332115):    Launch Clock : emu|pll|pll_inst|altera_pll_i|general[1].gpll~PLL_OUTPUT_COUNTER|divclk
    Info (332115):    Latch Clock  : emu|pll|pll_inst|altera_pll_i|general[1].gpll~PLL_OUTPUT_COUNTER|divclk
    Info (332115):    Relationship : 31.907
    Info (332115):    Clock Skew   : -0.096
    Info (332115):    Data Delay   : 203.380
Info (332115): Path #361: Setup slack is -171.769 (VIOLATED)
    Info (332115):    Slack        : -171.769 (VIOLATED)
    Info (332115):    From Node    : emu:emu|mc68881_fpu_lite:fpu_inst|mc68881_top:u_fpu|fp80_to_int_trunc~28_OTERM3157
    Info (332115):    To Node      : emu:emu|mc68881_fpu_lite:fpu_inst|mc68881_top:u_fpu|result_ex_reg[2]_OTERM1537_OTERM1885_OTERM2091_OTERM2473
    Info (332115):    Launch Clock : emu|pll|pll_inst|altera_pll_i|general[1].gpll~PLL_OUTPUT_COUNTER|divclk
    Info (332115):    Latch Clock  : emu|pll|pll_inst|altera_pll_i|general[1].gpll~PLL_OUTPUT_COUNTER|divclk
    Info (332115):    Relationship : 31.907
    Info (332115):    Clock Skew   : -0.096
    Info (332115):    Data Delay   : 203.380
Info (332115): Path #362: Setup slack is -171.769 (VIOLATED)
    Info (332115):    Slack        : -171.769 (VIOLATED)
    Info (332115):    From Node    : emu:emu|mc68881_fpu_lite:fpu_inst|mc68881_top:u_fpu|fp80_to_int_trunc~28_OTERM3157
    Info (332115):    To Node      : emu:emu|mc68881_fpu_lite:fpu_inst|mc68881_top:u_fpu|result_ex_reg[2]_OTERM1537_OTERM1885_OTERM2091_OTERM2473
    Info (332115):    Launch Clock : emu|pll|pll_inst|altera_pll_i|general[1].gpll~PLL_OUTPUT_COUNTER|divclk
    Info (332115):    Latch Clock  : emu|pll|pll_inst|altera_pll_i|general[1].gpll~PLL_OUTPUT_COUNTER|divclk
    Info (332115):    Relationship : 31.907
    Info (332115):    Clock Skew   : -0.096
    Info (332115):    Data Delay   : 203.380
Info (332115): Path #363: Setup slack is -171.769 (VIOLATED)
    Info (332115):    Slack        : -171.769 (VIOLATED)
    Info (332115):    From Node    : emu:emu|mc68881_fpu_lite:fpu_inst|mc68881_top:u_fpu|fp80_to_int_trunc~28_OTERM3157
    Info (332115):    To Node      : emu:emu|mc68881_fpu_lite:fpu_inst|mc68881_top:u_fpu|result_ex_reg[2]_OTERM1537_OTERM1885_OTERM2091_OTERM2473
    Info (332115):    Launch Clock : emu|pll|pll_inst|altera_pll_i|general[1].gpll~PLL_OUTPUT_COUNTER|divclk
    Info (332115):    Latch Clock  : emu|pll|pll_inst|altera_pll_i|general[1].gpll~PLL_OUTPUT_COUNTER|divclk
    Info (332115):    Relationship : 31.907
    Info (332115):    Clock Skew   : -0.096
    Info (332115):    Data Delay   : 203.380
Info (332115): Path #364: Setup slack is -171.769 (VIOLATED)
    Info (332115):    Slack        : -171.769 (VIOLATED)
    Info (332115):    From Node    : emu:emu|mc68881_fpu_lite:fpu_inst|mc68881_top:u_fpu|fp80_to_int_trunc~28_OTERM3157
    Info (332115):    To Node      : emu:emu|mc68881_fpu_lite:fpu_inst|mc68881_top:u_fpu|result_ex_reg[2]_OTERM1537_OTERM1885_OTERM2091_OTERM2473
    Info (332115):    Launch Clock : emu|pll|pll_inst|altera_pll_i|general[1].gpll~PLL_OUTPUT_COUNTER|divclk
    Info (332115):    Latch Clock  : emu|pll|pll_inst|altera_pll_i|general[1].gpll~PLL_OUTPUT_COUNTER|divclk
    Info (332115):    Relationship : 31.907
    Info (332115):    Clock Skew   : -0.096
    Info (332115):    Data Delay   : 203.380
Info (332115): Path #365: Setup slack is -171.769 (VIOLATED)
    Info (332115):    Slack        : -171.769 (VIOLATED)
    Info (332115):    From Node    : emu:emu|mc68881_fpu_lite:fpu_inst|mc68881_top:u_fpu|fp80_to_int_trunc~28_OTERM3157
    Info (332115):    To Node      : emu:emu|mc68881_fpu_lite:fpu_inst|mc68881_top:u_fpu|result_ex_reg[2]_OTERM1537_OTERM1885_OTERM2091_OTERM2473
    Info (332115):    Launch Clock : emu|pll|pll_inst|altera_pll_i|general[1].gpll~PLL_OUTPUT_COUNTER|divclk
    Info (332115):    Latch Clock  : emu|pll|pll_inst|altera_pll_i|general[1].gpll~PLL_OUTPUT_COUNTER|divclk
    Info (332115):    Relationship : 31.907
    Info (332115):    Clock Skew   : -0.096
    Info (332115):    Data Delay   : 203.380
Info (332115): Path #366: Setup slack is -171.769 (VIOLATED)
    Info (332115):    Slack        : -171.769 (VIOLATED)
    Info (332115):    From Node    : emu:emu|mc68881_fpu_lite:fpu_inst|mc68881_top:u_fpu|fp80_to_int_trunc~28_OTERM3157
    Info (332115):    To Node      : emu:emu|mc68881_fpu_lite:fpu_inst|mc68881_top:u_fpu|result_ex_reg[2]_OTERM1537_OTERM1885_OTERM2091_OTERM2473
    Info (332115):    Launch Clock : emu|pll|pll_inst|altera_pll_i|general[1].gpll~PLL_OUTPUT_COUNTER|divclk
    Info (332115):    Latch Clock  : emu|pll|pll_inst|altera_pll_i|general[1].gpll~PLL_OUTPUT_COUNTER|divclk
    Info (332115):    Relationship : 31.907
    Info (332115):    Clock Skew   : -0.096
    Info (332115):    Data Delay   : 203.380
Info (332115): Path #367: Setup slack is -171.769 (VIOLATED)
    Info (332115):    Slack        : -171.769 (VIOLATED)
    Info (332115):    From Node    : emu:emu|mc68881_fpu_lite:fpu_inst|mc68881_top:u_fpu|fp80_to_int_trunc~28_OTERM3157
    Info (332115):    To Node      : emu:emu|mc68881_fpu_lite:fpu_inst|mc68881_top:u_fpu|result_ex_reg[2]_OTERM1537_OTERM1885_OTERM2091_OTERM2473
    Info (332115):    Launch Clock : emu|pll|pll_inst|altera_pll_i|general[1].gpll~PLL_OUTPUT_COUNTER|divclk
    Info (332115):    Latch Clock  : emu|pll|pll_inst|altera_pll_i|general[1].gpll~PLL_OUTPUT_COUNTER|divclk
    Info (332115):    Relationship : 31.907
    Info (332115):    Clock Skew   : -0.096
    Info (332115):    Data Delay   : 203.380
Info (332115): Path #368: Setup slack is -171.769 (VIOLATED)
    Info (332115):    Slack        : -171.769 (VIOLATED)
    Info (332115):    From Node    : emu:emu|mc68881_fpu_lite:fpu_inst|mc68881_top:u_fpu|fp80_to_int_trunc~28_OTERM3157
    Info (332115):    To Node      : emu:emu|mc68881_fpu_lite:fpu_inst|mc68881_top:u_fpu|result_ex_reg[2]_OTERM1537_OTERM1885_OTERM2091_OTERM2473
    Info (332115):    Launch Clock : emu|pll|pll_inst|altera_pll_i|general[1].gpll~PLL_OUTPUT_COUNTER|divclk
    Info (332115):    Latch Clock  : emu|pll|pll_inst|altera_pll_i|general[1].gpll~PLL_OUTPUT_COUNTER|divclk
    Info (332115):    Relationship : 31.907
    Info (332115):    Clock Skew   : -0.096
    Info (332115):    Data Delay   : 203.380
Info (332115): Path #369: Setup slack is -171.769 (VIOLATED)
    Info (332115):    Slack        : -171.769 (VIOLATED)
    Info (332115):    From Node    : emu:emu|mc68881_fpu_lite:fpu_inst|mc68881_top:u_fpu|fp80_to_int_trunc~28_OTERM3157
    Info (332115):    To Node      : emu:emu|mc68881_fpu_lite:fpu_inst|mc68881_top:u_fpu|result_ex_reg[2]_OTERM1537_OTERM1885_OTERM2091_OTERM2473
    Info (332115):    Launch Clock : emu|pll|pll_inst|altera_pll_i|general[1].gpll~PLL_OUTPUT_COUNTER|divclk
    Info (332115):    Latch Clock  : emu|pll|pll_inst|altera_pll_i|general[1].gpll~PLL_OUTPUT_COUNTER|divclk
    Info (332115):    Relationship : 31.907
    Info (332115):    Clock Skew   : -0.096
    Info (332115):    Data Delay   : 203.380
Info (332115): Path #370: Setup slack is -171.769 (VIOLATED)
    Info (332115):    Slack        : -171.769 (VIOLATED)
    Info (332115):    From Node    : emu:emu|mc68881_fpu_lite:fpu_inst|mc68881_top:u_fpu|fp80_to_int_trunc~28_OTERM3157
    Info (332115):    To Node      : emu:emu|mc68881_fpu_lite:fpu_inst|mc68881_top:u_fpu|result_ex_reg[2]_OTERM1537_OTERM1885_OTERM2091_OTERM2473
    Info (332115):    Launch Clock : emu|pll|pll_inst|altera_pll_i|general[1].gpll~PLL_OUTPUT_COUNTER|divclk
    Info (332115):    Latch Clock  : emu|pll|pll_inst|altera_pll_i|general[1].gpll~PLL_OUTPUT_COUNTER|divclk
    Info (332115):    Relationship : 31.907
    Info (332115):    Clock Skew   : -0.096
    Info (332115):    Data Delay   : 203.380
Info (332115): Path #371: Setup slack is -171.769 (VIOLATED)
    Info (332115):    Slack        : -171.769 (VIOLATED)
    Info (332115):    From Node    : emu:emu|mc68881_fpu_lite:fpu_inst|mc68881_top:u_fpu|fp80_to_int_trunc~28_OTERM3157
    Info (332115):    To Node      : emu:emu|mc68881_fpu_lite:fpu_inst|mc68881_top:u_fpu|result_ex_reg[2]_OTERM1537_OTERM1885_OTERM2091_OTERM2473
    Info (332115):    Launch Clock : emu|pll|pll_inst|altera_pll_i|general[1].gpll~PLL_OUTPUT_COUNTER|divclk
    Info (332115):    Latch Clock  : emu|pll|pll_inst|altera_pll_i|general[1].gpll~PLL_OUTPUT_COUNTER|divclk
    Info (332115):    Relationship : 31.907
    Info (332115):    Clock Skew   : -0.096
    Info (332115):    Data Delay   : 203.380
Info (332115): Path #372: Setup slack is -171.769 (VIOLATED)
    Info (332115):    Slack        : -171.769 (VIOLATED)
    Info (332115):    From Node    : emu:emu|mc68881_fpu_lite:fpu_inst|mc68881_top:u_fpu|fp80_to_int_trunc~28_OTERM3157
    Info (332115):    To Node      : emu:emu|mc68881_fpu_lite:fpu_inst|mc68881_top:u_fpu|result_ex_reg[2]_OTERM1537_OTERM1885_OTERM2091_OTERM2473
    Info (332115):    Launch Clock : emu|pll|pll_inst|altera_pll_i|general[1].gpll~PLL_OUTPUT_COUNTER|divclk
    Info (332115):    Latch Clock  : emu|pll|pll_inst|altera_pll_i|general[1].gpll~PLL_OUTPUT_COUNTER|divclk
    Info (332115):    Relationship : 31.907
    Info (332115):    Clock Skew   : -0.096
    Info (332115):    Data Delay   : 203.380
Info (332115): Path #373: Setup slack is -171.769 (VIOLATED)
    Info (332115):    Slack        : -171.769 (VIOLATED)
    Info (332115):    From Node    : emu:emu|mc68881_fpu_lite:fpu_inst|mc68881_top:u_fpu|fp80_to_int_trunc~28_OTERM3157
    Info (332115):    To Node      : emu:emu|mc68881_fpu_lite:fpu_inst|mc68881_top:u_fpu|result_ex_reg[2]_OTERM1537_OTERM1885_OTERM2091_OTERM2473
    Info (332115):    Launch Clock : emu|pll|pll_inst|altera_pll_i|general[1].gpll~PLL_OUTPUT_COUNTER|divclk
    Info (332115):    Latch Clock  : emu|pll|pll_inst|altera_pll_i|general[1].gpll~PLL_OUTPUT_COUNTER|divclk
    Info (332115):    Relationship : 31.907
    Info (332115):    Clock Skew   : -0.096
    Info (332115):    Data Delay   : 203.380
Info (332115): Path #374: Setup slack is -171.769 (VIOLATED)
    Info (332115):    Slack        : -171.769 (VIOLATED)
    Info (332115):    From Node    : emu:emu|mc68881_fpu_lite:fpu_inst|mc68881_top:u_fpu|fp80_to_int_trunc~28_OTERM3157
    Info (332115):    To Node      : emu:emu|mc68881_fpu_lite:fpu_inst|mc68881_top:u_fpu|result_ex_reg[2]_OTERM1537_OTERM1885_OTERM2091_OTERM2473
    Info (332115):    Launch Clock : emu|pll|pll_inst|altera_pll_i|general[1].gpll~PLL_OUTPUT_COUNTER|divclk
    Info (332115):    Latch Clock  : emu|pll|pll_inst|altera_pll_i|general[1].gpll~PLL_OUTPUT_COUNTER|divclk
    Info (332115):    Relationship : 31.907
    Info (332115):    Clock Skew   : -0.096
    Info (332115):    Data Delay   : 203.380
Info (332115): Path #375: Setup slack is -171.769 (VIOLATED)
    Info (332115):    Slack        : -171.769 (VIOLATED)
    Info (332115):    From Node    : emu:emu|mc68881_fpu_lite:fpu_inst|mc68881_top:u_fpu|fp80_to_int_trunc~28_OTERM3157
    Info (332115):    To Node      : emu:emu|mc68881_fpu_lite:fpu_inst|mc68881_top:u_fpu|result_ex_reg[2]_OTERM1537_OTERM1885_OTERM2091_OTERM2473
    Info (332115):    Launch Clock : emu|pll|pll_inst|altera_pll_i|general[1].gpll~PLL_OUTPUT_COUNTER|divclk
    Info (332115):    Latch Clock  : emu|pll|pll_inst|altera_pll_i|general[1].gpll~PLL_OUTPUT_COUNTER|divclk
    Info (332115):    Relationship : 31.907
    Info (332115):    Clock Skew   : -0.096
    Info (332115):    Data Delay   : 203.380
Info (332115): Path #376: Setup slack is -171.769 (VIOLATED)
    Info (332115):    Slack        : -171.769 (VIOLATED)
    Info (332115):    From Node    : emu:emu|mc68881_fpu_lite:fpu_inst|mc68881_top:u_fpu|fp80_to_int_trunc~28_OTERM3157
    Info (332115):    To Node      : emu:emu|mc68881_fpu_lite:fpu_inst|mc68881_top:u_fpu|result_ex_reg[2]_OTERM1537_OTERM1885_OTERM2091_OTERM2473
    Info (332115):    Launch Clock : emu|pll|pll_inst|altera_pll_i|general[1].gpll~PLL_OUTPUT_COUNTER|divclk
    Info (332115):    Latch Clock  : emu|pll|pll_inst|altera_pll_i|general[1].gpll~PLL_OUTPUT_COUNTER|divclk
    Info (332115):    Relationship : 31.907
    Info (332115):    Clock Skew   : -0.096
    Info (332115):    Data Delay   : 203.380
Info (332115): Path #377: Setup slack is -171.769 (VIOLATED)
    Info (332115):    Slack        : -171.769 (VIOLATED)
    Info (332115):    From Node    : emu:emu|mc68881_fpu_lite:fpu_inst|mc68881_top:u_fpu|fp80_to_int_trunc~28_OTERM3157
    Info (332115):    To Node      : emu:emu|mc68881_fpu_lite:fpu_inst|mc68881_top:u_fpu|result_ex_reg[2]_OTERM1537_OTERM1885_OTERM2091_OTERM2473
    Info (332115):    Launch Clock : emu|pll|pll_inst|altera_pll_i|general[1].gpll~PLL_OUTPUT_COUNTER|divclk
    Info (332115):    Latch Clock  : emu|pll|pll_inst|altera_pll_i|general[1].gpll~PLL_OUTPUT_COUNTER|divclk
    Info (332115):    Relationship : 31.907
    Info (332115):    Clock Skew   : -0.096
    Info (332115):    Data Delay   : 203.380
Info (332115): Path #378: Setup slack is -171.769 (VIOLATED)
    Info (332115):    Slack        : -171.769 (VIOLATED)
    Info (332115):    From Node    : emu:emu|mc68881_fpu_lite:fpu_inst|mc68881_top:u_fpu|fp80_to_int_trunc~28_OTERM3157
    Info (332115):    To Node      : emu:emu|mc68881_fpu_lite:fpu_inst|mc68881_top:u_fpu|result_ex_reg[2]_OTERM1537_OTERM1885_OTERM2091_OTERM2473
    Info (332115):    Launch Clock : emu|pll|pll_inst|altera_pll_i|general[1].gpll~PLL_OUTPUT_COUNTER|divclk
    Info (332115):    Latch Clock  : emu|pll|pll_inst|altera_pll_i|general[1].gpll~PLL_OUTPUT_COUNTER|divclk
    Info (332115):    Relationship : 31.907
    Info (332115):    Clock Skew   : -0.096
    Info (332115):    Data Delay   : 203.380
Info (332115): Path #379: Setup slack is -171.769 (VIOLATED)
    Info (332115):    Slack        : -171.769 (VIOLATED)
    Info (332115):    From Node    : emu:emu|mc68881_fpu_lite:fpu_inst|mc68881_top:u_fpu|fp80_to_int_trunc~28_OTERM3157
    Info (332115):    To Node      : emu:emu|mc68881_fpu_lite:fpu_inst|mc68881_top:u_fpu|result_ex_reg[2]_OTERM1537_OTERM1885_OTERM2091_OTERM2473
    Info (332115):    Launch Clock : emu|pll|pll_inst|altera_pll_i|general[1].gpll~PLL_OUTPUT_COUNTER|divclk
    Info (332115):    Latch Clock  : emu|pll|pll_inst|altera_pll_i|general[1].gpll~PLL_OUTPUT_COUNTER|divclk
    Info (332115):    Relationship : 31.907
    Info (332115):    Clock Skew   : -0.096
    Info (332115):    Data Delay   : 203.380
Info (332115): Path #380: Setup slack is -171.769 (VIOLATED)
    Info (332115):    Slack        : -171.769 (VIOLATED)
    Info (332115):    From Node    : emu:emu|mc68881_fpu_lite:fpu_inst|mc68881_top:u_fpu|fp80_to_int_trunc~28_OTERM3157
    Info (332115):    To Node      : emu:emu|mc68881_fpu_lite:fpu_inst|mc68881_top:u_fpu|result_ex_reg[2]_OTERM1537_OTERM1885_OTERM2091_OTERM2473
    Info (332115):    Launch Clock : emu|pll|pll_inst|altera_pll_i|general[1].gpll~PLL_OUTPUT_COUNTER|divclk
    Info (332115):    Latch Clock  : emu|pll|pll_inst|altera_pll_i|general[1].gpll~PLL_OUTPUT_COUNTER|divclk
    Info (332115):    Relationship : 31.907
    Info (332115):    Clock Skew   : -0.096
    Info (332115):    Data Delay   : 203.380
Info (332115): Path #381: Setup slack is -171.769 (VIOLATED)
    Info (332115):    Slack        : -171.769 (VIOLATED)
    Info (332115):    From Node    : emu:emu|mc68881_fpu_lite:fpu_inst|mc68881_top:u_fpu|fp80_to_int_trunc~28_OTERM3157
    Info (332115):    To Node      : emu:emu|mc68881_fpu_lite:fpu_inst|mc68881_top:u_fpu|result_ex_reg[2]_OTERM1537_OTERM1885_OTERM2091_OTERM2473
    Info (332115):    Launch Clock : emu|pll|pll_inst|altera_pll_i|general[1].gpll~PLL_OUTPUT_COUNTER|divclk
    Info (332115):    Latch Clock  : emu|pll|pll_inst|altera_pll_i|general[1].gpll~PLL_OUTPUT_COUNTER|divclk
    Info (332115):    Relationship : 31.907
    Info (332115):    Clock Skew   : -0.096
    Info (332115):    Data Delay   : 203.380
Info (332115): Path #382: Setup slack is -171.769 (VIOLATED)
    Info (332115):    Slack        : -171.769 (VIOLATED)
    Info (332115):    From Node    : emu:emu|mc68881_fpu_lite:fpu_inst|mc68881_top:u_fpu|fp80_to_int_trunc~28_OTERM3157
    Info (332115):    To Node      : emu:emu|mc68881_fpu_lite:fpu_inst|mc68881_top:u_fpu|result_ex_reg[2]_OTERM1537_OTERM1885_OTERM2091_OTERM2473
    Info (332115):    Launch Clock : emu|pll|pll_inst|altera_pll_i|general[1].gpll~PLL_OUTPUT_COUNTER|divclk
    Info (332115):    Latch Clock  : emu|pll|pll_inst|altera_pll_i|general[1].gpll~PLL_OUTPUT_COUNTER|divclk
    Info (332115):    Relationship : 31.907
    Info (332115):    Clock Skew   : -0.096
    Info (332115):    Data Delay   : 203.380
Info (332115): Path #383: Setup slack is -171.769 (VIOLATED)
    Info (332115):    Slack        : -171.769 (VIOLATED)
    Info (332115):    From Node    : emu:emu|mc68881_fpu_lite:fpu_inst|mc68881_top:u_fpu|fp80_to_int_trunc~28_OTERM3157
    Info (332115):    To Node      : emu:emu|mc68881_fpu_lite:fpu_inst|mc68881_top:u_fpu|result_ex_reg[2]_OTERM1537_OTERM1885_OTERM2091_OTERM2473
    Info (332115):    Launch Clock : emu|pll|pll_inst|altera_pll_i|general[1].gpll~PLL_OUTPUT_COUNTER|divclk
    Info (332115):    Latch Clock  : emu|pll|pll_inst|altera_pll_i|general[1].gpll~PLL_OUTPUT_COUNTER|divclk
    Info (332115):    Relationship : 31.907
    Info (332115):    Clock Skew   : -0.096
    Info (332115):    Data Delay   : 203.380
Info (332115): Path #384: Setup slack is -171.769 (VIOLATED)
    Info (332115):    Slack        : -171.769 (VIOLATED)
    Info (332115):    From Node    : emu:emu|mc68881_fpu_lite:fpu_inst|mc68881_top:u_fpu|fp80_to_int_trunc~28_OTERM3157
    Info (332115):    To Node      : emu:emu|mc68881_fpu_lite:fpu_inst|mc68881_top:u_fpu|result_ex_reg[2]_OTERM1537_OTERM1885_OTERM2091_OTERM2473
    Info (332115):    Launch Clock : emu|pll|pll_inst|altera_pll_i|general[1].gpll~PLL_OUTPUT_COUNTER|divclk
    Info (332115):    Latch Clock  : emu|pll|pll_inst|altera_pll_i|general[1].gpll~PLL_OUTPUT_COUNTER|divclk
    Info (332115):    Relationship : 31.907
    Info (332115):    Clock Skew   : -0.096
    Info (332115):    Data Delay   : 203.380
Info (332115): Path #385: Setup slack is -171.769 (VIOLATED)
    Info (332115):    Slack        : -171.769 (VIOLATED)
    Info (332115):    From Node    : emu:emu|mc68881_fpu_lite:fpu_inst|mc68881_top:u_fpu|fp80_to_int_trunc~28_OTERM3157
    Info (332115):    To Node      : emu:emu|mc68881_fpu_lite:fpu_inst|mc68881_top:u_fpu|result_ex_reg[2]_OTERM1537_OTERM1885_OTERM2091_OTERM2473
    Info (332115):    Launch Clock : emu|pll|pll_inst|altera_pll_i|general[1].gpll~PLL_OUTPUT_COUNTER|divclk
    Info (332115):    Latch Clock  : emu|pll|pll_inst|altera_pll_i|general[1].gpll~PLL_OUTPUT_COUNTER|divclk
    Info (332115):    Relationship : 31.907
    Info (332115):    Clock Skew   : -0.096
    Info (332115):    Data Delay   : 203.380
Info (332115): Path #386: Setup slack is -171.769 (VIOLATED)
    Info (332115):    Slack        : -171.769 (VIOLATED)
    Info (332115):    From Node    : emu:emu|mc68881_fpu_lite:fpu_inst|mc68881_top:u_fpu|fp80_to_int_trunc~28_OTERM3157
    Info (332115):    To Node      : emu:emu|mc68881_fpu_lite:fpu_inst|mc68881_top:u_fpu|result_ex_reg[2]_OTERM1537_OTERM1885_OTERM2091_OTERM2473
    Info (332115):    Launch Clock : emu|pll|pll_inst|altera_pll_i|general[1].gpll~PLL_OUTPUT_COUNTER|divclk
    Info (332115):    Latch Clock  : emu|pll|pll_inst|altera_pll_i|general[1].gpll~PLL_OUTPUT_COUNTER|divclk
    Info (332115):    Relationship : 31.907
    Info (332115):    Clock Skew   : -0.096
    Info (332115):    Data Delay   : 203.380
Info (332115): Path #387: Setup slack is -171.769 (VIOLATED)
    Info (332115):    Slack        : -171.769 (VIOLATED)
    Info (332115):    From Node    : emu:emu|mc68881_fpu_lite:fpu_inst|mc68881_top:u_fpu|fp80_to_int_trunc~28_OTERM3157
    Info (332115):    To Node      : emu:emu|mc68881_fpu_lite:fpu_inst|mc68881_top:u_fpu|result_ex_reg[2]_OTERM1537_OTERM1885_OTERM2091_OTERM2473
    Info (332115):    Launch Clock : emu|pll|pll_inst|altera_pll_i|general[1].gpll~PLL_OUTPUT_COUNTER|divclk
    Info (332115):    Latch Clock  : emu|pll|pll_inst|altera_pll_i|general[1].gpll~PLL_OUTPUT_COUNTER|divclk
    Info (332115):    Relationship : 31.907
    Info (332115):    Clock Skew   : -0.096
    Info (332115):    Data Delay   : 203.380
Info (332115): Path #388: Setup slack is -171.769 (VIOLATED)
    Info (332115):    Slack        : -171.769 (VIOLATED)
    Info (332115):    From Node    : emu:emu|mc68881_fpu_lite:fpu_inst|mc68881_top:u_fpu|fp80_to_int_trunc~28_OTERM3157
    Info (332115):    To Node      : emu:emu|mc68881_fpu_lite:fpu_inst|mc68881_top:u_fpu|result_ex_reg[2]_OTERM1537_OTERM1885_OTERM2091_OTERM2473
    Info (332115):    Launch Clock : emu|pll|pll_inst|altera_pll_i|general[1].gpll~PLL_OUTPUT_COUNTER|divclk
    Info (332115):    Latch Clock  : emu|pll|pll_inst|altera_pll_i|general[1].gpll~PLL_OUTPUT_COUNTER|divclk
    Info (332115):    Relationship : 31.907
    Info (332115):    Clock Skew   : -0.096
    Info (332115):    Data Delay   : 203.380
Info (332115): Path #389: Setup slack is -171.769 (VIOLATED)
    Info (332115):    Slack        : -171.769 (VIOLATED)
    Info (332115):    From Node    : emu:emu|mc68881_fpu_lite:fpu_inst|mc68881_top:u_fpu|fp80_to_int_trunc~28_OTERM3157
    Info (332115):    To Node      : emu:emu|mc68881_fpu_lite:fpu_inst|mc68881_top:u_fpu|result_ex_reg[2]_OTERM1537_OTERM1885_OTERM2091_OTERM2473
    Info (332115):    Launch Clock : emu|pll|pll_inst|altera_pll_i|general[1].gpll~PLL_OUTPUT_COUNTER|divclk
    Info (332115):    Latch Clock  : emu|pll|pll_inst|altera_pll_i|general[1].gpll~PLL_OUTPUT_COUNTER|divclk
    Info (332115):    Relationship : 31.907
    Info (332115):    Clock Skew   : -0.096
    Info (332115):    Data Delay   : 203.380
Info (332115): Path #390: Setup slack is -171.769 (VIOLATED)
    Info (332115):    Slack        : -171.769 (VIOLATED)
    Info (332115):    From Node    : emu:emu|mc68881_fpu_lite:fpu_inst|mc68881_top:u_fpu|fp80_to_int_trunc~28_OTERM3157
    Info (332115):    To Node      : emu:emu|mc68881_fpu_lite:fpu_inst|mc68881_top:u_fpu|result_ex_reg[2]_OTERM1537_OTERM1885_OTERM2091_OTERM2473
    Info (332115):    Launch Clock : emu|pll|pll_inst|altera_pll_i|general[1].gpll~PLL_OUTPUT_COUNTER|divclk
    Info (332115):    Latch Clock  : emu|pll|pll_inst|altera_pll_i|general[1].gpll~PLL_OUTPUT_COUNTER|divclk
    Info (332115):    Relationship : 31.907
    Info (332115):    Clock Skew   : -0.096
    Info (332115):    Data Delay   : 203.380
Info (332115): Path #391: Setup slack is -171.769 (VIOLATED)
    Info (332115):    Slack        : -171.769 (VIOLATED)
    Info (332115):    From Node    : emu:emu|mc68881_fpu_lite:fpu_inst|mc68881_top:u_fpu|fp80_to_int_trunc~28_OTERM3157
    Info (332115):    To Node      : emu:emu|mc68881_fpu_lite:fpu_inst|mc68881_top:u_fpu|result_ex_reg[2]_OTERM1537_OTERM1885_OTERM2091_OTERM2473
    Info (332115):    Launch Clock : emu|pll|pll_inst|altera_pll_i|general[1].gpll~PLL_OUTPUT_COUNTER|divclk
    Info (332115):    Latch Clock  : emu|pll|pll_inst|altera_pll_i|general[1].gpll~PLL_OUTPUT_COUNTER|divclk
    Info (332115):    Relationship : 31.907
    Info (332115):    Clock Skew   : -0.096
    Info (332115):    Data Delay   : 203.380
Info (332115): Path #392: Setup slack is -171.769 (VIOLATED)
    Info (332115):    Slack        : -171.769 (VIOLATED)
    Info (332115):    From Node    : emu:emu|mc68881_fpu_lite:fpu_inst|mc68881_top:u_fpu|fp80_to_int_trunc~28_OTERM3157
    Info (332115):    To Node      : emu:emu|mc68881_fpu_lite:fpu_inst|mc68881_top:u_fpu|result_ex_reg[2]_OTERM1537_OTERM1885_OTERM2091_OTERM2473
    Info (332115):    Launch Clock : emu|pll|pll_inst|altera_pll_i|general[1].gpll~PLL_OUTPUT_COUNTER|divclk
    Info (332115):    Latch Clock  : emu|pll|pll_inst|altera_pll_i|general[1].gpll~PLL_OUTPUT_COUNTER|divclk
    Info (332115):    Relationship : 31.907
    Info (332115):    Clock Skew   : -0.096
    Info (332115):    Data Delay   : 203.380
Info (332115): Path #393: Setup slack is -171.769 (VIOLATED)
    Info (332115):    Slack        : -171.769 (VIOLATED)
    Info (332115):    From Node    : emu:emu|mc68881_fpu_lite:fpu_inst|mc68881_top:u_fpu|fp80_to_int_trunc~28_OTERM3157
    Info (332115):    To Node      : emu:emu|mc68881_fpu_lite:fpu_inst|mc68881_top:u_fpu|result_ex_reg[2]_OTERM1537_OTERM1885_OTERM2091_OTERM2473
    Info (332115):    Launch Clock : emu|pll|pll_inst|altera_pll_i|general[1].gpll~PLL_OUTPUT_COUNTER|divclk
    Info (332115):    Latch Clock  : emu|pll|pll_inst|altera_pll_i|general[1].gpll~PLL_OUTPUT_COUNTER|divclk
    Info (332115):    Relationship : 31.907
    Info (332115):    Clock Skew   : -0.096
    Info (332115):    Data Delay   : 203.380
Info (332115): Path #394: Setup slack is -171.769 (VIOLATED)
    Info (332115):    Slack        : -171.769 (VIOLATED)
    Info (332115):    From Node    : emu:emu|mc68881_fpu_lite:fpu_inst|mc68881_top:u_fpu|fp80_to_int_trunc~28_OTERM3157
    Info (332115):    To Node      : emu:emu|mc68881_fpu_lite:fpu_inst|mc68881_top:u_fpu|result_ex_reg[2]_OTERM1537_OTERM1885_OTERM2091_OTERM2473
    Info (332115):    Launch Clock : emu|pll|pll_inst|altera_pll_i|general[1].gpll~PLL_OUTPUT_COUNTER|divclk
    Info (332115):    Latch Clock  : emu|pll|pll_inst|altera_pll_i|general[1].gpll~PLL_OUTPUT_COUNTER|divclk
    Info (332115):    Relationship : 31.907
    Info (332115):    Clock Skew   : -0.096
    Info (332115):    Data Delay   : 203.380
Info (332115): Path #395: Setup slack is -171.769 (VIOLATED)
    Info (332115):    Slack        : -171.769 (VIOLATED)
    Info (332115):    From Node    : emu:emu|mc68881_fpu_lite:fpu_inst|mc68881_top:u_fpu|fp80_to_int_trunc~28_OTERM3157
    Info (332115):    To Node      : emu:emu|mc68881_fpu_lite:fpu_inst|mc68881_top:u_fpu|result_ex_reg[2]_OTERM1537_OTERM1885_OTERM2091_OTERM2473
    Info (332115):    Launch Clock : emu|pll|pll_inst|altera_pll_i|general[1].gpll~PLL_OUTPUT_COUNTER|divclk
    Info (332115):    Latch Clock  : emu|pll|pll_inst|altera_pll_i|general[1].gpll~PLL_OUTPUT_COUNTER|divclk
    Info (332115):    Relationship : 31.907
    Info (332115):    Clock Skew   : -0.096
    Info (332115):    Data Delay   : 203.380
Info (332115): Path #396: Setup slack is -171.769 (VIOLATED)
    Info (332115):    Slack        : -171.769 (VIOLATED)
    Info (332115):    From Node    : emu:emu|mc68881_fpu_lite:fpu_inst|mc68881_top:u_fpu|fp80_to_int_trunc~28_OTERM3157
    Info (332115):    To Node      : emu:emu|mc68881_fpu_lite:fpu_inst|mc68881_top:u_fpu|result_ex_reg[2]_OTERM1537_OTERM1885_OTERM2091_OTERM2473
    Info (332115):    Launch Clock : emu|pll|pll_inst|altera_pll_i|general[1].gpll~PLL_OUTPUT_COUNTER|divclk
    Info (332115):    Latch Clock  : emu|pll|pll_inst|altera_pll_i|general[1].gpll~PLL_OUTPUT_COUNTER|divclk
    Info (332115):    Relationship : 31.907
    Info (332115):    Clock Skew   : -0.096
    Info (332115):    Data Delay   : 203.380
Info (332115): Path #397: Setup slack is -171.769 (VIOLATED)
    Info (332115):    Slack        : -171.769 (VIOLATED)
    Info (332115):    From Node    : emu:emu|mc68881_fpu_lite:fpu_inst|mc68881_top:u_fpu|fp80_to_int_trunc~28_OTERM3157
    Info (332115):    To Node      : emu:emu|mc68881_fpu_lite:fpu_inst|mc68881_top:u_fpu|result_ex_reg[2]_OTERM1537_OTERM1885_OTERM2091_OTERM2473
    Info (332115):    Launch Clock : emu|pll|pll_inst|altera_pll_i|general[1].gpll~PLL_OUTPUT_COUNTER|divclk
    Info (332115):    Latch Clock  : emu|pll|pll_inst|altera_pll_i|general[1].gpll~PLL_OUTPUT_COUNTER|divclk
    Info (332115):    Relationship : 31.907
    Info (332115):    Clock Skew   : -0.096
    Info (332115):    Data Delay   : 203.380
Info (332115): Path #398: Setup slack is -171.769 (VIOLATED)
    Info (332115):    Slack        : -171.769 (VIOLATED)
    Info (332115):    From Node    : emu:emu|mc68881_fpu_lite:fpu_inst|mc68881_top:u_fpu|fp80_to_int_trunc~28_OTERM3157
    Info (332115):    To Node      : emu:emu|mc68881_fpu_lite:fpu_inst|mc68881_top:u_fpu|result_ex_reg[2]_OTERM1537_OTERM1885_OTERM2091_OTERM2473
    Info (332115):    Launch Clock : emu|pll|pll_inst|altera_pll_i|general[1].gpll~PLL_OUTPUT_COUNTER|divclk
    Info (332115):    Latch Clock  : emu|pll|pll_inst|altera_pll_i|general[1].gpll~PLL_OUTPUT_COUNTER|divclk
    Info (332115):    Relationship : 31.907
    Info (332115):    Clock Skew   : -0.096
    Info (332115):    Data Delay   : 203.380
Info (332115): Path #399: Setup slack is -171.769 (VIOLATED)
    Info (332115):    Slack        : -171.769 (VIOLATED)
    Info (332115):    From Node    : emu:emu|mc68881_fpu_lite:fpu_inst|mc68881_top:u_fpu|fp80_to_int_trunc~28_OTERM3157
    Info (332115):    To Node      : emu:emu|mc68881_fpu_lite:fpu_inst|mc68881_top:u_fpu|result_ex_reg[2]_OTERM1537_OTERM1885_OTERM2091_OTERM2473
    Info (332115):    Launch Clock : emu|pll|pll_inst|altera_pll_i|general[1].gpll~PLL_OUTPUT_COUNTER|divclk
    Info (332115):    Latch Clock  : emu|pll|pll_inst|altera_pll_i|general[1].gpll~PLL_OUTPUT_COUNTER|divclk
    Info (332115):    Relationship : 31.907
    Info (332115):    Clock Skew   : -0.096
    Info (332115):    Data Delay   : 203.380
Info (332115): Path #400: Setup slack is -171.769 (VIOLATED)
    Info (332115):    Slack        : -171.769 (VIOLATED)
    Info (332115):    From Node    : emu:emu|mc68881_fpu_lite:fpu_inst|mc68881_top:u_fpu|fp80_to_int_trunc~28_OTERM3157
    Info (332115):    To Node      : emu:emu|mc68881_fpu_lite:fpu_inst|mc68881_top:u_fpu|result_ex_reg[2]_OTERM1537_OTERM1885_OTERM2091_OTERM2473
    Info (332115):    Launch Clock : emu|pll|pll_inst|altera_pll_i|general[1].gpll~PLL_OUTPUT_COUNTER|divclk
    Info (332115):    Latch Clock  : emu|pll|pll_inst|altera_pll_i|general[1].gpll~PLL_OUTPUT_COUNTER|divclk
    Info (332115):    Relationship : 31.907
    Info (332115):    Clock Skew   : -0.096
    Info (332115):    Data Delay   : 203.380
Info (332115): Path #401: Setup slack is -171.769 (VIOLATED)
    Info (332115):    Slack        : -171.769 (VIOLATED)
    Info (332115):    From Node    : emu:emu|mc68881_fpu_lite:fpu_inst|mc68881_top:u_fpu|fp80_to_int_trunc~28_OTERM3157
    Info (332115):    To Node      : emu:emu|mc68881_fpu_lite:fpu_inst|mc68881_top:u_fpu|result_ex_reg[2]_OTERM1537_OTERM1885_OTERM2091_OTERM2473
    Info (332115):    Launch Clock : emu|pll|pll_inst|altera_pll_i|general[1].gpll~PLL_OUTPUT_COUNTER|divclk
    Info (332115):    Latch Clock  : emu|pll|pll_inst|altera_pll_i|general[1].gpll~PLL_OUTPUT_COUNTER|divclk
    Info (332115):    Relationship : 31.907
    Info (332115):    Clock Skew   : -0.096
    Info (332115):    Data Delay   : 203.380
Info (332115): Path #402: Setup slack is -171.769 (VIOLATED)
    Info (332115):    Slack        : -171.769 (VIOLATED)
    Info (332115):    From Node    : emu:emu|mc68881_fpu_lite:fpu_inst|mc68881_top:u_fpu|fp80_to_int_trunc~28_OTERM3157
    Info (332115):    To Node      : emu:emu|mc68881_fpu_lite:fpu_inst|mc68881_top:u_fpu|result_ex_reg[2]_OTERM1537_OTERM1885_OTERM2091_OTERM2473
    Info (332115):    Launch Clock : emu|pll|pll_inst|altera_pll_i|general[1].gpll~PLL_OUTPUT_COUNTER|divclk
    Info (332115):    Latch Clock  : emu|pll|pll_inst|altera_pll_i|general[1].gpll~PLL_OUTPUT_COUNTER|divclk
    Info (332115):    Relationship : 31.907
    Info (332115):    Clock Skew   : -0.096
    Info (332115):    Data Delay   : 203.380
Info (332115): Path #403: Setup slack is -171.769 (VIOLATED)
    Info (332115):    Slack        : -171.769 (VIOLATED)
    Info (332115):    From Node    : emu:emu|mc68881_fpu_lite:fpu_inst|mc68881_top:u_fpu|fp80_to_int_trunc~28_OTERM3157
    Info (332115):    To Node      : emu:emu|mc68881_fpu_lite:fpu_inst|mc68881_top:u_fpu|result_ex_reg[2]_OTERM1537_OTERM1885_OTERM2091_OTERM2473
    Info (332115):    Launch Clock : emu|pll|pll_inst|altera_pll_i|general[1].gpll~PLL_OUTPUT_COUNTER|divclk
    Info (332115):    Latch Clock  : emu|pll|pll_inst|altera_pll_i|general[1].gpll~PLL_OUTPUT_COUNTER|divclk
    Info (332115):    Relationship : 31.907
    Info (332115):    Clock Skew   : -0.096
    Info (332115):    Data Delay   : 203.380
Info (332115): Path #404: Setup slack is -171.769 (VIOLATED)
    Info (332115):    Slack        : -171.769 (VIOLATED)
    Info (332115):    From Node    : emu:emu|mc68881_fpu_lite:fpu_inst|mc68881_top:u_fpu|fp80_to_int_trunc~28_OTERM3157
    Info (332115):    To Node      : emu:emu|mc68881_fpu_lite:fpu_inst|mc68881_top:u_fpu|result_ex_reg[2]_OTERM1537_OTERM1885_OTERM2091_OTERM2473
    Info (332115):    Launch Clock : emu|pll|pll_inst|altera_pll_i|general[1].gpll~PLL_OUTPUT_COUNTER|divclk
    Info (332115):    Latch Clock  : emu|pll|pll_inst|altera_pll_i|general[1].gpll~PLL_OUTPUT_COUNTER|divclk
    Info (332115):    Relationship : 31.907
    Info (332115):    Clock Skew   : -0.096
    Info (332115):    Data Delay   : 203.380
Info (332115): Path #405: Setup slack is -171.769 (VIOLATED)
    Info (332115):    Slack        : -171.769 (VIOLATED)
    Info (332115):    From Node    : emu:emu|mc68881_fpu_lite:fpu_inst|mc68881_top:u_fpu|fp80_to_int_trunc~28_OTERM3157
    Info (332115):    To Node      : emu:emu|mc68881_fpu_lite:fpu_inst|mc68881_top:u_fpu|result_ex_reg[2]_OTERM1537_OTERM1885_OTERM2091_OTERM2473
    Info (332115):    Launch Clock : emu|pll|pll_inst|altera_pll_i|general[1].gpll~PLL_OUTPUT_COUNTER|divclk
    Info (332115):    Latch Clock  : emu|pll|pll_inst|altera_pll_i|general[1].gpll~PLL_OUTPUT_COUNTER|divclk
    Info (332115):    Relationship : 31.907
    Info (332115):    Clock Skew   : -0.096
    Info (332115):    Data Delay   : 203.380
Info (332115): Path #406: Setup slack is -171.769 (VIOLATED)
    Info (332115):    Slack        : -171.769 (VIOLATED)
    Info (332115):    From Node    : emu:emu|mc68881_fpu_lite:fpu_inst|mc68881_top:u_fpu|fp80_to_int_trunc~28_OTERM3157
    Info (332115):    To Node      : emu:emu|mc68881_fpu_lite:fpu_inst|mc68881_top:u_fpu|result_ex_reg[2]_OTERM1537_OTERM1885_OTERM2091_OTERM2473
    Info (332115):    Launch Clock : emu|pll|pll_inst|altera_pll_i|general[1].gpll~PLL_OUTPUT_COUNTER|divclk
    Info (332115):    Latch Clock  : emu|pll|pll_inst|altera_pll_i|general[1].gpll~PLL_OUTPUT_COUNTER|divclk
    Info (332115):    Relationship : 31.907
    Info (332115):    Clock Skew   : -0.096
    Info (332115):    Data Delay   : 203.380
Info (332115): Path #407: Setup slack is -171.769 (VIOLATED)
    Info (332115):    Slack        : -171.769 (VIOLATED)
    Info (332115):    From Node    : emu:emu|mc68881_fpu_lite:fpu_inst|mc68881_top:u_fpu|fp80_to_int_trunc~28_OTERM3157
    Info (332115):    To Node      : emu:emu|mc68881_fpu_lite:fpu_inst|mc68881_top:u_fpu|result_ex_reg[2]_OTERM1537_OTERM1885_OTERM2091_OTERM2473
    Info (332115):    Launch Clock : emu|pll|pll_inst|altera_pll_i|general[1].gpll~PLL_OUTPUT_COUNTER|divclk
    Info (332115):    Latch Clock  : emu|pll|pll_inst|altera_pll_i|general[1].gpll~PLL_OUTPUT_COUNTER|divclk
    Info (332115):    Relationship : 31.907
    Info (332115):    Clock Skew   : -0.096
    Info (332115):    Data Delay   : 203.380
Info (332115): Path #408: Setup slack is -171.769 (VIOLATED)
    Info (332115):    Slack        : -171.769 (VIOLATED)
    Info (332115):    From Node    : emu:emu|mc68881_fpu_lite:fpu_inst|mc68881_top:u_fpu|fp80_to_int_trunc~28_OTERM3157
    Info (332115):    To Node      : emu:emu|mc68881_fpu_lite:fpu_inst|mc68881_top:u_fpu|result_ex_reg[2]_OTERM1537_OTERM1885_OTERM2091_OTERM2473
    Info (332115):    Launch Clock : emu|pll|pll_inst|altera_pll_i|general[1].gpll~PLL_OUTPUT_COUNTER|divclk
    Info (332115):    Latch Clock  : emu|pll|pll_inst|altera_pll_i|general[1].gpll~PLL_OUTPUT_COUNTER|divclk
    Info (332115):    Relationship : 31.907
    Info (332115):    Clock Skew   : -0.096
    Info (332115):    Data Delay   : 203.380
Info (332115): Path #409: Setup slack is -171.769 (VIOLATED)
    Info (332115):    Slack        : -171.769 (VIOLATED)
    Info (332115):    From Node    : emu:emu|mc68881_fpu_lite:fpu_inst|mc68881_top:u_fpu|fp80_to_int_trunc~28_OTERM3157
    Info (332115):    To Node      : emu:emu|mc68881_fpu_lite:fpu_inst|mc68881_top:u_fpu|result_ex_reg[2]_OTERM1537_OTERM1885_OTERM2091_OTERM2473
    Info (332115):    Launch Clock : emu|pll|pll_inst|altera_pll_i|general[1].gpll~PLL_OUTPUT_COUNTER|divclk
    Info (332115):    Latch Clock  : emu|pll|pll_inst|altera_pll_i|general[1].gpll~PLL_OUTPUT_COUNTER|divclk
    Info (332115):    Relationship : 31.907
    Info (332115):    Clock Skew   : -0.096
    Info (332115):    Data Delay   : 203.380
Info (332115): Path #410: Setup slack is -171.769 (VIOLATED)
    Info (332115):    Slack        : -171.769 (VIOLATED)
    Info (332115):    From Node    : emu:emu|mc68881_fpu_lite:fpu_inst|mc68881_top:u_fpu|fp80_to_int_trunc~28_OTERM3157
    Info (332115):    To Node      : emu:emu|mc68881_fpu_lite:fpu_inst|mc68881_top:u_fpu|result_ex_reg[2]_OTERM1537_OTERM1885_OTERM2091_OTERM2473
    Info (332115):    Launch Clock : emu|pll|pll_inst|altera_pll_i|general[1].gpll~PLL_OUTPUT_COUNTER|divclk
    Info (332115):    Latch Clock  : emu|pll|pll_inst|altera_pll_i|general[1].gpll~PLL_OUTPUT_COUNTER|divclk
    Info (332115):    Relationship : 31.907
    Info (332115):    Clock Skew   : -0.096
    Info (332115):    Data Delay   : 203.380
Info (332115): Path #411: Setup slack is -171.769 (VIOLATED)
    Info (332115):    Slack        : -171.769 (VIOLATED)
    Info (332115):    From Node    : emu:emu|mc68881_fpu_lite:fpu_inst|mc68881_top:u_fpu|fp80_to_int_trunc~28_OTERM3157
    Info (332115):    To Node      : emu:emu|mc68881_fpu_lite:fpu_inst|mc68881_top:u_fpu|result_ex_reg[2]_OTERM1537_OTERM1885_OTERM2091_OTERM2473
    Info (332115):    Launch Clock : emu|pll|pll_inst|altera_pll_i|general[1].gpll~PLL_OUTPUT_COUNTER|divclk
    Info (332115):    Latch Clock  : emu|pll|pll_inst|altera_pll_i|general[1].gpll~PLL_OUTPUT_COUNTER|divclk
    Info (332115):    Relationship : 31.907
    Info (332115):    Clock Skew   : -0.096
    Info (332115):    Data Delay   : 203.380
Info (332115): Path #412: Setup slack is -171.769 (VIOLATED)
    Info (332115):    Slack        : -171.769 (VIOLATED)
    Info (332115):    From Node    : emu:emu|mc68881_fpu_lite:fpu_inst|mc68881_top:u_fpu|fp80_to_int_trunc~28_OTERM3157
    Info (332115):    To Node      : emu:emu|mc68881_fpu_lite:fpu_inst|mc68881_top:u_fpu|result_ex_reg[2]_OTERM1537_OTERM1885_OTERM2091_OTERM2473
    Info (332115):    Launch Clock : emu|pll|pll_inst|altera_pll_i|general[1].gpll~PLL_OUTPUT_COUNTER|divclk
    Info (332115):    Latch Clock  : emu|pll|pll_inst|altera_pll_i|general[1].gpll~PLL_OUTPUT_COUNTER|divclk
    Info (332115):    Relationship : 31.907
    Info (332115):    Clock Skew   : -0.096
    Info (332115):    Data Delay   : 203.380
Info (332115): Path #413: Setup slack is -171.769 (VIOLATED)
    Info (332115):    Slack        : -171.769 (VIOLATED)
    Info (332115):    From Node    : emu:emu|mc68881_fpu_lite:fpu_inst|mc68881_top:u_fpu|fp80_to_int_trunc~28_OTERM3157
    Info (332115):    To Node      : emu:emu|mc68881_fpu_lite:fpu_inst|mc68881_top:u_fpu|result_ex_reg[2]_OTERM1537_OTERM1885_OTERM2091_OTERM2473
    Info (332115):    Launch Clock : emu|pll|pll_inst|altera_pll_i|general[1].gpll~PLL_OUTPUT_COUNTER|divclk
    Info (332115):    Latch Clock  : emu|pll|pll_inst|altera_pll_i|general[1].gpll~PLL_OUTPUT_COUNTER|divclk
    Info (332115):    Relationship : 31.907
    Info (332115):    Clock Skew   : -0.096
    Info (332115):    Data Delay   : 203.380
Info (332115): Path #414: Setup slack is -171.769 (VIOLATED)
    Info (332115):    Slack        : -171.769 (VIOLATED)
    Info (332115):    From Node    : emu:emu|mc68881_fpu_lite:fpu_inst|mc68881_top:u_fpu|fp80_to_int_trunc~28_OTERM3157
    Info (332115):    To Node      : emu:emu|mc68881_fpu_lite:fpu_inst|mc68881_top:u_fpu|result_ex_reg[2]_OTERM1537_OTERM1885_OTERM2091_OTERM2473
    Info (332115):    Launch Clock : emu|pll|pll_inst|altera_pll_i|general[1].gpll~PLL_OUTPUT_COUNTER|divclk
    Info (332115):    Latch Clock  : emu|pll|pll_inst|altera_pll_i|general[1].gpll~PLL_OUTPUT_COUNTER|divclk
    Info (332115):    Relationship : 31.907
    Info (332115):    Clock Skew   : -0.096
    Info (332115):    Data Delay   : 203.380
Info (332115): Path #415: Setup slack is -171.769 (VIOLATED)
    Info (332115):    Slack        : -171.769 (VIOLATED)
    Info (332115):    From Node    : emu:emu|mc68881_fpu_lite:fpu_inst|mc68881_top:u_fpu|fp80_to_int_trunc~28_OTERM3157
    Info (332115):    To Node      : emu:emu|mc68881_fpu_lite:fpu_inst|mc68881_top:u_fpu|result_ex_reg[2]_OTERM1537_OTERM1885_OTERM2091_OTERM2473
    Info (332115):    Launch Clock : emu|pll|pll_inst|altera_pll_i|general[1].gpll~PLL_OUTPUT_COUNTER|divclk
    Info (332115):    Latch Clock  : emu|pll|pll_inst|altera_pll_i|general[1].gpll~PLL_OUTPUT_COUNTER|divclk
    Info (332115):    Relationship : 31.907
    Info (332115):    Clock Skew   : -0.096
    Info (332115):    Data Delay   : 203.380
Info (332115): Path #416: Setup slack is -171.769 (VIOLATED)
    Info (332115):    Slack        : -171.769 (VIOLATED)
    Info (332115):    From Node    : emu:emu|mc68881_fpu_lite:fpu_inst|mc68881_top:u_fpu|fp80_to_int_trunc~28_OTERM3157
    Info (332115):    To Node      : emu:emu|mc68881_fpu_lite:fpu_inst|mc68881_top:u_fpu|result_ex_reg[2]_OTERM1537_OTERM1885_OTERM2091_OTERM2473
    Info (332115):    Launch Clock : emu|pll|pll_inst|altera_pll_i|general[1].gpll~PLL_OUTPUT_COUNTER|divclk
    Info (332115):    Latch Clock  : emu|pll|pll_inst|altera_pll_i|general[1].gpll~PLL_OUTPUT_COUNTER|divclk
    Info (332115):    Relationship : 31.907
    Info (332115):    Clock Skew   : -0.096
    Info (332115):    Data Delay   : 203.380
Info (332115): Path #417: Setup slack is -171.769 (VIOLATED)
    Info (332115):    Slack        : -171.769 (VIOLATED)
    Info (332115):    From Node    : emu:emu|mc68881_fpu_lite:fpu_inst|mc68881_top:u_fpu|fp80_to_int_trunc~28_OTERM3157
    Info (332115):    To Node      : emu:emu|mc68881_fpu_lite:fpu_inst|mc68881_top:u_fpu|result_ex_reg[2]_OTERM1537_OTERM1885_OTERM2091_OTERM2473
    Info (332115):    Launch Clock : emu|pll|pll_inst|altera_pll_i|general[1].gpll~PLL_OUTPUT_COUNTER|divclk
    Info (332115):    Latch Clock  : emu|pll|pll_inst|altera_pll_i|general[1].gpll~PLL_OUTPUT_COUNTER|divclk
    Info (332115):    Relationship : 31.907
    Info (332115):    Clock Skew   : -0.096
    Info (332115):    Data Delay   : 203.380
Info (332115): Path #418: Setup slack is -171.769 (VIOLATED)
    Info (332115):    Slack        : -171.769 (VIOLATED)
    Info (332115):    From Node    : emu:emu|mc68881_fpu_lite:fpu_inst|mc68881_top:u_fpu|fp80_to_int_trunc~28_OTERM3157
    Info (332115):    To Node      : emu:emu|mc68881_fpu_lite:fpu_inst|mc68881_top:u_fpu|result_ex_reg[2]_OTERM1537_OTERM1885_OTERM2091_OTERM2473
    Info (332115):    Launch Clock : emu|pll|pll_inst|altera_pll_i|general[1].gpll~PLL_OUTPUT_COUNTER|divclk
    Info (332115):    Latch Clock  : emu|pll|pll_inst|altera_pll_i|general[1].gpll~PLL_OUTPUT_COUNTER|divclk
    Info (332115):    Relationship : 31.907
    Info (332115):    Clock Skew   : -0.096
    Info (332115):    Data Delay   : 203.380
Info (332115): Path #419: Setup slack is -171.769 (VIOLATED)
    Info (332115):    Slack        : -171.769 (VIOLATED)
    Info (332115):    From Node    : emu:emu|mc68881_fpu_lite:fpu_inst|mc68881_top:u_fpu|fp80_to_int_trunc~28_OTERM3157
    Info (332115):    To Node      : emu:emu|mc68881_fpu_lite:fpu_inst|mc68881_top:u_fpu|result_ex_reg[2]_OTERM1537_OTERM1885_OTERM2091_OTERM2473
    Info (332115):    Launch Clock : emu|pll|pll_inst|altera_pll_i|general[1].gpll~PLL_OUTPUT_COUNTER|divclk
    Info (332115):    Latch Clock  : emu|pll|pll_inst|altera_pll_i|general[1].gpll~PLL_OUTPUT_COUNTER|divclk
    Info (332115):    Relationship : 31.907
    Info (332115):    Clock Skew   : -0.096
    Info (332115):    Data Delay   : 203.380
Info (332115): Path #420: Setup slack is -171.769 (VIOLATED)
    Info (332115):    Slack        : -171.769 (VIOLATED)
    Info (332115):    From Node    : emu:emu|mc68881_fpu_lite:fpu_inst|mc68881_top:u_fpu|fp80_to_int_trunc~28_OTERM3157
    Info (332115):    To Node      : emu:emu|mc68881_fpu_lite:fpu_inst|mc68881_top:u_fpu|result_ex_reg[2]_OTERM1537_OTERM1885_OTERM2091_OTERM2473
    Info (332115):    Launch Clock : emu|pll|pll_inst|altera_pll_i|general[1].gpll~PLL_OUTPUT_COUNTER|divclk
    Info (332115):    Latch Clock  : emu|pll|pll_inst|altera_pll_i|general[1].gpll~PLL_OUTPUT_COUNTER|divclk
    Info (332115):    Relationship : 31.907
    Info (332115):    Clock Skew   : -0.096
    Info (332115):    Data Delay   : 203.380
Info (332115): Path #421: Setup slack is -171.769 (VIOLATED)
    Info (332115):    Slack        : -171.769 (VIOLATED)
    Info (332115):    From Node    : emu:emu|mc68881_fpu_lite:fpu_inst|mc68881_top:u_fpu|fp80_to_int_trunc~28_OTERM3157
    Info (332115):    To Node      : emu:emu|mc68881_fpu_lite:fpu_inst|mc68881_top:u_fpu|result_ex_reg[2]_OTERM1537_OTERM1885_OTERM2091_OTERM2473
    Info (332115):    Launch Clock : emu|pll|pll_inst|altera_pll_i|general[1].gpll~PLL_OUTPUT_COUNTER|divclk
    Info (332115):    Latch Clock  : emu|pll|pll_inst|altera_pll_i|general[1].gpll~PLL_OUTPUT_COUNTER|divclk
    Info (332115):    Relationship : 31.907
    Info (332115):    Clock Skew   : -0.096
    Info (332115):    Data Delay   : 203.380
Info (332115): Path #422: Setup slack is -171.769 (VIOLATED)
    Info (332115):    Slack        : -171.769 (VIOLATED)
    Info (332115):    From Node    : emu:emu|mc68881_fpu_lite:fpu_inst|mc68881_top:u_fpu|fp80_to_int_trunc~28_OTERM3157
    Info (332115):    To Node      : emu:emu|mc68881_fpu_lite:fpu_inst|mc68881_top:u_fpu|result_ex_reg[2]_OTERM1537_OTERM1885_OTERM2091_OTERM2473
    Info (332115):    Launch Clock : emu|pll|pll_inst|altera_pll_i|general[1].gpll~PLL_OUTPUT_COUNTER|divclk
    Info (332115):    Latch Clock  : emu|pll|pll_inst|altera_pll_i|general[1].gpll~PLL_OUTPUT_COUNTER|divclk
    Info (332115):    Relationship : 31.907
    Info (332115):    Clock Skew   : -0.096
    Info (332115):    Data Delay   : 203.380
Info (332115): Path #423: Setup slack is -171.769 (VIOLATED)
    Info (332115):    Slack        : -171.769 (VIOLATED)
    Info (332115):    From Node    : emu:emu|mc68881_fpu_lite:fpu_inst|mc68881_top:u_fpu|fp80_to_int_trunc~28_OTERM3157
    Info (332115):    To Node      : emu:emu|mc68881_fpu_lite:fpu_inst|mc68881_top:u_fpu|result_ex_reg[2]_OTERM1537_OTERM1885_OTERM2091_OTERM2473
    Info (332115):    Launch Clock : emu|pll|pll_inst|altera_pll_i|general[1].gpll~PLL_OUTPUT_COUNTER|divclk
    Info (332115):    Latch Clock  : emu|pll|pll_inst|altera_pll_i|general[1].gpll~PLL_OUTPUT_COUNTER|divclk
    Info (332115):    Relationship : 31.907
    Info (332115):    Clock Skew   : -0.096
    Info (332115):    Data Delay   : 203.380
Info (332115): Path #424: Setup slack is -171.769 (VIOLATED)
    Info (332115):    Slack        : -171.769 (VIOLATED)
    Info (332115):    From Node    : emu:emu|mc68881_fpu_lite:fpu_inst|mc68881_top:u_fpu|fp80_to_int_trunc~28_OTERM3157
    Info (332115):    To Node      : emu:emu|mc68881_fpu_lite:fpu_inst|mc68881_top:u_fpu|result_ex_reg[2]_OTERM1537_OTERM1885_OTERM2091_OTERM2473
    Info (332115):    Launch Clock : emu|pll|pll_inst|altera_pll_i|general[1].gpll~PLL_OUTPUT_COUNTER|divclk
    Info (332115):    Latch Clock  : emu|pll|pll_inst|altera_pll_i|general[1].gpll~PLL_OUTPUT_COUNTER|divclk
    Info (332115):    Relationship : 31.907
    Info (332115):    Clock Skew   : -0.096
    Info (332115):    Data Delay   : 203.380
Info (332115): Path #425: Setup slack is -171.769 (VIOLATED)
    Info (332115):    Slack        : -171.769 (VIOLATED)
    Info (332115):    From Node    : emu:emu|mc68881_fpu_lite:fpu_inst|mc68881_top:u_fpu|fp80_to_int_trunc~28_OTERM3157
    Info (332115):    To Node      : emu:emu|mc68881_fpu_lite:fpu_inst|mc68881_top:u_fpu|result_ex_reg[2]_OTERM1537_OTERM1885_OTERM2091_OTERM2473
    Info (332115):    Launch Clock : emu|pll|pll_inst|altera_pll_i|general[1].gpll~PLL_OUTPUT_COUNTER|divclk
    Info (332115):    Latch Clock  : emu|pll|pll_inst|altera_pll_i|general[1].gpll~PLL_OUTPUT_COUNTER|divclk
    Info (332115):    Relationship : 31.907
    Info (332115):    Clock Skew   : -0.096
    Info (332115):    Data Delay   : 203.380
Info (332115): Path #426: Setup slack is -171.769 (VIOLATED)
    Info (332115):    Slack        : -171.769 (VIOLATED)
    Info (332115):    From Node    : emu:emu|mc68881_fpu_lite:fpu_inst|mc68881_top:u_fpu|fp80_to_int_trunc~28_OTERM3157
    Info (332115):    To Node      : emu:emu|mc68881_fpu_lite:fpu_inst|mc68881_top:u_fpu|result_ex_reg[2]_OTERM1537_OTERM1885_OTERM2091_OTERM2473
    Info (332115):    Launch Clock : emu|pll|pll_inst|altera_pll_i|general[1].gpll~PLL_OUTPUT_COUNTER|divclk
    Info (332115):    Latch Clock  : emu|pll|pll_inst|altera_pll_i|general[1].gpll~PLL_OUTPUT_COUNTER|divclk
    Info (332115):    Relationship : 31.907
    Info (332115):    Clock Skew   : -0.096
    Info (332115):    Data Delay   : 203.380
Info (332115): Path #427: Setup slack is -171.769 (VIOLATED)
    Info (332115):    Slack        : -171.769 (VIOLATED)
    Info (332115):    From Node    : emu:emu|mc68881_fpu_lite:fpu_inst|mc68881_top:u_fpu|fp80_to_int_trunc~28_OTERM3157
    Info (332115):    To Node      : emu:emu|mc68881_fpu_lite:fpu_inst|mc68881_top:u_fpu|result_ex_reg[2]_OTERM1537_OTERM1885_OTERM2091_OTERM2473
    Info (332115):    Launch Clock : emu|pll|pll_inst|altera_pll_i|general[1].gpll~PLL_OUTPUT_COUNTER|divclk
    Info (332115):    Latch Clock  : emu|pll|pll_inst|altera_pll_i|general[1].gpll~PLL_OUTPUT_COUNTER|divclk
    Info (332115):    Relationship : 31.907
    Info (332115):    Clock Skew   : -0.096
    Info (332115):    Data Delay   : 203.380
Info (332115): Path #428: Setup slack is -171.769 (VIOLATED)
    Info (332115):    Slack        : -171.769 (VIOLATED)
    Info (332115):    From Node    : emu:emu|mc68881_fpu_lite:fpu_inst|mc68881_top:u_fpu|fp80_to_int_trunc~28_OTERM3157
    Info (332115):    To Node      : emu:emu|mc68881_fpu_lite:fpu_inst|mc68881_top:u_fpu|result_ex_reg[2]_OTERM1537_OTERM1885_OTERM2091_OTERM2473
    Info (332115):    Launch Clock : emu|pll|pll_inst|altera_pll_i|general[1].gpll~PLL_OUTPUT_COUNTER|divclk
    Info (332115):    Latch Clock  : emu|pll|pll_inst|altera_pll_i|general[1].gpll~PLL_OUTPUT_COUNTER|divclk
    Info (332115):    Relationship : 31.907
    Info (332115):    Clock Skew   : -0.096
    Info (332115):    Data Delay   : 203.380
Info (332115): Path #429: Setup slack is -171.769 (VIOLATED)
    Info (332115):    Slack        : -171.769 (VIOLATED)
    Info (332115):    From Node    : emu:emu|mc68881_fpu_lite:fpu_inst|mc68881_top:u_fpu|fp80_to_int_trunc~28_OTERM3157
    Info (332115):    To Node      : emu:emu|mc68881_fpu_lite:fpu_inst|mc68881_top:u_fpu|result_ex_reg[2]_OTERM1537_OTERM1885_OTERM2091_OTERM2473
    Info (332115):    Launch Clock : emu|pll|pll_inst|altera_pll_i|general[1].gpll~PLL_OUTPUT_COUNTER|divclk
    Info (332115):    Latch Clock  : emu|pll|pll_inst|altera_pll_i|general[1].gpll~PLL_OUTPUT_COUNTER|divclk
    Info (332115):    Relationship : 31.907
    Info (332115):    Clock Skew   : -0.096
    Info (332115):    Data Delay   : 203.380
Info (332115): Path #430: Setup slack is -171.769 (VIOLATED)
    Info (332115):    Slack        : -171.769 (VIOLATED)
    Info (332115):    From Node    : emu:emu|mc68881_fpu_lite:fpu_inst|mc68881_top:u_fpu|fp80_to_int_trunc~28_OTERM3157
    Info (332115):    To Node      : emu:emu|mc68881_fpu_lite:fpu_inst|mc68881_top:u_fpu|result_ex_reg[2]_OTERM1537_OTERM1885_OTERM2091_OTERM2473
    Info (332115):    Launch Clock : emu|pll|pll_inst|altera_pll_i|general[1].gpll~PLL_OUTPUT_COUNTER|divclk
    Info (332115):    Latch Clock  : emu|pll|pll_inst|altera_pll_i|general[1].gpll~PLL_OUTPUT_COUNTER|divclk
    Info (332115):    Relationship : 31.907
    Info (332115):    Clock Skew   : -0.096
    Info (332115):    Data Delay   : 203.380
Info (332115): Path #431: Setup slack is -171.769 (VIOLATED)
    Info (332115):    Slack        : -171.769 (VIOLATED)
    Info (332115):    From Node    : emu:emu|mc68881_fpu_lite:fpu_inst|mc68881_top:u_fpu|fp80_to_int_trunc~28_OTERM3157
    Info (332115):    To Node      : emu:emu|mc68881_fpu_lite:fpu_inst|mc68881_top:u_fpu|result_ex_reg[2]_OTERM1537_OTERM1885_OTERM2091_OTERM2473
    Info (332115):    Launch Clock : emu|pll|pll_inst|altera_pll_i|general[1].gpll~PLL_OUTPUT_COUNTER|divclk
    Info (332115):    Latch Clock  : emu|pll|pll_inst|altera_pll_i|general[1].gpll~PLL_OUTPUT_COUNTER|divclk
    Info (332115):    Relationship : 31.907
    Info (332115):    Clock Skew   : -0.096
    Info (332115):    Data Delay   : 203.380
Info (332115): Path #432: Setup slack is -171.769 (VIOLATED)
    Info (332115):    Slack        : -171.769 (VIOLATED)
    Info (332115):    From Node    : emu:emu|mc68881_fpu_lite:fpu_inst|mc68881_top:u_fpu|fp80_to_int_trunc~28_OTERM3157
    Info (332115):    To Node      : emu:emu|mc68881_fpu_lite:fpu_inst|mc68881_top:u_fpu|result_ex_reg[2]_OTERM1537_OTERM1885_OTERM2091_OTERM2473
    Info (332115):    Launch Clock : emu|pll|pll_inst|altera_pll_i|general[1].gpll~PLL_OUTPUT_COUNTER|divclk
    Info (332115):    Latch Clock  : emu|pll|pll_inst|altera_pll_i|general[1].gpll~PLL_OUTPUT_COUNTER|divclk
    Info (332115):    Relationship : 31.907
    Info (332115):    Clock Skew   : -0.096
    Info (332115):    Data Delay   : 203.380
Info (332115): Path #433: Setup slack is -171.769 (VIOLATED)
    Info (332115):    Slack        : -171.769 (VIOLATED)
    Info (332115):    From Node    : emu:emu|mc68881_fpu_lite:fpu_inst|mc68881_top:u_fpu|fp80_to_int_trunc~28_OTERM3157
    Info (332115):    To Node      : emu:emu|mc68881_fpu_lite:fpu_inst|mc68881_top:u_fpu|result_ex_reg[2]_OTERM1537_OTERM1885_OTERM2091_OTERM2473
    Info (332115):    Launch Clock : emu|pll|pll_inst|altera_pll_i|general[1].gpll~PLL_OUTPUT_COUNTER|divclk
    Info (332115):    Latch Clock  : emu|pll|pll_inst|altera_pll_i|general[1].gpll~PLL_OUTPUT_COUNTER|divclk
    Info (332115):    Relationship : 31.907
    Info (332115):    Clock Skew   : -0.096
    Info (332115):    Data Delay   : 203.380
Info (332115): Path #434: Setup slack is -171.769 (VIOLATED)
    Info (332115):    Slack        : -171.769 (VIOLATED)
    Info (332115):    From Node    : emu:emu|mc68881_fpu_lite:fpu_inst|mc68881_top:u_fpu|fp80_to_int_trunc~28_OTERM3157
    Info (332115):    To Node      : emu:emu|mc68881_fpu_lite:fpu_inst|mc68881_top:u_fpu|result_ex_reg[2]_OTERM1537_OTERM1885_OTERM2091_OTERM2473
    Info (332115):    Launch Clock : emu|pll|pll_inst|altera_pll_i|general[1].gpll~PLL_OUTPUT_COUNTER|divclk
    Info (332115):    Latch Clock  : emu|pll|pll_inst|altera_pll_i|general[1].gpll~PLL_OUTPUT_COUNTER|divclk
    Info (332115):    Relationship : 31.907
    Info (332115):    Clock Skew   : -0.096
    Info (332115):    Data Delay   : 203.380
Info (332115): Path #435: Setup slack is -171.769 (VIOLATED)
    Info (332115):    Slack        : -171.769 (VIOLATED)
    Info (332115):    From Node    : emu:emu|mc68881_fpu_lite:fpu_inst|mc68881_top:u_fpu|fp80_to_int_trunc~28_OTERM3157
    Info (332115):    To Node      : emu:emu|mc68881_fpu_lite:fpu_inst|mc68881_top:u_fpu|result_ex_reg[2]_OTERM1537_OTERM1885_OTERM2091_OTERM2473
    Info (332115):    Launch Clock : emu|pll|pll_inst|altera_pll_i|general[1].gpll~PLL_OUTPUT_COUNTER|divclk
    Info (332115):    Latch Clock  : emu|pll|pll_inst|altera_pll_i|general[1].gpll~PLL_OUTPUT_COUNTER|divclk
    Info (332115):    Relationship : 31.907
    Info (332115):    Clock Skew   : -0.096
    Info (332115):    Data Delay   : 203.380
Info (332115): Path #436: Setup slack is -171.769 (VIOLATED)
    Info (332115):    Slack        : -171.769 (VIOLATED)
    Info (332115):    From Node    : emu:emu|mc68881_fpu_lite:fpu_inst|mc68881_top:u_fpu|fp80_to_int_trunc~28_OTERM3157
    Info (332115):    To Node      : emu:emu|mc68881_fpu_lite:fpu_inst|mc68881_top:u_fpu|result_ex_reg[2]_OTERM1537_OTERM1885_OTERM2091_OTERM2473
    Info (332115):    Launch Clock : emu|pll|pll_inst|altera_pll_i|general[1].gpll~PLL_OUTPUT_COUNTER|divclk
    Info (332115):    Latch Clock  : emu|pll|pll_inst|altera_pll_i|general[1].gpll~PLL_OUTPUT_COUNTER|divclk
    Info (332115):    Relationship : 31.907
    Info (332115):    Clock Skew   : -0.096
    Info (332115):    Data Delay   : 203.380
Info (332115): Path #437: Setup slack is -171.769 (VIOLATED)
    Info (332115):    Slack        : -171.769 (VIOLATED)
    Info (332115):    From Node    : emu:emu|mc68881_fpu_lite:fpu_inst|mc68881_top:u_fpu|fp80_to_int_trunc~28_OTERM3157
    Info (332115):    To Node      : emu:emu|mc68881_fpu_lite:fpu_inst|mc68881_top:u_fpu|result_ex_reg[2]_OTERM1537_OTERM1885_OTERM2091_OTERM2473
    Info (332115):    Launch Clock : emu|pll|pll_inst|altera_pll_i|general[1].gpll~PLL_OUTPUT_COUNTER|divclk
    Info (332115):    Latch Clock  : emu|pll|pll_inst|altera_pll_i|general[1].gpll~PLL_OUTPUT_COUNTER|divclk
    Info (332115):    Relationship : 31.907
    Info (332115):    Clock Skew   : -0.096
    Info (332115):    Data Delay   : 203.380
Info (332115): Path #438: Setup slack is -171.769 (VIOLATED)
    Info (332115):    Slack        : -171.769 (VIOLATED)
    Info (332115):    From Node    : emu:emu|mc68881_fpu_lite:fpu_inst|mc68881_top:u_fpu|fp80_to_int_trunc~28_OTERM3157
    Info (332115):    To Node      : emu:emu|mc68881_fpu_lite:fpu_inst|mc68881_top:u_fpu|result_ex_reg[2]_OTERM1537_OTERM1885_OTERM2091_OTERM2473
    Info (332115):    Launch Clock : emu|pll|pll_inst|altera_pll_i|general[1].gpll~PLL_OUTPUT_COUNTER|divclk
    Info (332115):    Latch Clock  : emu|pll|pll_inst|altera_pll_i|general[1].gpll~PLL_OUTPUT_COUNTER|divclk
    Info (332115):    Relationship : 31.907
    Info (332115):    Clock Skew   : -0.096
    Info (332115):    Data Delay   : 203.380
Info (332115): Path #439: Setup slack is -171.769 (VIOLATED)
    Info (332115):    Slack        : -171.769 (VIOLATED)
    Info (332115):    From Node    : emu:emu|mc68881_fpu_lite:fpu_inst|mc68881_top:u_fpu|fp80_to_int_trunc~28_OTERM3157
    Info (332115):    To Node      : emu:emu|mc68881_fpu_lite:fpu_inst|mc68881_top:u_fpu|result_ex_reg[2]_OTERM1537_OTERM1885_OTERM2091_OTERM2473
    Info (332115):    Launch Clock : emu|pll|pll_inst|altera_pll_i|general[1].gpll~PLL_OUTPUT_COUNTER|divclk
    Info (332115):    Latch Clock  : emu|pll|pll_inst|altera_pll_i|general[1].gpll~PLL_OUTPUT_COUNTER|divclk
    Info (332115):    Relationship : 31.907
    Info (332115):    Clock Skew   : -0.096
    Info (332115):    Data Delay   : 203.380
Info (332115): Path #440: Setup slack is -171.769 (VIOLATED)
    Info (332115):    Slack        : -171.769 (VIOLATED)
    Info (332115):    From Node    : emu:emu|mc68881_fpu_lite:fpu_inst|mc68881_top:u_fpu|fp80_to_int_trunc~28_OTERM3157
    Info (332115):    To Node      : emu:emu|mc68881_fpu_lite:fpu_inst|mc68881_top:u_fpu|result_ex_reg[2]_OTERM1537_OTERM1885_OTERM2091_OTERM2473
    Info (332115):    Launch Clock : emu|pll|pll_inst|altera_pll_i|general[1].gpll~PLL_OUTPUT_COUNTER|divclk
    Info (332115):    Latch Clock  : emu|pll|pll_inst|altera_pll_i|general[1].gpll~PLL_OUTPUT_COUNTER|divclk
    Info (332115):    Relationship : 31.907
    Info (332115):    Clock Skew   : -0.096
    Info (332115):    Data Delay   : 203.380
Info (332115): Path #441: Setup slack is -171.769 (VIOLATED)
    Info (332115):    Slack        : -171.769 (VIOLATED)
    Info (332115):    From Node    : emu:emu|mc68881_fpu_lite:fpu_inst|mc68881_top:u_fpu|fp80_to_int_trunc~28_OTERM3157
    Info (332115):    To Node      : emu:emu|mc68881_fpu_lite:fpu_inst|mc68881_top:u_fpu|result_ex_reg[2]_OTERM1537_OTERM1885_OTERM2091_OTERM2473
    Info (332115):    Launch Clock : emu|pll|pll_inst|altera_pll_i|general[1].gpll~PLL_OUTPUT_COUNTER|divclk
    Info (332115):    Latch Clock  : emu|pll|pll_inst|altera_pll_i|general[1].gpll~PLL_OUTPUT_COUNTER|divclk
    Info (332115):    Relationship : 31.907
    Info (332115):    Clock Skew   : -0.096
    Info (332115):    Data Delay   : 203.380
Info (332115): Path #442: Setup slack is -171.769 (VIOLATED)
    Info (332115):    Slack        : -171.769 (VIOLATED)
    Info (332115):    From Node    : emu:emu|mc68881_fpu_lite:fpu_inst|mc68881_top:u_fpu|fp80_to_int_trunc~28_OTERM3157
    Info (332115):    To Node      : emu:emu|mc68881_fpu_lite:fpu_inst|mc68881_top:u_fpu|result_ex_reg[2]_OTERM1537_OTERM1885_OTERM2091_OTERM2473
    Info (332115):    Launch Clock : emu|pll|pll_inst|altera_pll_i|general[1].gpll~PLL_OUTPUT_COUNTER|divclk
    Info (332115):    Latch Clock  : emu|pll|pll_inst|altera_pll_i|general[1].gpll~PLL_OUTPUT_COUNTER|divclk
    Info (332115):    Relationship : 31.907
    Info (332115):    Clock Skew   : -0.096
    Info (332115):    Data Delay   : 203.380
Info (332115): Path #443: Setup slack is -171.769 (VIOLATED)
    Info (332115):    Slack        : -171.769 (VIOLATED)
    Info (332115):    From Node    : emu:emu|mc68881_fpu_lite:fpu_inst|mc68881_top:u_fpu|fp80_to_int_trunc~28_OTERM3157
    Info (332115):    To Node      : emu:emu|mc68881_fpu_lite:fpu_inst|mc68881_top:u_fpu|result_ex_reg[2]_OTERM1537_OTERM1885_OTERM2091_OTERM2473
    Info (332115):    Launch Clock : emu|pll|pll_inst|altera_pll_i|general[1].gpll~PLL_OUTPUT_COUNTER|divclk
    Info (332115):    Latch Clock  : emu|pll|pll_inst|altera_pll_i|general[1].gpll~PLL_OUTPUT_COUNTER|divclk
    Info (332115):    Relationship : 31.907
    Info (332115):    Clock Skew   : -0.096
    Info (332115):    Data Delay   : 203.380
Info (332115): Path #444: Setup slack is -171.769 (VIOLATED)
    Info (332115):    Slack        : -171.769 (VIOLATED)
    Info (332115):    From Node    : emu:emu|mc68881_fpu_lite:fpu_inst|mc68881_top:u_fpu|fp80_to_int_trunc~28_OTERM3157
    Info (332115):    To Node      : emu:emu|mc68881_fpu_lite:fpu_inst|mc68881_top:u_fpu|result_ex_reg[2]_OTERM1537_OTERM1885_OTERM2091_OTERM2473
    Info (332115):    Launch Clock : emu|pll|pll_inst|altera_pll_i|general[1].gpll~PLL_OUTPUT_COUNTER|divclk
    Info (332115):    Latch Clock  : emu|pll|pll_inst|altera_pll_i|general[1].gpll~PLL_OUTPUT_COUNTER|divclk
    Info (332115):    Relationship : 31.907
    Info (332115):    Clock Skew   : -0.096
    Info (332115):    Data Delay   : 203.380
Info (332115): Path #445: Setup slack is -171.769 (VIOLATED)
    Info (332115):    Slack        : -171.769 (VIOLATED)
    Info (332115):    From Node    : emu:emu|mc68881_fpu_lite:fpu_inst|mc68881_top:u_fpu|fp80_to_int_trunc~28_OTERM3157
    Info (332115):    To Node      : emu:emu|mc68881_fpu_lite:fpu_inst|mc68881_top:u_fpu|result_ex_reg[2]_OTERM1537_OTERM1885_OTERM2091_OTERM2473
    Info (332115):    Launch Clock : emu|pll|pll_inst|altera_pll_i|general[1].gpll~PLL_OUTPUT_COUNTER|divclk
    Info (332115):    Latch Clock  : emu|pll|pll_inst|altera_pll_i|general[1].gpll~PLL_OUTPUT_COUNTER|divclk
    Info (332115):    Relationship : 31.907
    Info (332115):    Clock Skew   : -0.096
    Info (332115):    Data Delay   : 203.380
Info (332115): Path #446: Setup slack is -171.769 (VIOLATED)
    Info (332115):    Slack        : -171.769 (VIOLATED)
    Info (332115):    From Node    : emu:emu|mc68881_fpu_lite:fpu_inst|mc68881_top:u_fpu|fp80_to_int_trunc~28_OTERM3157
    Info (332115):    To Node      : emu:emu|mc68881_fpu_lite:fpu_inst|mc68881_top:u_fpu|result_ex_reg[2]_OTERM1537_OTERM1885_OTERM2091_OTERM2473
    Info (332115):    Launch Clock : emu|pll|pll_inst|altera_pll_i|general[1].gpll~PLL_OUTPUT_COUNTER|divclk
    Info (332115):    Latch Clock  : emu|pll|pll_inst|altera_pll_i|general[1].gpll~PLL_OUTPUT_COUNTER|divclk
    Info (332115):    Relationship : 31.907
    Info (332115):    Clock Skew   : -0.096
    Info (332115):    Data Delay   : 203.380
Info (332115): Path #447: Setup slack is -171.769 (VIOLATED)
    Info (332115):    Slack        : -171.769 (VIOLATED)
    Info (332115):    From Node    : emu:emu|mc68881_fpu_lite:fpu_inst|mc68881_top:u_fpu|fp80_to_int_trunc~28_OTERM3157
    Info (332115):    To Node      : emu:emu|mc68881_fpu_lite:fpu_inst|mc68881_top:u_fpu|result_ex_reg[2]_OTERM1537_OTERM1885_OTERM2091_OTERM2473
    Info (332115):    Launch Clock : emu|pll|pll_inst|altera_pll_i|general[1].gpll~PLL_OUTPUT_COUNTER|divclk
    Info (332115):    Latch Clock  : emu|pll|pll_inst|altera_pll_i|general[1].gpll~PLL_OUTPUT_COUNTER|divclk
    Info (332115):    Relationship : 31.907
    Info (332115):    Clock Skew   : -0.096
    Info (332115):    Data Delay   : 203.380
Info (332115): Path #448: Setup slack is -171.769 (VIOLATED)
    Info (332115):    Slack        : -171.769 (VIOLATED)
    Info (332115):    From Node    : emu:emu|mc68881_fpu_lite:fpu_inst|mc68881_top:u_fpu|fp80_to_int_trunc~28_OTERM3157
    Info (332115):    To Node      : emu:emu|mc68881_fpu_lite:fpu_inst|mc68881_top:u_fpu|result_ex_reg[2]_OTERM1537_OTERM1885_OTERM2091_OTERM2473
    Info (332115):    Launch Clock : emu|pll|pll_inst|altera_pll_i|general[1].gpll~PLL_OUTPUT_COUNTER|divclk
    Info (332115):    Latch Clock  : emu|pll|pll_inst|altera_pll_i|general[1].gpll~PLL_OUTPUT_COUNTER|divclk
    Info (332115):    Relationship : 31.907
    Info (332115):    Clock Skew   : -0.096
    Info (332115):    Data Delay   : 203.380
Info (332115): Path #449: Setup slack is -171.769 (VIOLATED)
    Info (332115):    Slack        : -171.769 (VIOLATED)
    Info (332115):    From Node    : emu:emu|mc68881_fpu_lite:fpu_inst|mc68881_top:u_fpu|fp80_to_int_trunc~28_OTERM3157
    Info (332115):    To Node      : emu:emu|mc68881_fpu_lite:fpu_inst|mc68881_top:u_fpu|result_ex_reg[2]_OTERM1537_OTERM1885_OTERM2091_OTERM2473
    Info (332115):    Launch Clock : emu|pll|pll_inst|altera_pll_i|general[1].gpll~PLL_OUTPUT_COUNTER|divclk
    Info (332115):    Latch Clock  : emu|pll|pll_inst|altera_pll_i|general[1].gpll~PLL_OUTPUT_COUNTER|divclk
    Info (332115):    Relationship : 31.907
    Info (332115):    Clock Skew   : -0.096
    Info (332115):    Data Delay   : 203.380
Info (332115): Path #450: Setup slack is -171.769 (VIOLATED)
    Info (332115):    Slack        : -171.769 (VIOLATED)
    Info (332115):    From Node    : emu:emu|mc68881_fpu_lite:fpu_inst|mc68881_top:u_fpu|fp80_to_int_trunc~28_OTERM3157
    Info (332115):    To Node      : emu:emu|mc68881_fpu_lite:fpu_inst|mc68881_top:u_fpu|result_ex_reg[2]_OTERM1537_OTERM1885_OTERM2091_OTERM2473
    Info (332115):    Launch Clock : emu|pll|pll_inst|altera_pll_i|general[1].gpll~PLL_OUTPUT_COUNTER|divclk
    Info (332115):    Latch Clock  : emu|pll|pll_inst|altera_pll_i|general[1].gpll~PLL_OUTPUT_COUNTER|divclk
    Info (332115):    Relationship : 31.907
    Info (332115):    Clock Skew   : -0.096
    Info (332115):    Data Delay   : 203.380
Info (332115): Path #451: Setup slack is -171.769 (VIOLATED)
    Info (332115):    Slack        : -171.769 (VIOLATED)
    Info (332115):    From Node    : emu:emu|mc68881_fpu_lite:fpu_inst|mc68881_top:u_fpu|fp80_to_int_trunc~28_OTERM3157
    Info (332115):    To Node      : emu:emu|mc68881_fpu_lite:fpu_inst|mc68881_top:u_fpu|result_ex_reg[2]_OTERM1537_OTERM1885_OTERM2091_OTERM2473
    Info (332115):    Launch Clock : emu|pll|pll_inst|altera_pll_i|general[1].gpll~PLL_OUTPUT_COUNTER|divclk
    Info (332115):    Latch Clock  : emu|pll|pll_inst|altera_pll_i|general[1].gpll~PLL_OUTPUT_COUNTER|divclk
    Info (332115):    Relationship : 31.907
    Info (332115):    Clock Skew   : -0.096
    Info (332115):    Data Delay   : 203.380
Info (332115): Path #452: Setup slack is -171.769 (VIOLATED)
    Info (332115):    Slack        : -171.769 (VIOLATED)
    Info (332115):    From Node    : emu:emu|mc68881_fpu_lite:fpu_inst|mc68881_top:u_fpu|fp80_to_int_trunc~28_OTERM3157
    Info (332115):    To Node      : emu:emu|mc68881_fpu_lite:fpu_inst|mc68881_top:u_fpu|result_ex_reg[2]_OTERM1537_OTERM1885_OTERM2091_OTERM2473
    Info (332115):    Launch Clock : emu|pll|pll_inst|altera_pll_i|general[1].gpll~PLL_OUTPUT_COUNTER|divclk
    Info (332115):    Latch Clock  : emu|pll|pll_inst|altera_pll_i|general[1].gpll~PLL_OUTPUT_COUNTER|divclk
    Info (332115):    Relationship : 31.907
    Info (332115):    Clock Skew   : -0.096
    Info (332115):    Data Delay   : 203.380
Info (332115): Path #453: Setup slack is -171.769 (VIOLATED)
    Info (332115):    Slack        : -171.769 (VIOLATED)
    Info (332115):    From Node    : emu:emu|mc68881_fpu_lite:fpu_inst|mc68881_top:u_fpu|fp80_to_int_trunc~28_OTERM3157
    Info (332115):    To Node      : emu:emu|mc68881_fpu_lite:fpu_inst|mc68881_top:u_fpu|result_ex_reg[2]_OTERM1537_OTERM1885_OTERM2091_OTERM2473
    Info (332115):    Launch Clock : emu|pll|pll_inst|altera_pll_i|general[1].gpll~PLL_OUTPUT_COUNTER|divclk
    Info (332115):    Latch Clock  : emu|pll|pll_inst|altera_pll_i|general[1].gpll~PLL_OUTPUT_COUNTER|divclk
    Info (332115):    Relationship : 31.907
    Info (332115):    Clock Skew   : -0.096
    Info (332115):    Data Delay   : 203.380
Info (332115): Path #454: Setup slack is -171.769 (VIOLATED)
    Info (332115):    Slack        : -171.769 (VIOLATED)
    Info (332115):    From Node    : emu:emu|mc68881_fpu_lite:fpu_inst|mc68881_top:u_fpu|fp80_to_int_trunc~28_OTERM3157
    Info (332115):    To Node      : emu:emu|mc68881_fpu_lite:fpu_inst|mc68881_top:u_fpu|result_ex_reg[2]_OTERM1537_OTERM1885_OTERM2091_OTERM2473
    Info (332115):    Launch Clock : emu|pll|pll_inst|altera_pll_i|general[1].gpll~PLL_OUTPUT_COUNTER|divclk
    Info (332115):    Latch Clock  : emu|pll|pll_inst|altera_pll_i|general[1].gpll~PLL_OUTPUT_COUNTER|divclk
    Info (332115):    Relationship : 31.907
    Info (332115):    Clock Skew   : -0.096
    Info (332115):    Data Delay   : 203.380
Info (332115): Path #455: Setup slack is -171.769 (VIOLATED)
    Info (332115):    Slack        : -171.769 (VIOLATED)
    Info (332115):    From Node    : emu:emu|mc68881_fpu_lite:fpu_inst|mc68881_top:u_fpu|fp80_to_int_trunc~28_OTERM3157
    Info (332115):    To Node      : emu:emu|mc68881_fpu_lite:fpu_inst|mc68881_top:u_fpu|result_ex_reg[2]_OTERM1537_OTERM1885_OTERM2091_OTERM2473
    Info (332115):    Launch Clock : emu|pll|pll_inst|altera_pll_i|general[1].gpll~PLL_OUTPUT_COUNTER|divclk
    Info (332115):    Latch Clock  : emu|pll|pll_inst|altera_pll_i|general[1].gpll~PLL_OUTPUT_COUNTER|divclk
    Info (332115):    Relationship : 31.907
    Info (332115):    Clock Skew   : -0.096
    Info (332115):    Data Delay   : 203.380
Info (332115): Path #456: Setup slack is -171.769 (VIOLATED)
    Info (332115):    Slack        : -171.769 (VIOLATED)
    Info (332115):    From Node    : emu:emu|mc68881_fpu_lite:fpu_inst|mc68881_top:u_fpu|fp80_to_int_trunc~28_OTERM3157
    Info (332115):    To Node      : emu:emu|mc68881_fpu_lite:fpu_inst|mc68881_top:u_fpu|result_ex_reg[2]_OTERM1537_OTERM1885_OTERM2091_OTERM2473
    Info (332115):    Launch Clock : emu|pll|pll_inst|altera_pll_i|general[1].gpll~PLL_OUTPUT_COUNTER|divclk
    Info (332115):    Latch Clock  : emu|pll|pll_inst|altera_pll_i|general[1].gpll~PLL_OUTPUT_COUNTER|divclk
    Info (332115):    Relationship : 31.907
    Info (332115):    Clock Skew   : -0.096
    Info (332115):    Data Delay   : 203.380
Info (332115): Path #457: Setup slack is -171.769 (VIOLATED)
    Info (332115):    Slack        : -171.769 (VIOLATED)
    Info (332115):    From Node    : emu:emu|mc68881_fpu_lite:fpu_inst|mc68881_top:u_fpu|fp80_to_int_trunc~28_OTERM3157
    Info (332115):    To Node      : emu:emu|mc68881_fpu_lite:fpu_inst|mc68881_top:u_fpu|result_ex_reg[2]_OTERM1537_OTERM1885_OTERM2091_OTERM2473
    Info (332115):    Launch Clock : emu|pll|pll_inst|altera_pll_i|general[1].gpll~PLL_OUTPUT_COUNTER|divclk
    Info (332115):    Latch Clock  : emu|pll|pll_inst|altera_pll_i|general[1].gpll~PLL_OUTPUT_COUNTER|divclk
    Info (332115):    Relationship : 31.907
    Info (332115):    Clock Skew   : -0.096
    Info (332115):    Data Delay   : 203.380
Info (332115): Path #458: Setup slack is -171.769 (VIOLATED)
    Info (332115):    Slack        : -171.769 (VIOLATED)
    Info (332115):    From Node    : emu:emu|mc68881_fpu_lite:fpu_inst|mc68881_top:u_fpu|fp80_to_int_trunc~28_OTERM3157
    Info (332115):    To Node      : emu:emu|mc68881_fpu_lite:fpu_inst|mc68881_top:u_fpu|result_ex_reg[2]_OTERM1537_OTERM1885_OTERM2091_OTERM2473
    Info (332115):    Launch Clock : emu|pll|pll_inst|altera_pll_i|general[1].gpll~PLL_OUTPUT_COUNTER|divclk
    Info (332115):    Latch Clock  : emu|pll|pll_inst|altera_pll_i|general[1].gpll~PLL_OUTPUT_COUNTER|divclk
    Info (332115):    Relationship : 31.907
    Info (332115):    Clock Skew   : -0.096
    Info (332115):    Data Delay   : 203.380
Info (332115): Path #459: Setup slack is -171.769 (VIOLATED)
    Info (332115):    Slack        : -171.769 (VIOLATED)
    Info (332115):    From Node    : emu:emu|mc68881_fpu_lite:fpu_inst|mc68881_top:u_fpu|fp80_to_int_trunc~28_OTERM3157
    Info (332115):    To Node      : emu:emu|mc68881_fpu_lite:fpu_inst|mc68881_top:u_fpu|result_ex_reg[2]_OTERM1537_OTERM1885_OTERM2091_OTERM2473
    Info (332115):    Launch Clock : emu|pll|pll_inst|altera_pll_i|general[1].gpll~PLL_OUTPUT_COUNTER|divclk
    Info (332115):    Latch Clock  : emu|pll|pll_inst|altera_pll_i|general[1].gpll~PLL_OUTPUT_COUNTER|divclk
    Info (332115):    Relationship : 31.907
    Info (332115):    Clock Skew   : -0.096
    Info (332115):    Data Delay   : 203.380
Info (332115): Path #460: Setup slack is -171.769 (VIOLATED)
    Info (332115):    Slack        : -171.769 (VIOLATED)
    Info (332115):    From Node    : emu:emu|mc68881_fpu_lite:fpu_inst|mc68881_top:u_fpu|fp80_to_int_trunc~28_OTERM3157
    Info (332115):    To Node      : emu:emu|mc68881_fpu_lite:fpu_inst|mc68881_top:u_fpu|result_ex_reg[2]_OTERM1537_OTERM1885_OTERM2091_OTERM2473
    Info (332115):    Launch Clock : emu|pll|pll_inst|altera_pll_i|general[1].gpll~PLL_OUTPUT_COUNTER|divclk
    Info (332115):    Latch Clock  : emu|pll|pll_inst|altera_pll_i|general[1].gpll~PLL_OUTPUT_COUNTER|divclk
    Info (332115):    Relationship : 31.907
    Info (332115):    Clock Skew   : -0.096
    Info (332115):    Data Delay   : 203.380
Info (332115): Path #461: Setup slack is -171.769 (VIOLATED)
    Info (332115):    Slack        : -171.769 (VIOLATED)
    Info (332115):    From Node    : emu:emu|mc68881_fpu_lite:fpu_inst|mc68881_top:u_fpu|fp80_to_int_trunc~28_OTERM3157
    Info (332115):    To Node      : emu:emu|mc68881_fpu_lite:fpu_inst|mc68881_top:u_fpu|result_ex_reg[2]_OTERM1537_OTERM1885_OTERM2091_OTERM2473
    Info (332115):    Launch Clock : emu|pll|pll_inst|altera_pll_i|general[1].gpll~PLL_OUTPUT_COUNTER|divclk
    Info (332115):    Latch Clock  : emu|pll|pll_inst|altera_pll_i|general[1].gpll~PLL_OUTPUT_COUNTER|divclk
    Info (332115):    Relationship : 31.907
    Info (332115):    Clock Skew   : -0.096
    Info (332115):    Data Delay   : 203.380
Info (332115): Path #462: Setup slack is -171.769 (VIOLATED)
    Info (332115):    Slack        : -171.769 (VIOLATED)
    Info (332115):    From Node    : emu:emu|mc68881_fpu_lite:fpu_inst|mc68881_top:u_fpu|fp80_to_int_trunc~28_OTERM3157
    Info (332115):    To Node      : emu:emu|mc68881_fpu_lite:fpu_inst|mc68881_top:u_fpu|result_ex_reg[2]_OTERM1537_OTERM1885_OTERM2091_OTERM2473
    Info (332115):    Launch Clock : emu|pll|pll_inst|altera_pll_i|general[1].gpll~PLL_OUTPUT_COUNTER|divclk
    Info (332115):    Latch Clock  : emu|pll|pll_inst|altera_pll_i|general[1].gpll~PLL_OUTPUT_COUNTER|divclk
    Info (332115):    Relationship : 31.907
    Info (332115):    Clock Skew   : -0.096
    Info (332115):    Data Delay   : 203.380
Info (332115): Path #463: Setup slack is -171.769 (VIOLATED)
    Info (332115):    Slack        : -171.769 (VIOLATED)
    Info (332115):    From Node    : emu:emu|mc68881_fpu_lite:fpu_inst|mc68881_top:u_fpu|fp80_to_int_trunc~28_OTERM3157
    Info (332115):    To Node      : emu:emu|mc68881_fpu_lite:fpu_inst|mc68881_top:u_fpu|result_ex_reg[2]_OTERM1537_OTERM1885_OTERM2091_OTERM2473
    Info (332115):    Launch Clock : emu|pll|pll_inst|altera_pll_i|general[1].gpll~PLL_OUTPUT_COUNTER|divclk
    Info (332115):    Latch Clock  : emu|pll|pll_inst|altera_pll_i|general[1].gpll~PLL_OUTPUT_COUNTER|divclk
    Info (332115):    Relationship : 31.907
    Info (332115):    Clock Skew   : -0.096
    Info (332115):    Data Delay   : 203.380
Info (332115): Path #464: Setup slack is -171.769 (VIOLATED)
    Info (332115):    Slack        : -171.769 (VIOLATED)
    Info (332115):    From Node    : emu:emu|mc68881_fpu_lite:fpu_inst|mc68881_top:u_fpu|fp80_to_int_trunc~28_OTERM3157
    Info (332115):    To Node      : emu:emu|mc68881_fpu_lite:fpu_inst|mc68881_top:u_fpu|result_ex_reg[2]_OTERM1537_OTERM1885_OTERM2091_OTERM2473
    Info (332115):    Launch Clock : emu|pll|pll_inst|altera_pll_i|general[1].gpll~PLL_OUTPUT_COUNTER|divclk
    Info (332115):    Latch Clock  : emu|pll|pll_inst|altera_pll_i|general[1].gpll~PLL_OUTPUT_COUNTER|divclk
    Info (332115):    Relationship : 31.907
    Info (332115):    Clock Skew   : -0.096
    Info (332115):    Data Delay   : 203.380
Info (332115): Path #465: Setup slack is -171.769 (VIOLATED)
    Info (332115):    Slack        : -171.769 (VIOLATED)
    Info (332115):    From Node    : emu:emu|mc68881_fpu_lite:fpu_inst|mc68881_top:u_fpu|fp80_to_int_trunc~28_OTERM3157
    Info (332115):    To Node      : emu:emu|mc68881_fpu_lite:fpu_inst|mc68881_top:u_fpu|result_ex_reg[2]_OTERM1537_OTERM1885_OTERM2091_OTERM2473
    Info (332115):    Launch Clock : emu|pll|pll_inst|altera_pll_i|general[1].gpll~PLL_OUTPUT_COUNTER|divclk
    Info (332115):    Latch Clock  : emu|pll|pll_inst|altera_pll_i|general[1].gpll~PLL_OUTPUT_COUNTER|divclk
    Info (332115):    Relationship : 31.907
    Info (332115):    Clock Skew   : -0.096
    Info (332115):    Data Delay   : 203.380
Info (332115): Path #466: Setup slack is -171.769 (VIOLATED)
    Info (332115):    Slack        : -171.769 (VIOLATED)
    Info (332115):    From Node    : emu:emu|mc68881_fpu_lite:fpu_inst|mc68881_top:u_fpu|fp80_to_int_trunc~28_OTERM3157
    Info (332115):    To Node      : emu:emu|mc68881_fpu_lite:fpu_inst|mc68881_top:u_fpu|result_ex_reg[2]_OTERM1537_OTERM1885_OTERM2091_OTERM2473
    Info (332115):    Launch Clock : emu|pll|pll_inst|altera_pll_i|general[1].gpll~PLL_OUTPUT_COUNTER|divclk
    Info (332115):    Latch Clock  : emu|pll|pll_inst|altera_pll_i|general[1].gpll~PLL_OUTPUT_COUNTER|divclk
    Info (332115):    Relationship : 31.907
    Info (332115):    Clock Skew   : -0.096
    Info (332115):    Data Delay   : 203.380
Info (332115): Path #467: Setup slack is -171.769 (VIOLATED)
    Info (332115):    Slack        : -171.769 (VIOLATED)
    Info (332115):    From Node    : emu:emu|mc68881_fpu_lite:fpu_inst|mc68881_top:u_fpu|fp80_to_int_trunc~28_OTERM3157
    Info (332115):    To Node      : emu:emu|mc68881_fpu_lite:fpu_inst|mc68881_top:u_fpu|result_ex_reg[2]_OTERM1537_OTERM1885_OTERM2091_OTERM2473
    Info (332115):    Launch Clock : emu|pll|pll_inst|altera_pll_i|general[1].gpll~PLL_OUTPUT_COUNTER|divclk
    Info (332115):    Latch Clock  : emu|pll|pll_inst|altera_pll_i|general[1].gpll~PLL_OUTPUT_COUNTER|divclk
    Info (332115):    Relationship : 31.907
    Info (332115):    Clock Skew   : -0.096
    Info (332115):    Data Delay   : 203.380
Info (332115): Path #468: Setup slack is -171.769 (VIOLATED)
    Info (332115):    Slack        : -171.769 (VIOLATED)
    Info (332115):    From Node    : emu:emu|mc68881_fpu_lite:fpu_inst|mc68881_top:u_fpu|fp80_to_int_trunc~28_OTERM3157
    Info (332115):    To Node      : emu:emu|mc68881_fpu_lite:fpu_inst|mc68881_top:u_fpu|result_ex_reg[2]_OTERM1537_OTERM1885_OTERM2091_OTERM2473
    Info (332115):    Launch Clock : emu|pll|pll_inst|altera_pll_i|general[1].gpll~PLL_OUTPUT_COUNTER|divclk
    Info (332115):    Latch Clock  : emu|pll|pll_inst|altera_pll_i|general[1].gpll~PLL_OUTPUT_COUNTER|divclk
    Info (332115):    Relationship : 31.907
    Info (332115):    Clock Skew   : -0.096
    Info (332115):    Data Delay   : 203.380
Info (332115): Path #469: Setup slack is -171.769 (VIOLATED)
    Info (332115):    Slack        : -171.769 (VIOLATED)
    Info (332115):    From Node    : emu:emu|mc68881_fpu_lite:fpu_inst|mc68881_top:u_fpu|fp80_to_int_trunc~28_OTERM3157
    Info (332115):    To Node      : emu:emu|mc68881_fpu_lite:fpu_inst|mc68881_top:u_fpu|result_ex_reg[2]_OTERM1537_OTERM1885_OTERM2091_OTERM2473
    Info (332115):    Launch Clock : emu|pll|pll_inst|altera_pll_i|general[1].gpll~PLL_OUTPUT_COUNTER|divclk
    Info (332115):    Latch Clock  : emu|pll|pll_inst|altera_pll_i|general[1].gpll~PLL_OUTPUT_COUNTER|divclk
    Info (332115):    Relationship : 31.907
    Info (332115):    Clock Skew   : -0.096
    Info (332115):    Data Delay   : 203.380
Info (332115): Path #470: Setup slack is -171.769 (VIOLATED)
    Info (332115):    Slack        : -171.769 (VIOLATED)
    Info (332115):    From Node    : emu:emu|mc68881_fpu_lite:fpu_inst|mc68881_top:u_fpu|fp80_to_int_trunc~28_OTERM3157
    Info (332115):    To Node      : emu:emu|mc68881_fpu_lite:fpu_inst|mc68881_top:u_fpu|result_ex_reg[2]_OTERM1537_OTERM1885_OTERM2091_OTERM2473
    Info (332115):    Launch Clock : emu|pll|pll_inst|altera_pll_i|general[1].gpll~PLL_OUTPUT_COUNTER|divclk
    Info (332115):    Latch Clock  : emu|pll|pll_inst|altera_pll_i|general[1].gpll~PLL_OUTPUT_COUNTER|divclk
    Info (332115):    Relationship : 31.907
    Info (332115):    Clock Skew   : -0.096
    Info (332115):    Data Delay   : 203.380
Info (332115): Path #471: Setup slack is -171.769 (VIOLATED)
    Info (332115):    Slack        : -171.769 (VIOLATED)
    Info (332115):    From Node    : emu:emu|mc68881_fpu_lite:fpu_inst|mc68881_top:u_fpu|fp80_to_int_trunc~28_OTERM3157
    Info (332115):    To Node      : emu:emu|mc68881_fpu_lite:fpu_inst|mc68881_top:u_fpu|result_ex_reg[2]_OTERM1537_OTERM1885_OTERM2091_OTERM2473
    Info (332115):    Launch Clock : emu|pll|pll_inst|altera_pll_i|general[1].gpll~PLL_OUTPUT_COUNTER|divclk
    Info (332115):    Latch Clock  : emu|pll|pll_inst|altera_pll_i|general[1].gpll~PLL_OUTPUT_COUNTER|divclk
    Info (332115):    Relationship : 31.907
    Info (332115):    Clock Skew   : -0.096
    Info (332115):    Data Delay   : 203.380
Info (332115): Path #472: Setup slack is -171.769 (VIOLATED)
    Info (332115):    Slack        : -171.769 (VIOLATED)
    Info (332115):    From Node    : emu:emu|mc68881_fpu_lite:fpu_inst|mc68881_top:u_fpu|fp80_to_int_trunc~28_OTERM3157
    Info (332115):    To Node      : emu:emu|mc68881_fpu_lite:fpu_inst|mc68881_top:u_fpu|result_ex_reg[2]_OTERM1537_OTERM1885_OTERM2091_OTERM2473
    Info (332115):    Launch Clock : emu|pll|pll_inst|altera_pll_i|general[1].gpll~PLL_OUTPUT_COUNTER|divclk
    Info (332115):    Latch Clock  : emu|pll|pll_inst|altera_pll_i|general[1].gpll~PLL_OUTPUT_COUNTER|divclk
    Info (332115):    Relationship : 31.907
    Info (332115):    Clock Skew   : -0.096
    Info (332115):    Data Delay   : 203.380
Info (332115): Path #473: Setup slack is -171.769 (VIOLATED)
    Info (332115):    Slack        : -171.769 (VIOLATED)
    Info (332115):    From Node    : emu:emu|mc68881_fpu_lite:fpu_inst|mc68881_top:u_fpu|fp80_to_int_trunc~28_OTERM3157
    Info (332115):    To Node      : emu:emu|mc68881_fpu_lite:fpu_inst|mc68881_top:u_fpu|result_ex_reg[2]_OTERM1537_OTERM1885_OTERM2091_OTERM2473
    Info (332115):    Launch Clock : emu|pll|pll_inst|altera_pll_i|general[1].gpll~PLL_OUTPUT_COUNTER|divclk
    Info (332115):    Latch Clock  : emu|pll|pll_inst|altera_pll_i|general[1].gpll~PLL_OUTPUT_COUNTER|divclk
    Info (332115):    Relationship : 31.907
    Info (332115):    Clock Skew   : -0.096
    Info (332115):    Data Delay   : 203.380
Info (332115): Path #474: Setup slack is -171.769 (VIOLATED)
    Info (332115):    Slack        : -171.769 (VIOLATED)
    Info (332115):    From Node    : emu:emu|mc68881_fpu_lite:fpu_inst|mc68881_top:u_fpu|fp80_to_int_trunc~28_OTERM3157
    Info (332115):    To Node      : emu:emu|mc68881_fpu_lite:fpu_inst|mc68881_top:u_fpu|result_ex_reg[2]_OTERM1537_OTERM1885_OTERM2091_OTERM2473
    Info (332115):    Launch Clock : emu|pll|pll_inst|altera_pll_i|general[1].gpll~PLL_OUTPUT_COUNTER|divclk
    Info (332115):    Latch Clock  : emu|pll|pll_inst|altera_pll_i|general[1].gpll~PLL_OUTPUT_COUNTER|divclk
    Info (332115):    Relationship : 31.907
    Info (332115):    Clock Skew   : -0.096
    Info (332115):    Data Delay   : 203.380
Info (332115): Path #475: Setup slack is -171.769 (VIOLATED)
    Info (332115):    Slack        : -171.769 (VIOLATED)
    Info (332115):    From Node    : emu:emu|mc68881_fpu_lite:fpu_inst|mc68881_top:u_fpu|fp80_to_int_trunc~28_OTERM3157
    Info (332115):    To Node      : emu:emu|mc68881_fpu_lite:fpu_inst|mc68881_top:u_fpu|result_ex_reg[2]_OTERM1537_OTERM1885_OTERM2091_OTERM2473
    Info (332115):    Launch Clock : emu|pll|pll_inst|altera_pll_i|general[1].gpll~PLL_OUTPUT_COUNTER|divclk
    Info (332115):    Latch Clock  : emu|pll|pll_inst|altera_pll_i|general[1].gpll~PLL_OUTPUT_COUNTER|divclk
    Info (332115):    Relationship : 31.907
    Info (332115):    Clock Skew   : -0.096
    Info (332115):    Data Delay   : 203.380
Info (332115): Path #476: Setup slack is -171.769 (VIOLATED)
    Info (332115):    Slack        : -171.769 (VIOLATED)
    Info (332115):    From Node    : emu:emu|mc68881_fpu_lite:fpu_inst|mc68881_top:u_fpu|fp80_to_int_trunc~28_OTERM3157
    Info (332115):    To Node      : emu:emu|mc68881_fpu_lite:fpu_inst|mc68881_top:u_fpu|result_ex_reg[2]_OTERM1537_OTERM1885_OTERM2091_OTERM2473
    Info (332115):    Launch Clock : emu|pll|pll_inst|altera_pll_i|general[1].gpll~PLL_OUTPUT_COUNTER|divclk
    Info (332115):    Latch Clock  : emu|pll|pll_inst|altera_pll_i|general[1].gpll~PLL_OUTPUT_COUNTER|divclk
    Info (332115):    Relationship : 31.907
    Info (332115):    Clock Skew   : -0.096
    Info (332115):    Data Delay   : 203.380
Info (332115): Path #477: Setup slack is -171.769 (VIOLATED)
    Info (332115):    Slack        : -171.769 (VIOLATED)
    Info (332115):    From Node    : emu:emu|mc68881_fpu_lite:fpu_inst|mc68881_top:u_fpu|fp80_to_int_trunc~28_OTERM3157
    Info (332115):    To Node      : emu:emu|mc68881_fpu_lite:fpu_inst|mc68881_top:u_fpu|result_ex_reg[2]_OTERM1537_OTERM1885_OTERM2091_OTERM2473
    Info (332115):    Launch Clock : emu|pll|pll_inst|altera_pll_i|general[1].gpll~PLL_OUTPUT_COUNTER|divclk
    Info (332115):    Latch Clock  : emu|pll|pll_inst|altera_pll_i|general[1].gpll~PLL_OUTPUT_COUNTER|divclk
    Info (332115):    Relationship : 31.907
    Info (332115):    Clock Skew   : -0.096
    Info (332115):    Data Delay   : 203.380
Info (332115): Path #478: Setup slack is -171.769 (VIOLATED)
    Info (332115):    Slack        : -171.769 (VIOLATED)
    Info (332115):    From Node    : emu:emu|mc68881_fpu_lite:fpu_inst|mc68881_top:u_fpu|fp80_to_int_trunc~28_OTERM3157
    Info (332115):    To Node      : emu:emu|mc68881_fpu_lite:fpu_inst|mc68881_top:u_fpu|result_ex_reg[2]_OTERM1537_OTERM1885_OTERM2091_OTERM2473
    Info (332115):    Launch Clock : emu|pll|pll_inst|altera_pll_i|general[1].gpll~PLL_OUTPUT_COUNTER|divclk
    Info (332115):    Latch Clock  : emu|pll|pll_inst|altera_pll_i|general[1].gpll~PLL_OUTPUT_COUNTER|divclk
    Info (332115):    Relationship : 31.907
    Info (332115):    Clock Skew   : -0.096
    Info (332115):    Data Delay   : 203.380
Info (332115): Path #479: Setup slack is -171.769 (VIOLATED)
    Info (332115):    Slack        : -171.769 (VIOLATED)
    Info (332115):    From Node    : emu:emu|mc68881_fpu_lite:fpu_inst|mc68881_top:u_fpu|fp80_to_int_trunc~28_OTERM3157
    Info (332115):    To Node      : emu:emu|mc68881_fpu_lite:fpu_inst|mc68881_top:u_fpu|result_ex_reg[2]_OTERM1537_OTERM1885_OTERM2091_OTERM2473
    Info (332115):    Launch Clock : emu|pll|pll_inst|altera_pll_i|general[1].gpll~PLL_OUTPUT_COUNTER|divclk
    Info (332115):    Latch Clock  : emu|pll|pll_inst|altera_pll_i|general[1].gpll~PLL_OUTPUT_COUNTER|divclk
    Info (332115):    Relationship : 31.907
    Info (332115):    Clock Skew   : -0.096
    Info (332115):    Data Delay   : 203.380
Info (332115): Path #480: Setup slack is -171.769 (VIOLATED)
    Info (332115):    Slack        : -171.769 (VIOLATED)
    Info (332115):    From Node    : emu:emu|mc68881_fpu_lite:fpu_inst|mc68881_top:u_fpu|fp80_to_int_trunc~28_OTERM3157
    Info (332115):    To Node      : emu:emu|mc68881_fpu_lite:fpu_inst|mc68881_top:u_fpu|result_ex_reg[2]_OTERM1537_OTERM1885_OTERM2091_OTERM2473
    Info (332115):    Launch Clock : emu|pll|pll_inst|altera_pll_i|general[1].gpll~PLL_OUTPUT_COUNTER|divclk
    Info (332115):    Latch Clock  : emu|pll|pll_inst|altera_pll_i|general[1].gpll~PLL_OUTPUT_COUNTER|divclk
    Info (332115):    Relationship : 31.907
    Info (332115):    Clock Skew   : -0.096
    Info (332115):    Data Delay   : 203.380
Info (332115): Path #481: Setup slack is -171.769 (VIOLATED)
    Info (332115):    Slack        : -171.769 (VIOLATED)
    Info (332115):    From Node    : emu:emu|mc68881_fpu_lite:fpu_inst|mc68881_top:u_fpu|fp80_to_int_trunc~28_OTERM3157
    Info (332115):    To Node      : emu:emu|mc68881_fpu_lite:fpu_inst|mc68881_top:u_fpu|result_ex_reg[2]_OTERM1537_OTERM1885_OTERM2091_OTERM2473
    Info (332115):    Launch Clock : emu|pll|pll_inst|altera_pll_i|general[1].gpll~PLL_OUTPUT_COUNTER|divclk
    Info (332115):    Latch Clock  : emu|pll|pll_inst|altera_pll_i|general[1].gpll~PLL_OUTPUT_COUNTER|divclk
    Info (332115):    Relationship : 31.907
    Info (332115):    Clock Skew   : -0.096
    Info (332115):    Data Delay   : 203.380
Info (332115): Path #482: Setup slack is -171.769 (VIOLATED)
    Info (332115):    Slack        : -171.769 (VIOLATED)
    Info (332115):    From Node    : emu:emu|mc68881_fpu_lite:fpu_inst|mc68881_top:u_fpu|fp80_to_int_trunc~28_OTERM3157
    Info (332115):    To Node      : emu:emu|mc68881_fpu_lite:fpu_inst|mc68881_top:u_fpu|result_ex_reg[2]_OTERM1537_OTERM1885_OTERM2091_OTERM2473
    Info (332115):    Launch Clock : emu|pll|pll_inst|altera_pll_i|general[1].gpll~PLL_OUTPUT_COUNTER|divclk
    Info (332115):    Latch Clock  : emu|pll|pll_inst|altera_pll_i|general[1].gpll~PLL_OUTPUT_COUNTER|divclk
    Info (332115):    Relationship : 31.907
    Info (332115):    Clock Skew   : -0.096
    Info (332115):    Data Delay   : 203.380
Info (332115): Path #483: Setup slack is -171.769 (VIOLATED)
    Info (332115):    Slack        : -171.769 (VIOLATED)
    Info (332115):    From Node    : emu:emu|mc68881_fpu_lite:fpu_inst|mc68881_top:u_fpu|fp80_to_int_trunc~28_OTERM3157
    Info (332115):    To Node      : emu:emu|mc68881_fpu_lite:fpu_inst|mc68881_top:u_fpu|result_ex_reg[2]_OTERM1537_OTERM1885_OTERM2091_OTERM2473
    Info (332115):    Launch Clock : emu|pll|pll_inst|altera_pll_i|general[1].gpll~PLL_OUTPUT_COUNTER|divclk
    Info (332115):    Latch Clock  : emu|pll|pll_inst|altera_pll_i|general[1].gpll~PLL_OUTPUT_COUNTER|divclk
    Info (332115):    Relationship : 31.907
    Info (332115):    Clock Skew   : -0.096
    Info (332115):    Data Delay   : 203.380
Info (332115): Path #484: Setup slack is -171.769 (VIOLATED)
    Info (332115):    Slack        : -171.769 (VIOLATED)
    Info (332115):    From Node    : emu:emu|mc68881_fpu_lite:fpu_inst|mc68881_top:u_fpu|fp80_to_int_trunc~28_OTERM3157
    Info (332115):    To Node      : emu:emu|mc68881_fpu_lite:fpu_inst|mc68881_top:u_fpu|result_ex_reg[2]_OTERM1537_OTERM1885_OTERM2091_OTERM2473
    Info (332115):    Launch Clock : emu|pll|pll_inst|altera_pll_i|general[1].gpll~PLL_OUTPUT_COUNTER|divclk
    Info (332115):    Latch Clock  : emu|pll|pll_inst|altera_pll_i|general[1].gpll~PLL_OUTPUT_COUNTER|divclk
    Info (332115):    Relationship : 31.907
    Info (332115):    Clock Skew   : -0.096
    Info (332115):    Data Delay   : 203.380
Info (332115): Path #485: Setup slack is -171.769 (VIOLATED)
    Info (332115):    Slack        : -171.769 (VIOLATED)
    Info (332115):    From Node    : emu:emu|mc68881_fpu_lite:fpu_inst|mc68881_top:u_fpu|fp80_to_int_trunc~28_OTERM3157
    Info (332115):    To Node      : emu:emu|mc68881_fpu_lite:fpu_inst|mc68881_top:u_fpu|result_ex_reg[2]_OTERM1537_OTERM1885_OTERM2091_OTERM2473
    Info (332115):    Launch Clock : emu|pll|pll_inst|altera_pll_i|general[1].gpll~PLL_OUTPUT_COUNTER|divclk
    Info (332115):    Latch Clock  : emu|pll|pll_inst|altera_pll_i|general[1].gpll~PLL_OUTPUT_COUNTER|divclk
    Info (332115):    Relationship : 31.907
    Info (332115):    Clock Skew   : -0.096
    Info (332115):    Data Delay   : 203.380
Info (332115): Path #486: Setup slack is -171.769 (VIOLATED)
    Info (332115):    Slack        : -171.769 (VIOLATED)
    Info (332115):    From Node    : emu:emu|mc68881_fpu_lite:fpu_inst|mc68881_top:u_fpu|fp80_to_int_trunc~28_OTERM3157
    Info (332115):    To Node      : emu:emu|mc68881_fpu_lite:fpu_inst|mc68881_top:u_fpu|result_ex_reg[2]_OTERM1537_OTERM1885_OTERM2091_OTERM2473
    Info (332115):    Launch Clock : emu|pll|pll_inst|altera_pll_i|general[1].gpll~PLL_OUTPUT_COUNTER|divclk
    Info (332115):    Latch Clock  : emu|pll|pll_inst|altera_pll_i|general[1].gpll~PLL_OUTPUT_COUNTER|divclk
    Info (332115):    Relationship : 31.907
    Info (332115):    Clock Skew   : -0.096
    Info (332115):    Data Delay   : 203.380
Info (332115): Path #487: Setup slack is -171.769 (VIOLATED)
    Info (332115):    Slack        : -171.769 (VIOLATED)
    Info (332115):    From Node    : emu:emu|mc68881_fpu_lite:fpu_inst|mc68881_top:u_fpu|fp80_to_int_trunc~28_OTERM3157
    Info (332115):    To Node      : emu:emu|mc68881_fpu_lite:fpu_inst|mc68881_top:u_fpu|result_ex_reg[2]_OTERM1537_OTERM1885_OTERM2091_OTERM2473
    Info (332115):    Launch Clock : emu|pll|pll_inst|altera_pll_i|general[1].gpll~PLL_OUTPUT_COUNTER|divclk
    Info (332115):    Latch Clock  : emu|pll|pll_inst|altera_pll_i|general[1].gpll~PLL_OUTPUT_COUNTER|divclk
    Info (332115):    Relationship : 31.907
    Info (332115):    Clock Skew   : -0.096
    Info (332115):    Data Delay   : 203.380
Info (332115): Path #488: Setup slack is -171.769 (VIOLATED)
    Info (332115):    Slack        : -171.769 (VIOLATED)
    Info (332115):    From Node    : emu:emu|mc68881_fpu_lite:fpu_inst|mc68881_top:u_fpu|fp80_to_int_trunc~28_OTERM3157
    Info (332115):    To Node      : emu:emu|mc68881_fpu_lite:fpu_inst|mc68881_top:u_fpu|result_ex_reg[2]_OTERM1537_OTERM1885_OTERM2091_OTERM2473
    Info (332115):    Launch Clock : emu|pll|pll_inst|altera_pll_i|general[1].gpll~PLL_OUTPUT_COUNTER|divclk
    Info (332115):    Latch Clock  : emu|pll|pll_inst|altera_pll_i|general[1].gpll~PLL_OUTPUT_COUNTER|divclk
    Info (332115):    Relationship : 31.907
    Info (332115):    Clock Skew   : -0.096
    Info (332115):    Data Delay   : 203.380
Info (332115): Path #489: Setup slack is -171.769 (VIOLATED)
    Info (332115):    Slack        : -171.769 (VIOLATED)
    Info (332115):    From Node    : emu:emu|mc68881_fpu_lite:fpu_inst|mc68881_top:u_fpu|fp80_to_int_trunc~28_OTERM3157
    Info (332115):    To Node      : emu:emu|mc68881_fpu_lite:fpu_inst|mc68881_top:u_fpu|result_ex_reg[2]_OTERM1537_OTERM1885_OTERM2091_OTERM2473
    Info (332115):    Launch Clock : emu|pll|pll_inst|altera_pll_i|general[1].gpll~PLL_OUTPUT_COUNTER|divclk
    Info (332115):    Latch Clock  : emu|pll|pll_inst|altera_pll_i|general[1].gpll~PLL_OUTPUT_COUNTER|divclk
    Info (332115):    Relationship : 31.907
    Info (332115):    Clock Skew   : -0.096
    Info (332115):    Data Delay   : 203.380
Info (332115): Path #490: Setup slack is -171.769 (VIOLATED)
    Info (332115):    Slack        : -171.769 (VIOLATED)
    Info (332115):    From Node    : emu:emu|mc68881_fpu_lite:fpu_inst|mc68881_top:u_fpu|fp80_to_int_trunc~28_OTERM3157
    Info (332115):    To Node      : emu:emu|mc68881_fpu_lite:fpu_inst|mc68881_top:u_fpu|result_ex_reg[2]_OTERM1537_OTERM1885_OTERM2091_OTERM2473
    Info (332115):    Launch Clock : emu|pll|pll_inst|altera_pll_i|general[1].gpll~PLL_OUTPUT_COUNTER|divclk
    Info (332115):    Latch Clock  : emu|pll|pll_inst|altera_pll_i|general[1].gpll~PLL_OUTPUT_COUNTER|divclk
    Info (332115):    Relationship : 31.907
    Info (332115):    Clock Skew   : -0.096
    Info (332115):    Data Delay   : 203.380
Info (332115): Path #491: Setup slack is -171.769 (VIOLATED)
    Info (332115):    Slack        : -171.769 (VIOLATED)
    Info (332115):    From Node    : emu:emu|mc68881_fpu_lite:fpu_inst|mc68881_top:u_fpu|fp80_to_int_trunc~28_OTERM3157
    Info (332115):    To Node      : emu:emu|mc68881_fpu_lite:fpu_inst|mc68881_top:u_fpu|result_ex_reg[2]_OTERM1537_OTERM1885_OTERM2091_OTERM2473
    Info (332115):    Launch Clock : emu|pll|pll_inst|altera_pll_i|general[1].gpll~PLL_OUTPUT_COUNTER|divclk
    Info (332115):    Latch Clock  : emu|pll|pll_inst|altera_pll_i|general[1].gpll~PLL_OUTPUT_COUNTER|divclk
    Info (332115):    Relationship : 31.907
    Info (332115):    Clock Skew   : -0.096
    Info (332115):    Data Delay   : 203.380
Info (332115): Path #492: Setup slack is -171.769 (VIOLATED)
    Info (332115):    Slack        : -171.769 (VIOLATED)
    Info (332115):    From Node    : emu:emu|mc68881_fpu_lite:fpu_inst|mc68881_top:u_fpu|fp80_to_int_trunc~28_OTERM3157
    Info (332115):    To Node      : emu:emu|mc68881_fpu_lite:fpu_inst|mc68881_top:u_fpu|result_ex_reg[2]_OTERM1537_OTERM1885_OTERM2091_OTERM2473
    Info (332115):    Launch Clock : emu|pll|pll_inst|altera_pll_i|general[1].gpll~PLL_OUTPUT_COUNTER|divclk
    Info (332115):    Latch Clock  : emu|pll|pll_inst|altera_pll_i|general[1].gpll~PLL_OUTPUT_COUNTER|divclk
    Info (332115):    Relationship : 31.907
    Info (332115):    Clock Skew   : -0.096
    Info (332115):    Data Delay   : 203.380
Info (332115): Path #493: Setup slack is -171.769 (VIOLATED)
    Info (332115):    Slack        : -171.769 (VIOLATED)
    Info (332115):    From Node    : emu:emu|mc68881_fpu_lite:fpu_inst|mc68881_top:u_fpu|fp80_to_int_trunc~28_OTERM3157
    Info (332115):    To Node      : emu:emu|mc68881_fpu_lite:fpu_inst|mc68881_top:u_fpu|result_ex_reg[2]_OTERM1537_OTERM1885_OTERM2091_OTERM2473
    Info (332115):    Launch Clock : emu|pll|pll_inst|altera_pll_i|general[1].gpll~PLL_OUTPUT_COUNTER|divclk
    Info (332115):    Latch Clock  : emu|pll|pll_inst|altera_pll_i|general[1].gpll~PLL_OUTPUT_COUNTER|divclk
    Info (332115):    Relationship : 31.907
    Info (332115):    Clock Skew   : -0.096
    Info (332115):    Data Delay   : 203.380
Info (332115): Path #494: Setup slack is -171.769 (VIOLATED)
    Info (332115):    Slack        : -171.769 (VIOLATED)
    Info (332115):    From Node    : emu:emu|mc68881_fpu_lite:fpu_inst|mc68881_top:u_fpu|fp80_to_int_trunc~28_OTERM3157
    Info (332115):    To Node      : emu:emu|mc68881_fpu_lite:fpu_inst|mc68881_top:u_fpu|result_ex_reg[2]_OTERM1537_OTERM1885_OTERM2091_OTERM2473
    Info (332115):    Launch Clock : emu|pll|pll_inst|altera_pll_i|general[1].gpll~PLL_OUTPUT_COUNTER|divclk
    Info (332115):    Latch Clock  : emu|pll|pll_inst|altera_pll_i|general[1].gpll~PLL_OUTPUT_COUNTER|divclk
    Info (332115):    Relationship : 31.907
    Info (332115):    Clock Skew   : -0.096
    Info (332115):    Data Delay   : 203.380
Info (332115): Path #495: Setup slack is -171.769 (VIOLATED)
    Info (332115):    Slack        : -171.769 (VIOLATED)
    Info (332115):    From Node    : emu:emu|mc68881_fpu_lite:fpu_inst|mc68881_top:u_fpu|fp80_to_int_trunc~28_OTERM3157
    Info (332115):    To Node      : emu:emu|mc68881_fpu_lite:fpu_inst|mc68881_top:u_fpu|result_ex_reg[2]_OTERM1537_OTERM1885_OTERM2091_OTERM2473
    Info (332115):    Launch Clock : emu|pll|pll_inst|altera_pll_i|general[1].gpll~PLL_OUTPUT_COUNTER|divclk
    Info (332115):    Latch Clock  : emu|pll|pll_inst|altera_pll_i|general[1].gpll~PLL_OUTPUT_COUNTER|divclk
    Info (332115):    Relationship : 31.907
    Info (332115):    Clock Skew   : -0.096
    Info (332115):    Data Delay   : 203.380
Info (332115): Path #496: Setup slack is -171.769 (VIOLATED)
    Info (332115):    Slack        : -171.769 (VIOLATED)
    Info (332115):    From Node    : emu:emu|mc68881_fpu_lite:fpu_inst|mc68881_top:u_fpu|fp80_to_int_trunc~28_OTERM3157
    Info (332115):    To Node      : emu:emu|mc68881_fpu_lite:fpu_inst|mc68881_top:u_fpu|result_ex_reg[2]_OTERM1537_OTERM1885_OTERM2091_OTERM2473
    Info (332115):    Launch Clock : emu|pll|pll_inst|altera_pll_i|general[1].gpll~PLL_OUTPUT_COUNTER|divclk
    Info (332115):    Latch Clock  : emu|pll|pll_inst|altera_pll_i|general[1].gpll~PLL_OUTPUT_COUNTER|divclk
    Info (332115):    Relationship : 31.907
    Info (332115):    Clock Skew   : -0.096
    Info (332115):    Data Delay   : 203.380
Info (332115): Path #497: Setup slack is -171.769 (VIOLATED)
    Info (332115):    Slack        : -171.769 (VIOLATED)
    Info (332115):    From Node    : emu:emu|mc68881_fpu_lite:fpu_inst|mc68881_top:u_fpu|fp80_to_int_trunc~28_OTERM3157
    Info (332115):    To Node      : emu:emu|mc68881_fpu_lite:fpu_inst|mc68881_top:u_fpu|result_ex_reg[2]_OTERM1537_OTERM1885_OTERM2091_OTERM2473
    Info (332115):    Launch Clock : emu|pll|pll_inst|altera_pll_i|general[1].gpll~PLL_OUTPUT_COUNTER|divclk
    Info (332115):    Latch Clock  : emu|pll|pll_inst|altera_pll_i|general[1].gpll~PLL_OUTPUT_COUNTER|divclk
    Info (332115):    Relationship : 31.907
    Info (332115):    Clock Skew   : -0.096
    Info (332115):    Data Delay   : 203.380
Info (332115): Path #498: Setup slack is -171.769 (VIOLATED)
    Info (332115):    Slack        : -171.769 (VIOLATED)
    Info (332115):    From Node    : emu:emu|mc68881_fpu_lite:fpu_inst|mc68881_top:u_fpu|fp80_to_int_trunc~28_OTERM3157
    Info (332115):    To Node      : emu:emu|mc68881_fpu_lite:fpu_inst|mc68881_top:u_fpu|result_ex_reg[2]_OTERM1537_OTERM1885_OTERM2091_OTERM2473
    Info (332115):    Launch Clock : emu|pll|pll_inst|altera_pll_i|general[1].gpll~PLL_OUTPUT_COUNTER|divclk
    Info (332115):    Latch Clock  : emu|pll|pll_inst|altera_pll_i|general[1].gpll~PLL_OUTPUT_COUNTER|divclk
    Info (332115):    Relationship : 31.907
    Info (332115):    Clock Skew   : -0.096
    Info (332115):    Data Delay   : 203.380
Info (332115): Path #499: Setup slack is -171.769 (VIOLATED)
    Info (332115):    Slack        : -171.769 (VIOLATED)
    Info (332115):    From Node    : emu:emu|mc68881_fpu_lite:fpu_inst|mc68881_top:u_fpu|fp80_to_int_trunc~28_OTERM3157
    Info (332115):    To Node      : emu:emu|mc68881_fpu_lite:fpu_inst|mc68881_top:u_fpu|result_ex_reg[2]_OTERM1537_OTERM1885_OTERM2091_OTERM2473
    Info (332115):    Launch Clock : emu|pll|pll_inst|altera_pll_i|general[1].gpll~PLL_OUTPUT_COUNTER|divclk
    Info (332115):    Latch Clock  : emu|pll|pll_inst|altera_pll_i|general[1].gpll~PLL_OUTPUT_COUNTER|divclk
    Info (332115):    Relationship : 31.907
    Info (332115):    Clock Skew   : -0.096
    Info (332115):    Data Delay   : 203.380
Info (332115): Path #500: Setup slack is -171.769 (VIOLATED)
    Info (332115):    Slack        : -171.769 (VIOLATED)
    Info (332115):    From Node    : emu:emu|mc68881_fpu_lite:fpu_inst|mc68881_top:u_fpu|fp80_to_int_trunc~28_OTERM3157
    Info (332115):    To Node      : emu:emu|mc68881_fpu_lite:fpu_inst|mc68881_top:u_fpu|result_ex_reg[2]_OTERM1537_OTERM1885_OTERM2091_OTERM2473
    Info (332115):    Launch Clock : emu|pll|pll_inst|altera_pll_i|general[1].gpll~PLL_OUTPUT_COUNTER|divclk
    Info (332115):    Latch Clock  : emu|pll|pll_inst|altera_pll_i|general[1].gpll~PLL_OUTPUT_COUNTER|divclk
    Info (332115):    Relationship : 31.907
    Info (332115):    Clock Skew   : -0.096
    Info (332115):    Data Delay   : 203.380
Info (23030): Evaluation of Tcl script scripts/sta_diag.tcl was successful
Info: Quartus Prime TimeQuest Timing Analyzer was successful. 0 errors, 0 warnings
    Info: Peak virtual memory: 5893 megabytes
    Info: Processing ended: Thu May 28 15:21:27 2026
    Info: Elapsed time: 00:00:15
    Info: Total CPU time (on all processors): 00:00:17
